AlleleID,Type,Name,GeneID,GeneSymbol,HGNC_ID,ClinicalSignificance,ClinSigSimple,LastEvaluated,RS# (dbSNP),nsv/esv (dbVar),RCVaccession,PhenotypeIDS,PhenotypeList,Origin,OriginSimple,Assembly,ChromosomeAccession,Chromosome,Start,Stop,ReferenceAllele,AlternateAllele,Cytogenetic,ReviewStatus,NumberSubmitters,Guidelines,TestedInGTR,OtherIDs,SubmitterCategories,VariationID,PositionVCF,ReferenceAlleleVCF,AlternateAlleleVCF,SomaticClinicalImpact,SomaticClinicalImpactLastEvaluated,ReviewStatusClinicalImpact,Oncogenicity,OncogenicityLastEvaluated,ReviewStatusOncogenicity,SCVsForAggregateGermlineClassification,SCVsForAggregateSomaticClinicalImpact,SCVsForAggregateOncogenicityClassification,sig_class,hgvs_p,ref_aa,position,alt_aa,am_score,am_class,revel_score,mechanism,hgvs_g
23705,single nucleotide variant,NM_000525.4(KCNJ11):c.602G>A (p.Arg201His),3767,KCNJ11,HGNC:6257,Pathogenic,1,"May 02, 2024",80356624,-,RCV000009198|RCV000009200|RCV000146114|RCV000712160|RCV001089463|RCV002227021|RCV002051777,"MONDO:MONDO:0100164,MedGen:C1833104,OMIM:PS606176,Orphanet:99885|MONDO:MONDO:0012522,MedGen:C1864623,OMIM:610582,Orphanet:99886|Human Phenotype Ontology:HP:0000857,MedGen:C3278636|MedGen:C3661900|MONDO:MONDO:0030087,MedGen:C5394296,OMIM:618856|Human Phenotype Ontology:HP:0000842,MONDO:MONDO:0002177,MedGen:C0020459|MONDO:MONDO:0016391,MedGen:C0158981,Orphanet:224","Permanent neonatal diabetes mellitus|Diabetes mellitus, transient neonatal, 3|Neonatal insulin-dependent diabetes mellitus|not provided|Diabetes mellitus, permanent neonatal 2|Hyperinsulinemia|Neonatal diabetes mellitus",germline;somatic;unknown,germline/somatic,GRCh38,NC_000011.10,11,17387490,17387490,na,na,11p15.1,"criteria provided, multiple submitters, no conflicts",11,-,N,"ClinGen:CA119821,OMIM:600937.0002",3,8666,17387490,C,T,-,-,-,-,-,-,SCV000193331|SCV000842585|SCV001468001|SCV002023214|SCV002228659|SCV002318398|SCV002504203|SCV004047817,-,-,Pathogenic,p.Arg201His,R,201.0,H,0.9545,pathogenic,0.982,GoF,chr11:g.17387490C>T
23706,single nucleotide variant,NM_000525.4(KCNJ11):c.175G>A (p.Val59Met),3767,KCNJ11,HGNC:6257,Pathogenic,1,"Feb 28, 2025",80356616,-,RCV000009201|RCV000030665|RCV000146104|RCV000724752|RCV002227022|RCV002051778|RCV005867735,"MONDO:MONDO:0030087,MedGen:C5394296,OMIM:618856|MONDO:MONDO:0100164,MedGen:C1833104,OMIM:PS606176,Orphanet:99885|Human Phenotype Ontology:HP:0000857,MedGen:C3278636|MedGen:C3661900|Human Phenotype Ontology:HP:0008255,MONDO:MONDO:0020525,MedGen:C0342273|MONDO:MONDO:0016391,MedGen:C0158981,Orphanet:224|","Diabetes mellitus, permanent neonatal 2|Permanent neonatal diabetes mellitus|Neonatal insulin-dependent diabetes mellitus|not provided|Transitory neonatal diabetes mellitus|Neonatal diabetes mellitus|KCNJ11-related disorder",germline;somatic;unknown,germline/somatic,GRCh38,NC_000011.10,11,17387917,17387917,na,na,11p15.1,"criteria provided, multiple submitters, no conflicts",9,-,N,"ClinGen:CA119823,OMIM:600937.0003",3,8667,17387917,C,T,-,-,-,-,-,-,SCV000193321|SCV000224241|SCV002243636|SCV002318393|SCV004036933|SCV006582160,-,-,Pathogenic,p.Val59Met,V,59.0,M,0.3397,benign,0.766,GoF,chr11:g.17387917C>T
23714,single nucleotide variant,NM_000525.4(KCNJ11):c.761C>T (p.Pro254Leu),3767,KCNJ11,HGNC:6257,Likely pathogenic,1,"Jun 18, 2025",104894237,-,RCV000009210|RCV002226640|RCV002512937|RCV003466840,"MONDO:MONDO:0011153,MedGen:C2931833,OMIM:601820,Orphanet:276580,Orphanet:276603|Human Phenotype Ontology:HP:0004904,MONDO:MONDO:0018911,MedGen:C0342276,OMIM:PS125850,Orphanet:552|MedGen:C3661900|Human Phenotype Ontology:HP:0005965,Human Phenotype Ontology:HP:0005978,Human Phenotype Ontology:HP:0100652,MONDO:MONDO:0005148,MeSH:D003924,MedGen:C0011860,OMIM:125853","Hyperinsulinemic hypoglycemia, familial, 2|Maturity-onset diabetes of the young|not provided|Type 2 diabetes mellitus",germline;somatic;unknown,germline/somatic,GRCh38,NC_000011.10,11,17387331,17387331,na,na,11p15.1,"criteria provided, multiple submitters, no conflicts",5,-,N,"ClinGen:CA254520,OMIM:600937.0011",3,8675,17387331,G,A,-,-,-,-,-,-,SCV003439573|SCV004198051|SCV006323096,-,-,Pathogenic,p.Pro254Leu,P,254.0,L,0.9939,pathogenic,0.971,LoF,chr11:g.17387331G>A
23717,single nucleotide variant,NM_000525.4(KCNJ11):c.67A>G (p.Lys23Glu),3767,KCNJ11,HGNC:6257,Benign/Likely benign,0,"Feb 04, 2026",5219,-,RCV000009214|RCV000020356|RCV000146116|RCV000576501|RCV001093985|RCV001105584|RCV001512207|RCV002226643|RCV004734506,"MedGen:C3837967|MONDO:MONDO:0100164,MedGen:C1833104,OMIM:PS606176,Orphanet:99885|MedGen:CN169374|MONDO:MONDO:0011153,MedGen:C2931833,OMIM:601820,Orphanet:276580,Orphanet:276603|MONDO:MONDO:0012522,MedGen:C1864623,OMIM:610582,Orphanet:99886|MONDO:MONDO:0014589,MedGen:C4225365,OMIM:616329,Orphanet:552|MedGen:C3661900|Human Phenotype Ontology:HP:0005965,Human Phenotype Ontology:HP:0005978,Human Phenotype Ontology:HP:0100652,MONDO:MONDO:0005148,MeSH:D003924,MedGen:C0011860,OMIM:125853|","Diabetes mellitus type 2, susceptibility to|Permanent neonatal diabetes mellitus|not specified|Hyperinsulinemic hypoglycemia, familial, 2|Diabetes mellitus, transient neonatal, 3|Maturity-onset diabetes of the young type 13|not provided|Type 2 diabetes mellitus|KCNJ11-related disorder",germline;somatic;unknown,germline/somatic,GRCh38,NC_000011.10,11,17388025,17388025,na,na,11p15.1,"criteria provided, multiple submitters, no conflicts",13,-,N,"ClinGen:CA119831,OMIM:600937.0014",3,8678,17388025,T,C,-,-,-,-,-,-,SCV000193333|SCV000224239|SCV000483234|SCV000483235|SCV000677330|SCV001262568|SCV001719579|SCV001852181|SCV002505643|SCV005221359|SCV007308859,-,-,Benign,p.Lys23Glu,K,23.0,E,0.0781,benign,0.168,Benign,chr11:g.17388025T>C
24125,single nucleotide variant,NM_000352.6(ABCC8):c.4307G>A (p.Arg1436Gln),6833,ABCC8,HGNC:59,Pathogenic,1,"Dec 31, 2025",387906407,-,RCV000009654|RCV001040039|RCV001260357|RCV001826455|RCV003466843,"MONDO:MONDO:0009734,MedGen:C2931832,OMIM:256450,Orphanet:276575,Orphanet:276598|MedGen:C3661900|MONDO:MONDO:0017182,MedGen:C3888018,Orphanet:276525||Human Phenotype Ontology:HP:0005965,Human Phenotype Ontology:HP:0005978,Human Phenotype Ontology:HP:0100652,MONDO:MONDO:0005148,MeSH:D003924,MedGen:C0011860,OMIM:125853","Hyperinsulinemic hypoglycemia, familial, 1|not provided|Familial hyperinsulinism|Hereditary hyperinsulinism|Type 2 diabetes mellitus",germline;unknown,germline,GRCh38,NC_000011.10,11,17395610,17395610,na,na,11p15.1,"criteria provided, multiple submitters, no conflicts",10,-,N,"ClinGen:CA254627,OMIM:600509.0001,OMIM:600509.0007",3,9086,17395610,C,T,-,-,-,-,-,-,SCV001203594|SCV001437302|SCV002069174|SCV002817264|SCV004026506|SCV004194429|SCV004806507|SCV005051063,-,-,Pathogenic,p.Arg1436Gln,R,1436.0,Q,0.6849,pathogenic,0.976,LoF,chr11:g.17395610C>T
24134,single nucleotide variant,NM_000352.6(ABCC8):c.4258C>T (p.Arg1420Cys),6833,ABCC8,HGNC:59,Pathogenic/Likely pathogenic,1,"Jan 20, 2026",28938469,-,RCV000009663|RCV001235181|RCV001831557|RCV003473070|RCV005042018,"MONDO:MONDO:0009734,MedGen:C2931832,OMIM:256450,Orphanet:276575,Orphanet:276598|MedGen:C3661900||Human Phenotype Ontology:HP:0005965,Human Phenotype Ontology:HP:0005978,Human Phenotype Ontology:HP:0100652,MONDO:MONDO:0005148,MeSH:D003924,MedGen:C0011860,OMIM:125853|MONDO:MONDO:0030088,MedGen:C5394303,OMIM:618857;MONDO:MONDO:0012480,MedGen:C1835887,OMIM:610374,Orphanet:99886;Human Phenotype Ontology:HP:0005965,Human Phenotype Ontology:HP:0005978,Human Phenotype Ontology:HP:0100652,MONDO:MONDO:0005148,MeSH:D003924,MedGen:C0011860,OMIM:125853;MONDO:MONDO:0009734,MedGen:C2931832,OMIM:256450,Orphanet:276575,Orphanet:276598;MONDO:MONDO:0009415,MedGen:C0271714,OMIM:240800","Hyperinsulinemic hypoglycemia, familial, 1|not provided|Hereditary hyperinsulinism|Type 2 diabetes mellitus|Diabetes mellitus, permanent neonatal 3;Diabetes mellitus, transient neonatal, 2;Type 2 diabetes mellitus;Hyperinsulinemic hypoglycemia, familial, 1;Leucine-induced hypoglycemia",germline;inherited;unknown,germline,GRCh38,NC_000011.10,11,17395659,17395659,na,na,11p15.1,"criteria provided, multiple submitters, no conflicts",10,-,N,"ClinGen:CA254631,OMIM:600509.0009",3,9095,17395659,G,A,-,-,-,-,-,-,SCV000746732|SCV000915514|SCV001407856|SCV004204074|SCV005325034|SCV005676666|SCV006322970,-,-,Pathogenic,p.Arg1420Cys,R,1420.0,C,0.3343,benign,0.913,LoF,chr11:g.17395659G>A
24135,single nucleotide variant,NM_000352.6(ABCC8):c.4477C>T (p.Arg1493Trp),6833,ABCC8,HGNC:59,Pathogenic,1,"Jan 20, 2026",28936371,-,RCV000009664|RCV000710390|RCV001831558|RCV003466844|RCV004549354|RCV005042019,"MONDO:MONDO:0009734,MedGen:C2931832,OMIM:256450,Orphanet:276575,Orphanet:276598|MedGen:C3661900||Human Phenotype Ontology:HP:0005965,Human Phenotype Ontology:HP:0005978,Human Phenotype Ontology:HP:0100652,MONDO:MONDO:0005148,MeSH:D003924,MedGen:C0011860,OMIM:125853|MONDO:MONDO:0012480,MedGen:C1835887,OMIM:610374,Orphanet:99886|MONDO:MONDO:0030088,MedGen:C5394303,OMIM:618857;MONDO:MONDO:0012480,MedGen:C1835887,OMIM:610374,Orphanet:99886;Human Phenotype Ontology:HP:0005965,Human Phenotype Ontology:HP:0005978,Human Phenotype Ontology:HP:0100652,MONDO:MONDO:0005148,MeSH:D003924,MedGen:C0011860,OMIM:125853;MONDO:MONDO:0009734,MedGen:C2931832,OMIM:256450,Orphanet:276575,Orphanet:276598;MONDO:MONDO:0009415,MedGen:C0271714,OMIM:240800","Hyperinsulinemic hypoglycemia, familial, 1|not provided|Hereditary hyperinsulinism|Type 2 diabetes mellitus|Diabetes mellitus, transient neonatal, 2|Diabetes mellitus, permanent neonatal 3;Diabetes mellitus, transient neonatal, 2;Type 2 diabetes mellitus;Hyperinsulinemic hypoglycemia, familial, 1;Leucine-induced hypoglycemia",germline;somatic;unknown,germline/somatic,GRCh38,NC_000011.10,11,17394334,17394334,na,na,11p15.1,"criteria provided, multiple submitters, no conflicts",10,-,N,"ClinGen:CA254633,UniProtKB:Q09428#VAR_008540,OMIM:600509.0010",3,9096,17394334,G,A,-,-,-,-,-,-,SCV000840600|SCV001221921|SCV004026546|SCV004194318|SCV005051721|SCV005676654,-,-,Pathogenic,p.Arg1493Trp,R,1493.0,W,0.9918,pathogenic,0.93,LoF,chr11:g.17394334G>A
24141,single nucleotide variant,NM_000352.6(ABCC8):c.394T>C (p.Phe132Leu),6833,ABCC8,HGNC:59,Pathogenic/Likely pathogenic,1,"Jan 19, 2021",80356637,-,RCV000009670|RCV000020286|RCV002051781|RCV001851772,"MONDO:MONDO:0030088,MedGen:C5394303,OMIM:618857|MONDO:MONDO:0100164,MedGen:C1833104,OMIM:PS606176,Orphanet:99885|MONDO:MONDO:0016391,MedGen:C0158981,Orphanet:224|MedGen:C3661900","Diabetes mellitus, permanent neonatal 3|Permanent neonatal diabetes mellitus|Neonatal diabetes mellitus|not provided",germline;unknown,germline,GRCh38,NC_000011.10,11,17470119,17470119,na,na,11p15.1,"criteria provided, multiple submitters, no conflicts",4,-,N,"ClinGen:CA120110,UniProtKB:Q09428#VAR_029778,OMIM:600509.0016",3,9102,17470119,A,G,-,-,-,-,-,-,SCV002247442|SCV002318403,-,-,Pathogenic,p.Phe132Leu,F,132.0,L,0.9882,pathogenic,0.89,GoF,chr11:g.17470119A>G
24144,single nucleotide variant,NM_000352.6(ABCC8):c.4135C>T (p.Arg1379Cys),6833,ABCC8,HGNC:59,Pathogenic/Likely pathogenic,1,"Feb 13, 2024",137852673,-,RCV000009674|RCV000009673|RCV000502425|RCV001249022|RCV001851773|RCV004734508,"Human Phenotype Ontology:HP:0005965,Human Phenotype Ontology:HP:0005978,Human Phenotype Ontology:HP:0100652,MONDO:MONDO:0005148,MeSH:D003924,MedGen:C0011860,OMIM:125853|MONDO:MONDO:0012480,MedGen:C1835887,OMIM:610374,Orphanet:99886|MONDO:MONDO:0100164,MedGen:C1833104,OMIM:PS606176,Orphanet:99885|MONDO:MONDO:0015967,MedGen:C3888631,Orphanet:183625|MedGen:C3661900|","Type 2 diabetes mellitus|Diabetes mellitus, transient neonatal, 2|Permanent neonatal diabetes mellitus|Monogenic diabetes|not provided|ABCC8-related disorder",germline,germline,GRCh38,NC_000011.10,11,17395915,17395915,na,na,11p15.1,"criteria provided, multiple submitters, no conflicts",5,-,N,"ClinGen:CA120112,OMIM:600509.0019",3,9105,17395915,G,A,-,-,-,-,-,-,SCV000592981|SCV001422929|SCV002181676,-,-,Pathogenic,p.Arg1379Cys,R,1379.0,C,0.8657,pathogenic,0.953,GoF,chr11:g.17395915G>A
31172,single nucleotide variant,NM_000162.5(GCK):c.556C>T (p.Arg186Ter),2645,GCK,HGNC:4195,Pathogenic,1,"May 11, 2025",104894006,-,RCV000017513|RCV000516235|RCV002225072|RCV002345246,"Human Phenotype Ontology:HP:0005965,Human Phenotype Ontology:HP:0005978,Human Phenotype Ontology:HP:0100652,MONDO:MONDO:0005148,MeSH:D003924,MedGen:C0011860,OMIM:125853|MedGen:C3661900|MONDO:MONDO:0007453,MedGen:C0342277,OMIM:125851,Orphanet:552|Human Phenotype Ontology:HP:0004904,MONDO:MONDO:0018911,MedGen:C0342276,OMIM:PS125850,Orphanet:552",Type 2 diabetes mellitus|not provided|Maturity-onset diabetes of the young type 2|Maturity-onset diabetes of the young,germline;unknown,germline,GRCh38,NC_000007.14,7,44149992,44149992,na,na,7p13,"criteria provided, multiple submitters, no conflicts",10,-,N,"ClinGen:CA126209,OMIM:138079.0002",3,16133,44149992,G,A,-,-,-,-,-,-,SCV000613441|SCV000890276|SCV002242623|SCV002503627|SCV002562178|SCV002653036|SCV004848485|SCV005050209|SCV005382230,-,-,Pathogenic,p.Arg186Ter,R,186.0,T,0.7431,pathogenic,,LoF,chr7:g.44149992G>A
31173,single nucleotide variant,NM_000162.5(GCK):c.683C>T (p.Thr228Met),2645,GCK,HGNC:4195,Pathogenic,1,"Feb 28, 2024",80356655,-,RCV000020167|RCV000498792|RCV001269032|RCV002362586|RCV003147295|RCV003147296|RCV003883118|RCV004751212,"MONDO:MONDO:0007453,MedGen:C0342277,OMIM:125851,Orphanet:552|MedGen:C3661900|MONDO:MONDO:0100165,MedGen:C5393570,OMIM:606176|Human Phenotype Ontology:HP:0004904,MONDO:MONDO:0018911,MedGen:C0342276,OMIM:PS125850,Orphanet:552|Human Phenotype Ontology:HP:0005965,Human Phenotype Ontology:HP:0005978,Human Phenotype Ontology:HP:0100652,MONDO:MONDO:0005148,MeSH:D003924,MedGen:C0011860,OMIM:125853|MONDO:MONDO:0011236,MedGen:C1865290,OMIM:602485,Orphanet:79299|MONDO:MONDO:0015967,MedGen:C3888631,Orphanet:183625|",Maturity-onset diabetes of the young type 2|not provided|Permanent neonatal diabetes mellitus 1|Maturity-onset diabetes of the young|Type 2 diabetes mellitus|Hyperinsulinism due to glucokinase deficiency|Monogenic diabetes|GCK-related disorder,germline;unknown,germline,GRCh38,NC_000007.14,7,44147830,44147830,na,na,7p13,reviewed by expert panel,14,-,N,"ClinGen:CA260620,UniProtKB:P35557#VAR_003705,OMIM:138079.0003",3,16134,44147830,G,A,-,-,-,-,-,-,SCV004697914,-,-,Pathogenic,p.Thr228Met,T,228.0,M,0.9649,pathogenic,0.966,GoF,chr7:g.44147830G>A
31174,single nucleotide variant,NM_000162.5(GCK):c.781G>A (p.Gly261Arg),2645,GCK,HGNC:4195,Pathogenic,1,"Aug 12, 2023",104894008,-,RCV000017515|RCV000426797|RCV001507008|RCV003325940|RCV003445078,"MONDO:MONDO:0007453,MedGen:C0342277,OMIM:125851,Orphanet:552|MedGen:C3661900|Human Phenotype Ontology:HP:0004904,MONDO:MONDO:0018911,MedGen:C0342276,OMIM:PS125850,Orphanet:552|MONDO:MONDO:0015967,MedGen:C3888631,Orphanet:183625|MONDO:MONDO:0010894,MedGen:C1838100,OMIM:600496,Orphanet:552",Maturity-onset diabetes of the young type 2|not provided|Maturity-onset diabetes of the young|Monogenic diabetes|Maturity-onset diabetes of the young type 3,germline;unknown,germline,GRCh38,NC_000007.14,7,44147732,44147732,na,na,7p13,reviewed by expert panel,11,-,N,"ClinGen:CA126211,UniProtKB:P35557#VAR_003708,OMIM:138079.0004",3,16135,44147732,C,T,-,-,-,-,-,-,SCV004032083,-,-,Pathogenic,p.Gly261Arg,G,261.0,R,0.99,pathogenic,0.914,LoF,chr7:g.44147732C>T
31175,single nucleotide variant,NM_000162.5(GCK):c.895G>C (p.Gly299Arg),2645,GCK,HGNC:4195,Pathogenic/Likely pathogenic,1,"Dec 24, 2025",104894009,-,RCV000017516|RCV001288185,"MONDO:MONDO:0007453,MedGen:C0342277,OMIM:125851,Orphanet:552|MedGen:C3661900",Maturity-onset diabetes of the young type 2|not provided,germline;unknown,germline,GRCh38,NC_000007.14,7,44146587,44146587,na,na,7p13,"criteria provided, multiple submitters, no conflicts",5,-,N,"ClinGen:CA126212,UniProtKB:P35557#VAR_003710,OMIM:138079.0005",3,16136,44146587,C,G,-,-,-,-,-,-,SCV001475132|SCV005835277|SCV006325214|SCV007346262,-,-,Pathogenic,p.Gly299Arg,G,299.0,R,0.9967,pathogenic,0.985,LoF,chr7:g.44146587C>G
31177,single nucleotide variant,NM_000162.5(GCK):c.391T>C (p.Ser131Pro),2645,GCK,HGNC:4195,Likely pathogenic,1,"Jun 13, 2023",104894010,-,RCV000017518|RCV002513078|RCV003147297|RCV003147298|RCV003147299|RCV004730847,"MONDO:MONDO:0007453,MedGen:C0342277,OMIM:125851,Orphanet:552|MedGen:C3661900|Human Phenotype Ontology:HP:0005965,Human Phenotype Ontology:HP:0005978,Human Phenotype Ontology:HP:0100652,MONDO:MONDO:0005148,MeSH:D003924,MedGen:C0011860,OMIM:125853|MONDO:MONDO:0011236,MedGen:C1865290,OMIM:602485,Orphanet:79299|MONDO:MONDO:0100165,MedGen:C5393570,OMIM:606176|",Maturity-onset diabetes of the young type 2|not provided|Type 2 diabetes mellitus|Hyperinsulinism due to glucokinase deficiency|Permanent neonatal diabetes mellitus 1|GCK-related disorder,germline;unknown,germline,GRCh38,NC_000007.14,7,44151048,44151048,na,na,7p13,"criteria provided, multiple submitters, no conflicts",5,-,N,"ClinGen:CA126213,UniProtKB:P35557#VAR_003697,OMIM:138079.0007",3,16138,44151048,A,G,-,-,-,-,-,-,SCV002562171|SCV003439967|SCV003835244|SCV003835349|SCV003835697|SCV003836386,-,-,Pathogenic,p.Ser131Pro,S,131.0,P,0.9785,pathogenic,0.93,GoF,chr7:g.44151048A>G
31178,single nucleotide variant,NM_000162.5(GCK):c.793G>T (p.Glu265Ter),2645,GCK,HGNC:4195,Pathogenic,1,"Sep 29, 2022",104894011,-,RCV000017519|RCV000517435,"MONDO:MONDO:0007453,MedGen:C0342277,OMIM:125851,Orphanet:552|MedGen:C3661900",Maturity-onset diabetes of the young type 2|not provided,germline,germline,GRCh38,NC_000007.14,7,44147720,44147720,na,na,7p13,"criteria provided, multiple submitters, no conflicts",3,-,N,"ClinGen:CA126214,OMIM:138079.0008",3,16139,44147720,C,A,-,-,-,-,-,-,SCV000613462|SCV003439895,-,-,Pathogenic,p.Glu265Ter,E,265.0,T,0.5052,ambiguous,,LoF,chr7:g.44147720C>A
31180,single nucleotide variant,NM_000162.5(GCK):c.629T>A (p.Met210Lys),2645,GCK,HGNC:4195,Pathogenic,1,"Jul 30, 2023",80356654,-,RCV000190348|RCV000017521|RCV001281107|RCV003318493,"MONDO:MONDO:0007453,MedGen:C0342277,OMIM:125851,Orphanet:552|MONDO:MONDO:0100164,MedGen:C1833104,OMIM:PS606176,Orphanet:99885|MONDO:MONDO:0100165,MedGen:C5393570,OMIM:606176|MONDO:MONDO:0015967,MedGen:C3888631,Orphanet:183625",Maturity-onset diabetes of the young type 2|Permanent neonatal diabetes mellitus|Permanent neonatal diabetes mellitus 1|Monogenic diabetes,germline;unknown,germline,GRCh38,NC_000007.14,7,44149810,44149810,na,na,7p13,reviewed by expert panel,4,-,N,"ClinGen:CA204367,UniProtKB:P35557#VAR_012351,OMIM:138079.0010",3,16141,44149810,A,T,-,-,-,-,-,-,SCV004022339,-,-,Pathogenic,p.Met210Lys,M,210.0,K,0.9915,pathogenic,0.979,LoF,chr7:g.44149810A>T
31182,single nucleotide variant,NM_000162.5(GCK):c.1367C>T (p.Ala456Val),2645,GCK,HGNC:4195,Pathogenic,1,"Jan 28, 2023",104894014,-,RCV000017525|RCV001818166,"MONDO:MONDO:0011236,MedGen:C1865290,OMIM:602485,Orphanet:79299|MedGen:C3661900",Hyperinsulinism due to glucokinase deficiency|not provided,germline,germline,GRCh38,NC_000007.14,7,44145167,44145167,na,na,7p13,"criteria provided, multiple submitters, no conflicts",3,-,N,"ClinGen:CA257433,OMIM:138079.0012",3,16143,44145167,G,A,-,-,-,-,-,-,SCV002069051|SCV004295117,-,-,Pathogenic,p.Ala456Val,A,456.0,V,0.3825,ambiguous,0.883,GoF,chr7:g.44145167G>A
31184,single nucleotide variant,NM_000162.5(GCK):c.1132G>A (p.Ala378Thr),2645,GCK,HGNC:4195,Pathogenic,1,"Aug 07, 2023",104894016,-,RCV000017527|RCV003325941|RCV002513080,"MONDO:MONDO:0007453,MedGen:C0342277,OMIM:125851,Orphanet:552|MONDO:MONDO:0015967,MedGen:C3888631,Orphanet:183625|MedGen:C3661900",Maturity-onset diabetes of the young type 2|Monogenic diabetes|not provided,germline,germline,GRCh38,NC_000007.14,7,44145618,44145618,na,na,7p13,reviewed by expert panel,3,-,N,"ClinGen:CA126216,OMIM:138079.0014",3,16145,44145618,C,T,-,-,-,-,-,-,SCV004032070,-,-,Pathogenic,p.Ala378Thr,A,378.0,T,0.7952,pathogenic,0.922,LoF,chr7:g.44145618C>T
33928,single nucleotide variant,NM_000162.5(GCK):c.1133C>T (p.Ala378Val),2645,GCK,HGNC:4195,Pathogenic,1,"Aug 08, 2023",193929374,-,RCV000020165|RCV003325943|RCV003556055,"MONDO:MONDO:0100164,MedGen:C1833104,OMIM:PS606176,Orphanet:99885|MONDO:MONDO:0015967,MedGen:C3888631,Orphanet:183625|MedGen:C3661900",Permanent neonatal diabetes mellitus|Monogenic diabetes|not provided,germline;unknown,germline,GRCh38,NC_000007.14,7,44145617,44145617,na,na,7p13,reviewed by expert panel,3,-,N,ClinGen:CA341585,3,21076,44145617,G,A,-,-,-,-,-,-,SCV004032113,-,-,Pathogenic,p.Ala378Val,A,378.0,V,0.9213,pathogenic,0.967,GoF,chr7:g.44145617G>A
33929,single nucleotide variant,NM_000162.5(GCK):c.1190G>T (p.Arg397Leu),2645,GCK,HGNC:4195,Pathogenic,1,"Jul 16, 2023",193929375,-,RCV000020166|RCV000518294|RCV003318494,"MONDO:MONDO:0100164,MedGen:C1833104,OMIM:PS606176,Orphanet:99885|MedGen:C3661900|MONDO:MONDO:0015967,MedGen:C3888631,Orphanet:183625",Permanent neonatal diabetes mellitus|not provided|Monogenic diabetes,germline;unknown,germline,GRCh38,NC_000007.14,7,44145560,44145560,na,na,7p13,reviewed by expert panel,3,-,N,ClinGen:CA341587,3,21077,44145560,C,A,-,-,-,-,-,-,SCV004022327,-,-,Pathogenic,p.Arg397Leu,R,397.0,L,0.5348,ambiguous,0.925,GoF,chr7:g.44145560C>A
33930,single nucleotide variant,NM_000162.5(GCK):c.790G>A (p.Gly264Ser),2645,GCK,HGNC:4195,Pathogenic,1,"Nov 02, 2023",193929373,-,RCV000020168|RCV003398550|RCV005646843|RCV006461188,"MONDO:MONDO:0100164,MedGen:C1833104,OMIM:PS606176,Orphanet:99885|MONDO:MONDO:0015967,MedGen:C3888631,Orphanet:183625|MONDO:MONDO:0100165,MedGen:C5393570,OMIM:606176|MedGen:C3661900",Permanent neonatal diabetes mellitus|Monogenic diabetes|Permanent neonatal diabetes mellitus 1|not provided,germline;unknown,germline,GRCh38,NC_000007.14,7,44147723,44147723,na,na,7p13,reviewed by expert panel,4,-,N,ClinGen:CA341589,3,21078,44147723,C,T,-,-,-,-,-,-,SCV004102864,-,-,Pathogenic,p.Gly264Ser,G,264.0,S,0.242,benign,0.847,GoF,chr7:g.44147723C>T
34021,single nucleotide variant,NM_000352.6(ABCC8):c.631C>A (p.Gln211Lys),6833,ABCC8,HGNC:59,Pathogenic,1,"Dec 04, 2023",193929366,-,RCV000020290|RCV003556056,"MONDO:MONDO:0100164,MedGen:C1833104,OMIM:PS606176,Orphanet:99885|MedGen:C3661900",Permanent neonatal diabetes mellitus|not provided,germline;unknown,germline,GRCh38,NC_000011.10,11,17461774,17461774,na,na,11p15.1,"criteria provided, multiple submitters, no conflicts",3,-,N,"ClinGen:CA341693,UniProtKB:Q09428#VAR_072935",3,21169,17461774,G,T,-,-,-,-,-,-,SCV004295393|SCV005325038,-,-,Pathogenic,p.Gln211Lys,Q,211.0,K,0.4415,ambiguous,0.617,GoF,chr11:g.17461774G>T
34022,single nucleotide variant,NM_000352.6(ABCC8):c.674T>C (p.Leu225Pro),6833,ABCC8,HGNC:59,Pathogenic/Likely pathogenic,1,"Sep 13, 2024",1048095,-,RCV000020291|RCV002051791,"MONDO:MONDO:0100164,MedGen:C1833104,OMIM:PS606176,Orphanet:99885|MONDO:MONDO:0016391,MedGen:C0158981,Orphanet:224",Permanent neonatal diabetes mellitus|Neonatal diabetes mellitus,germline;unknown,germline,GRCh38,NC_000011.10,11,17461731,17461731,na,na,11p15.1,"criteria provided, multiple submitters, no conflicts",3,-,N,"ClinGen:CA341695,UniProtKB:Q09428#VAR_072936",3,21170,17461731,A,G,-,-,-,-,-,-,SCV002318406|SCV005394448,-,-,Pathogenic,p.Leu225Pro,L,225.0,P,0.6569,pathogenic,0.769,GoF,chr11:g.17461731A>G
34055,single nucleotide variant,NM_000525.4(KCNJ11):c.964G>A (p.Glu322Lys),3767,KCNJ11,HGNC:6257,Pathogenic,1,"Jul 18, 2025",193929355,-,RCV000020360|RCV000146122|RCV002227047|RCV003556058,"MONDO:MONDO:0100164,MedGen:C1833104,OMIM:PS606176,Orphanet:99885|Human Phenotype Ontology:HP:0000819,Human Phenotype Ontology:HP:0004908,Human Phenotype Ontology:HP:0008217,Human Phenotype Ontology:HP:0008234,Human Phenotype Ontology:HP:0008260,MONDO:MONDO:0005015,MedGen:C0011849|Human Phenotype Ontology:HP:0008255,MONDO:MONDO:0020525,MedGen:C0342273|MedGen:C3661900",Permanent neonatal diabetes mellitus|Diabetes mellitus|Transitory neonatal diabetes mellitus|not provided,germline;somatic;unknown,germline/somatic,GRCh38,NC_000011.10,11,17387128,17387128,na,na,11p15.1,"criteria provided, multiple submitters, no conflicts",5,-,N,ClinGen:CA172352,3,21203,17387128,C,T,-,-,-,-,-,-,SCV000193339|SCV004295356|SCV007094382,-,-,Pathogenic,p.Glu322Lys,E,322.0,K,0.5191,ambiguous,0.911,GoF,chr11:g.17387128C>T
34056,single nucleotide variant,NM_000525.4(KCNJ11):c.989A>G (p.Tyr330Cys),3767,KCNJ11,HGNC:6257,Pathogenic/Likely pathogenic,1,"Jun 16, 2023",193929356,-,RCV000020361|RCV000146124|RCV002226652|RCV003556059,"MONDO:MONDO:0100164,MedGen:C1833104,OMIM:PS606176,Orphanet:99885|Human Phenotype Ontology:HP:0000857,MedGen:C3278636|Human Phenotype Ontology:HP:0005965,Human Phenotype Ontology:HP:0005978,Human Phenotype Ontology:HP:0100652,MONDO:MONDO:0005148,MeSH:D003924,MedGen:C0011860,OMIM:125853|MedGen:C3661900",Permanent neonatal diabetes mellitus|Neonatal insulin-dependent diabetes mellitus|Type 2 diabetes mellitus|not provided,germline;somatic;unknown,germline/somatic,GRCh38,NC_000011.10,11,17387103,17387103,na,na,11p15.1,"criteria provided, multiple submitters, no conflicts",4,-,N,ClinGen:CA172356,3,21204,17387103,T,C,-,-,-,-,-,-,SCV000193341|SCV002505652|SCV004295355,-,-,Pathogenic,p.Tyr330Cys,Y,330.0,C,0.9071,pathogenic,0.981,GoF,chr11:g.17387103T>C
44276,single nucleotide variant,NM_000352.6(ABCC8):c.3545G>A (p.Arg1182Gln),6833,ABCC8,HGNC:59,Pathogenic/Likely pathogenic,1,"Jul 15, 2025",193922400,-,RCV000193953|RCV001388602|RCV003989301|RCV005888691,"MONDO:MONDO:0012480,MedGen:C1835887,OMIM:610374,Orphanet:99886|MedGen:C3661900|MONDO:MONDO:0009734,MedGen:C2931832,OMIM:256450,Orphanet:276575,Orphanet:276598|MONDO:MONDO:0100164,MedGen:C1833104,OMIM:PS606176,Orphanet:99885","Diabetes mellitus, transient neonatal, 2|not provided|Hyperinsulinemic hypoglycemia, familial, 1|Permanent neonatal diabetes mellitus",germline,germline,GRCh38,NC_000011.10,11,17404524,17404524,na,na,11p15.1,"criteria provided, multiple submitters, no conflicts",5,-,N,"ClinGen:CA207783,UniProtKB:Q09428#VAR_029783",2,35611,17404524,C,T,-,-,-,-,-,-,SCV000051903|SCV001589658|SCV002023927|SCV004806247,-,-,Pathogenic,p.Arg1182Gln,R,1182.0,Q,0.3946,ambiguous,0.767,GoF,chr11:g.17404524C>T
44280,single nucleotide variant,NM_000352.6(ABCC8):c.4136G>T (p.Arg1379Leu),6833,ABCC8,HGNC:59,Pathogenic/Likely pathogenic,1,"Jul 16, 2019",193922401,-,RCV000029262|RCV001818180,"MONDO:MONDO:0016391,MedGen:C0158981,Orphanet:224|MedGen:C3661900",Neonatal diabetes mellitus|not provided,germline,germline,GRCh38,NC_000011.10,11,17395914,17395914,na,na,11p15.1,"criteria provided, multiple submitters, no conflicts",2,-,N,ClinGen:CA213457,2,35615,17395914,C,A,-,-,-,-,-,-,SCV000051908|SCV002067352,-,-,Pathogenic,p.Arg1379Leu,R,1379.0,L,0.9559,pathogenic,0.959,GoF,chr11:g.17395914C>A
44281,single nucleotide variant,NM_000352.6(ABCC8):c.4198G>A (p.Gly1400Arg),6833,ABCC8,HGNC:59,Pathogenic/Likely pathogenic,1,"Jul 14, 2025",137852676,-,RCV000009657|RCV000029263|RCV001277179|RCV001390783|RCV003321485|RCV003466873|RCV005042088,"MONDO:MONDO:0030088,MedGen:C5394303,OMIM:618857|MONDO:MONDO:0017182,MedGen:C3888018,Orphanet:276525||MedGen:C3661900|MONDO:MONDO:0009734,MedGen:C2931832,OMIM:256450,Orphanet:276575,Orphanet:276598|Human Phenotype Ontology:HP:0005965,Human Phenotype Ontology:HP:0005978,Human Phenotype Ontology:HP:0100652,MONDO:MONDO:0005148,MeSH:D003924,MedGen:C0011860,OMIM:125853|MONDO:MONDO:0012480,MedGen:C1835887,OMIM:610374,Orphanet:99886;MONDO:MONDO:0009734,MedGen:C2931832,OMIM:256450,Orphanet:276575,Orphanet:276598;MONDO:MONDO:0009415,MedGen:C0271714,OMIM:240800;Human Phenotype Ontology:HP:0005965,Human Phenotype Ontology:HP:0005978,Human Phenotype Ontology:HP:0100652,MONDO:MONDO:0005148,MeSH:D003924,MedGen:C0011860,OMIM:125853;MONDO:MONDO:0030088,MedGen:C5394303,OMIM:618857","Diabetes mellitus, permanent neonatal 3|Familial hyperinsulinism|Hereditary hyperinsulinism|not provided|Hyperinsulinemic hypoglycemia, familial, 1|Type 2 diabetes mellitus|Diabetes mellitus, transient neonatal, 2;Hyperinsulinemic hypoglycemia, familial, 1;Leucine-induced hypoglycemia;Type 2 diabetes mellitus;Diabetes mellitus, permanent neonatal 3",germline;unknown,germline,GRCh38,NC_000011.10,11,17395852,17395852,na,na,11p15.1,"criteria provided, multiple submitters, no conflicts",10,-,N,"ClinGen:CA260102,OMIM:600509.0025",3,35616,17395852,C,T,-,-,-,-,-,-,SCV000051909|SCV001592625|SCV002060366|SCV002069224|SCV003815543|SCV004026508|SCV004193550|SCV005683373,-,-,Pathogenic,p.Gly1400Arg,G,1400.0,R,0.9954,pathogenic,0.991,LoF,chr11:g.17395852C>T
44282,single nucleotide variant,NM_000352.6(ABCC8):c.4306C>T (p.Arg1436Ter),6833,ABCC8,HGNC:59,Pathogenic/Likely pathogenic,1,"Dec 13, 2025",193922402,-,RCV000169593|RCV001818181|RCV001826509|RCV002477010|RCV003466874,"MONDO:MONDO:0009734,MedGen:C2931832,OMIM:256450,Orphanet:276575,Orphanet:276598|MedGen:C3661900||MONDO:MONDO:0012480,MedGen:C1835887,OMIM:610374,Orphanet:99886;MONDO:MONDO:0009734,MedGen:C2931832,OMIM:256450,Orphanet:276575,Orphanet:276598;MONDO:MONDO:0009415,MedGen:C0271714,OMIM:240800;Human Phenotype Ontology:HP:0005965,Human Phenotype Ontology:HP:0005978,Human Phenotype Ontology:HP:0100652,MONDO:MONDO:0005148,MeSH:D003924,MedGen:C0011860,OMIM:125853;MONDO:MONDO:0030088,MedGen:C5394303,OMIM:618857|Human Phenotype Ontology:HP:0005965,Human Phenotype Ontology:HP:0005978,Human Phenotype Ontology:HP:0100652,MONDO:MONDO:0005148,MeSH:D003924,MedGen:C0011860,OMIM:125853","Hyperinsulinemic hypoglycemia, familial, 1|not provided|Hereditary hyperinsulinism|Diabetes mellitus, transient neonatal, 2;Hyperinsulinemic hypoglycemia, familial, 1;Leucine-induced hypoglycemia;Type 2 diabetes mellitus;Diabetes mellitus, permanent neonatal 3|Type 2 diabetes mellitus",germline;unknown,germline,GRCh38,NC_000011.10,11,17395611,17395611,na,na,11p15.1,"criteria provided, multiple submitters, no conflicts",8,-,N,ClinGen:CA260104,2,35617,17395611,G,A,-,-,-,-,-,-,SCV000893866|SCV001361437|SCV002067383|SCV002242564|SCV004040345|SCV004191649,-,-,Pathogenic,p.Arg1436Ter,R,1436.0,T,0.9871,pathogenic,,LoF,chr11:g.17395611G>A
44835,single nucleotide variant,NM_000162.5(GCK):c.103A>T (p.Arg35Ter),2645,GCK,HGNC:4195,Likely pathogenic,1,"Aug 18, 2011",193922259,-,RCV000029834|RCV002463995,"MONDO:MONDO:0007453,MedGen:C0342277,OMIM:125851,Orphanet:552|Human Phenotype Ontology:HP:0004904,MONDO:MONDO:0018911,MedGen:C0342276,OMIM:PS125850,Orphanet:552",Maturity-onset diabetes of the young type 2|Maturity-onset diabetes of the young,germline;unknown,germline,GRCh38,NC_000007.14,7,44153406,44153406,na,na,7p13,"criteria provided, multiple submitters, no conflicts",2,-,N,ClinGen:CA213705,2,36171,44153406,T,A,-,-,-,-,-,-,SCV000052489|SCV002605425,-,-,Pathogenic,p.Arg35Ter,R,35.0,T,0.1206,benign,,LoF,chr7:g.44153406T>A
44836,single nucleotide variant,NM_000162.5(GCK):c.1042A>T (p.Ile348Phe),2645,GCK,HGNC:4195,Likely pathogenic,1,"Jan 28, 2024",193922260,-,RCV000029835|RCV003493414|RCV003556089,"MONDO:MONDO:0007453,MedGen:C0342277,OMIM:125851,Orphanet:552|MONDO:MONDO:0015967,MedGen:C3888631,Orphanet:183625|MedGen:C3661900",Maturity-onset diabetes of the young type 2|Monogenic diabetes|not provided,germline,germline,GRCh38,NC_000007.14,7,44145708,44145708,na,na,7p13,reviewed by expert panel,3,-,N,ClinGen:CA213707,2,36172,44145708,T,A,-,-,-,-,-,-,SCV004242354,-,-,Pathogenic,p.Ile348Phe,I,348.0,F,0.7439,pathogenic,0.83,LoF,chr7:g.44145708T>A
44838,single nucleotide variant,NM_000162.5(GCK):c.1114G>T (p.Glu372Ter),2645,GCK,HGNC:4195,Likely pathogenic,1,"Jan 22, 2024",193922262,-,RCV000029837|RCV003493415,"MONDO:MONDO:0007453,MedGen:C0342277,OMIM:125851,Orphanet:552|MONDO:MONDO:0015967,MedGen:C3888631,Orphanet:183625",Maturity-onset diabetes of the young type 2|Monogenic diabetes,germline,germline,GRCh38,NC_000007.14,7,44145636,44145636,na,na,7p13,reviewed by expert panel,2,-,N,ClinGen:CA213711,2,36174,44145636,C,A,-,-,-,-,-,-,SCV004242345,-,-,Pathogenic,p.Glu372Ter,E,372.0,T,0.3533,ambiguous,,LoF,chr7:g.44145636C>A
44839,single nucleotide variant,NM_000162.5(GCK):c.1124C>T (p.Ser375Phe),2645,GCK,HGNC:4195,Likely pathogenic,1,"Dec 02, 2024",193922263,-,RCV000029838|RCV002463593|RCV004797766,"MONDO:MONDO:0007453,MedGen:C0342277,OMIM:125851,Orphanet:552|Human Phenotype Ontology:HP:0004904,MONDO:MONDO:0018911,MedGen:C0342276,OMIM:PS125850,Orphanet:552|MONDO:MONDO:0015967,MedGen:C3888631,Orphanet:183625",Maturity-onset diabetes of the young type 2|Maturity-onset diabetes of the young|Monogenic diabetes,germline;unknown,germline,GRCh38,NC_000007.14,7,44145626,44145626,na,na,7p13,reviewed by expert panel,3,-,N,ClinGen:CA213713,2,36175,44145626,G,A,-,-,-,-,-,-,SCV005420233,-,-,Pathogenic,p.Ser375Phe,S,375.0,F,0.9867,pathogenic,0.969,LoF,chr7:g.44145626G>A
44840,single nucleotide variant,NM_000162.5(GCK):c.1130G>A (p.Arg377His),2645,GCK,HGNC:4195,Likely pathogenic,1,"Aug 08, 2023",193922264,-,RCV000029839|RCV000518143|RCV001818186|RCV002321490|RCV003325945,"MONDO:MONDO:0007453,MedGen:C0342277,OMIM:125851,Orphanet:552|MedGen:CN169374|MedGen:C3661900|Human Phenotype Ontology:HP:0004904,MONDO:MONDO:0018911,MedGen:C0342276,OMIM:PS125850,Orphanet:552|MONDO:MONDO:0015967,MedGen:C3888631,Orphanet:183625",Maturity-onset diabetes of the young type 2|not specified|not provided|Maturity-onset diabetes of the young|Monogenic diabetes,germline,germline,GRCh38,NC_000007.14,7,44145620,44145620,na,na,7p13,reviewed by expert panel,6,-,N,ClinGen:CA213715,2,36176,44145620,C,T,-,-,-,-,-,-,SCV004032103,-,-,Pathogenic,p.Arg377His,R,377.0,H,0.9367,pathogenic,0.981,LoF,chr7:g.44145620C>T
44841,single nucleotide variant,NM_000162.5(GCK):c.1136C>A (p.Ala379Glu),2645,GCK,HGNC:4195,Likely pathogenic,1,"Jul 17, 2023",193922265,-,RCV000029840|RCV001642240|RCV002444444|RCV003318495,"MONDO:MONDO:0007453,MedGen:C0342277,OMIM:125851,Orphanet:552|MedGen:C3661900|Human Phenotype Ontology:HP:0004904,MONDO:MONDO:0018911,MedGen:C0342276,OMIM:PS125850,Orphanet:552|MONDO:MONDO:0015967,MedGen:C3888631,Orphanet:183625",Maturity-onset diabetes of the young type 2|not provided|Maturity-onset diabetes of the young|Monogenic diabetes,germline;unknown,germline,GRCh38,NC_000007.14,7,44145614,44145614,na,na,7p13,reviewed by expert panel,4,-,N,ClinGen:CA213717,2,36177,44145614,G,T,-,-,-,-,-,-,SCV004022328,-,-,Pathogenic,p.Ala379Glu,A,379.0,E,0.9918,pathogenic,0.985,LoF,chr7:g.44145614G>T
44843,single nucleotide variant,NM_000162.5(GCK):c.1153G>A (p.Gly385Arg),2645,GCK,HGNC:4195,Likely pathogenic,1,"Jun 02, 2025",193922267,-,RCV000029842|RCV002463594|RCV005417380,"MONDO:MONDO:0007453,MedGen:C0342277,OMIM:125851,Orphanet:552|Human Phenotype Ontology:HP:0004904,MONDO:MONDO:0018911,MedGen:C0342276,OMIM:PS125850,Orphanet:552|MONDO:MONDO:0015967,MedGen:C3888631,Orphanet:183625",Maturity-onset diabetes of the young type 2|Maturity-onset diabetes of the young|Monogenic diabetes,germline;unknown,germline,GRCh38,NC_000007.14,7,44145597,44145597,na,na,7p13,reviewed by expert panel,3,-,N,ClinGen:CA213721,2,36179,44145597,C,T,-,-,-,-,-,-,SCV006084777,-,-,Pathogenic,p.Gly385Arg,G,385.0,R,0.9931,pathogenic,0.962,LoF,chr7:g.44145597C>T
44844,single nucleotide variant,NM_000162.5(GCK):c.1157T>C (p.Leu386Pro),2645,GCK,HGNC:4195,Pathogenic,1,"Apr 28, 2024",193922268,-,RCV000029843|RCV000517698|RCV002285137|RCV004527298,"MONDO:MONDO:0007453,MedGen:C0342277,OMIM:125851,Orphanet:552|MedGen:C3661900|Human Phenotype Ontology:HP:0004904,MONDO:MONDO:0018911,MedGen:C0342276,OMIM:PS125850,Orphanet:552|MONDO:MONDO:0015967,MedGen:C3888631,Orphanet:183625",Maturity-onset diabetes of the young type 2|not provided|Maturity-onset diabetes of the young|Monogenic diabetes,germline;unknown,germline,GRCh38,NC_000007.14,7,44145593,44145593,na,na,7p13,reviewed by expert panel,5,-,N,ClinGen:CA213723,2,36180,44145593,A,G,-,-,-,-,-,-,SCV005040688,-,-,Pathogenic,p.Leu386Pro,L,386.0,P,0.9911,pathogenic,0.984,LoF,chr7:g.44145593A>G
44845,single nucleotide variant,NM_000162.5(GCK):c.1160C>A (p.Ala387Glu),2645,GCK,HGNC:4195,Likely pathogenic,1,"Feb 28, 2024",193921338,-,RCV000029844|RCV003883122,"MONDO:MONDO:0007453,MedGen:C0342277,OMIM:125851,Orphanet:552|MONDO:MONDO:0015967,MedGen:C3888631,Orphanet:183625",Maturity-onset diabetes of the young type 2|Monogenic diabetes,germline,germline,GRCh38,NC_000007.14,7,44145590,44145590,na,na,7p13,reviewed by expert panel,2,-,N,ClinGen:CA213725,2,36181,44145590,G,T,-,-,-,-,-,-,SCV004697906,-,-,Pathogenic,p.Ala387Glu,A,387.0,E,0.9824,pathogenic,0.958,LoF,chr7:g.44145590G>T
44846,single nucleotide variant,NM_000162.5(GCK):c.1160C>T (p.Ala387Val),2645,GCK,HGNC:4195,Pathogenic,1,"Feb 28, 2024",193921338,-,RCV000029845|RCV000493278|RCV001248970,"MONDO:MONDO:0007453,MedGen:C0342277,OMIM:125851,Orphanet:552|MedGen:C3661900|MONDO:MONDO:0015967,MedGen:C3888631,Orphanet:183625",Maturity-onset diabetes of the young type 2|not provided|Monogenic diabetes,germline,germline,GRCh38,NC_000007.14,7,44145590,44145590,na,na,7p13,reviewed by expert panel,5,-,N,ClinGen:CA213727,2,36182,44145590,G,A,-,-,-,-,-,-,SCV004697905,-,-,Pathogenic,p.Ala387Val,A,387.0,V,0.6817,pathogenic,0.871,LoF,chr7:g.44145590G>A
44849,single nucleotide variant,NM_000162.5(GCK):c.1175G>T (p.Arg392Leu),2645,GCK,HGNC:4195,Pathogenic,1,"Oct 17, 2024",193922269,-,RCV000029848|RCV002463595|RCV003330312,"MONDO:MONDO:0007453,MedGen:C0342277,OMIM:125851,Orphanet:552|Human Phenotype Ontology:HP:0004904,MONDO:MONDO:0018911,MedGen:C0342276,OMIM:PS125850,Orphanet:552|MONDO:MONDO:0015967,MedGen:C3888631,Orphanet:183625",Maturity-onset diabetes of the young type 2|Maturity-onset diabetes of the young|Monogenic diabetes,germline;unknown,germline,GRCh38,NC_000007.14,7,44145575,44145575,na,na,7p13,reviewed by expert panel,3,-,N,ClinGen:CA213733,2,36185,44145575,C,A,-,-,-,-,-,-,SCV004037471,-,-,Pathogenic,p.Arg392Leu,R,392.0,L,0.5193,ambiguous,0.568,LoF,chr7:g.44145575C>A
44852,single nucleotide variant,NM_000162.5(GCK):c.1240A>G (p.Lys414Glu),2645,GCK,HGNC:4195,Pathogenic,1,"Jun 26, 2023",193922272,-,RCV000029851|RCV000711759|RCV001248969|RCV003398573|RCV004017269,"MONDO:MONDO:0007453,MedGen:C0342277,OMIM:125851,Orphanet:552|MedGen:C3661900|MONDO:MONDO:0015967,MedGen:C3888631,Orphanet:183625||Human Phenotype Ontology:HP:0004904,MONDO:MONDO:0018911,MedGen:C0342276,OMIM:PS125850,Orphanet:552",Maturity-onset diabetes of the young type 2|not provided|Monogenic diabetes|GCK-related disorder|Maturity-onset diabetes of the young,germline;unknown,germline,GRCh38,NC_000007.14,7,44145510,44145510,na,na,7p13,reviewed by expert panel,9,-,N,"ClinGen:CA213739,UniProtKB:P35557#VAR_003714",2,36188,44145510,T,C,-,-,-,-,-,-,SCV004012147,-,-,Pathogenic,p.Lys414Glu,K,414.0,E,0.9492,pathogenic,0.928,LoF,chr7:g.44145510T>C
44853,single nucleotide variant,NM_000162.5(GCK):c.1268T>A (p.Phe423Tyr),2645,GCK,HGNC:4195,Pathogenic,1,"Apr 27, 2024",193922273,-,RCV000029852|RCV004527301|RCV005089319|RCV005562302,"MONDO:MONDO:0007453,MedGen:C0342277,OMIM:125851,Orphanet:552|MONDO:MONDO:0015967,MedGen:C3888631,Orphanet:183625|MedGen:C3661900|Human Phenotype Ontology:HP:0004904,MONDO:MONDO:0018911,MedGen:C0342276,OMIM:PS125850,Orphanet:552",Maturity-onset diabetes of the young type 2|Monogenic diabetes|not provided|Maturity-onset diabetes of the young,germline,germline,GRCh38,NC_000007.14,7,44145266,44145266,na,na,7p13,reviewed by expert panel,4,-,N,ClinGen:CA213740,2,36189,44145266,A,T,-,-,-,-,-,-,SCV005040671,-,-,Pathogenic,p.Phe423Tyr,F,423.0,Y,0.572,pathogenic,0.801,LoF,chr7:g.44145266A>T
44859,single nucleotide variant,NM_000162.5(GCK):c.1307T>A (p.Ile436Asn),2645,GCK,HGNC:4195,Pathogenic,1,"Apr 27, 2024",193922278,-,RCV000029858|RCV004527303|RCV005229830,"MONDO:MONDO:0007453,MedGen:C0342277,OMIM:125851,Orphanet:552|MONDO:MONDO:0015967,MedGen:C3888631,Orphanet:183625|MedGen:C3661900",Maturity-onset diabetes of the young type 2|Monogenic diabetes|not provided,germline,germline,GRCh38,NC_000007.14,7,44145227,44145227,na,na,7p13,reviewed by expert panel,4,-,N,ClinGen:CA213751,2,36195,44145227,A,T,-,-,-,-,-,-,SCV005040668,-,-,Pathogenic,p.Ile436Asn,I,436.0,N,0.9409,pathogenic,0.957,LoF,chr7:g.44145227A>T
44860,single nucleotide variant,NM_000162.5(GCK):c.131G>A (p.Gly44Asp),2645,GCK,HGNC:4195,Likely pathogenic,1,"Dec 22, 2020",193922279,-,RCV000029859|RCV001659731,"MONDO:MONDO:0007453,MedGen:C0342277,OMIM:125851,Orphanet:552|MedGen:C3661900",Maturity-onset diabetes of the young type 2|not provided,germline;unknown,germline,GRCh38,NC_000007.14,7,44153378,44153378,na,na,7p13,"criteria provided, multiple submitters, no conflicts",2,-,N,ClinGen:CA213753,2,36196,44153378,C,T,-,-,-,-,-,-,SCV000052514|SCV001880693,-,-,Pathogenic,p.Gly44Asp,G,44.0,D,0.9952,pathogenic,0.995,LoF,chr7:g.44153378C>T
44862,single nucleotide variant,NM_000162.5(GCK):c.1339C>G (p.Arg447Gly),2645,GCK,HGNC:4195,Pathogenic/Likely pathogenic,1,"Jan 26, 2024",193922281,-,RCV000029861|RCV001288979|RCV002381268,"MONDO:MONDO:0007453,MedGen:C0342277,OMIM:125851,Orphanet:552|MedGen:C3661900|Human Phenotype Ontology:HP:0004904,MONDO:MONDO:0018911,MedGen:C0342276,OMIM:PS125850,Orphanet:552",Maturity-onset diabetes of the young type 2|not provided|Maturity-onset diabetes of the young,germline;unknown,germline,GRCh38,NC_000007.14,7,44145195,44145195,na,na,7p13,"criteria provided, multiple submitters, no conflicts",5,-,N,ClinGen:CA213756,2,36198,44145195,G,C,-,-,-,-,-,-,SCV000052516|SCV001476454|SCV002238454|SCV002691878|SCV005325956,-,-,Pathogenic,p.Arg447Gly,R,447.0,G,0.8566,pathogenic,0.827,LoF,chr7:g.44145195G>C
44863,single nucleotide variant,NM_000162.5(GCK):c.1345G>A (p.Ala449Thr),2645,GCK,HGNC:4195,Pathogenic,1,"Apr 27, 2024",193922282,-,RCV000029862|RCV004527304,"MONDO:MONDO:0007453,MedGen:C0342277,OMIM:125851,Orphanet:552|MONDO:MONDO:0015967,MedGen:C3888631,Orphanet:183625",Maturity-onset diabetes of the young type 2|Monogenic diabetes,germline,germline,GRCh38,NC_000007.14,7,44145189,44145189,na,na,7p13,reviewed by expert panel,3,-,N,ClinGen:CA213758,2,36199,44145189,C,T,-,-,-,-,-,-,SCV005040666,-,-,Pathogenic,p.Ala449Thr,A,449.0,T,0.7751,pathogenic,0.89,LoF,chr7:g.44145189C>T
44864,single nucleotide variant,NM_000162.5(GCK):c.1358C>T (p.Ser453Leu),2645,GCK,HGNC:4195,Pathogenic/Likely pathogenic,1,"Sep 25, 2024",193922283,-,RCV000517061|RCV000763582|RCV002271378|RCV002285258,"MedGen:C3661900|MONDO:MONDO:0100164,MedGen:C1833104,OMIM:PS606176,Orphanet:99885;Human Phenotype Ontology:HP:0005965,Human Phenotype Ontology:HP:0005978,Human Phenotype Ontology:HP:0100652,MONDO:MONDO:0005148,MeSH:D003924,MedGen:C0011860,OMIM:125853;MONDO:MONDO:0011236,MedGen:C1865290,OMIM:602485,Orphanet:79299;MONDO:MONDO:0007453,MedGen:C0342277,OMIM:125851,Orphanet:552|MONDO:MONDO:0015967,MedGen:C3888631,Orphanet:183625|MONDO:MONDO:0007453,MedGen:C0342277,OMIM:125851,Orphanet:552",not provided|Permanent neonatal diabetes mellitus;Type 2 diabetes mellitus;Hyperinsulinism due to glucokinase deficiency;Maturity-onset diabetes of the young type 2|Monogenic diabetes|Maturity-onset diabetes of the young type 2,germline;unknown,germline,GRCh38,NC_000007.14,7,44145176,44145176,na,na,7p13,"criteria provided, multiple submitters, no conflicts",7,-,N,ClinGen:CA213760,2,36200,44145176,G,A,-,-,-,-,-,-,SCV000052518|SCV000613413|SCV000894421|SCV002161526|SCV002562160|SCV005399387|SCV005902864,-,-,Pathogenic,p.Ser453Leu,S,453.0,L,0.7575,pathogenic,0.821,GoF,chr7:g.44145176G>A
44866,single nucleotide variant,NM_000162.5(GCK):c.1386G>T (p.Met462Ile),2645,GCK,HGNC:4195,Likely benign,0,"Sep 01, 2023",193922285,-,RCV000029865|RCV000711768|RCV001162071|RCV001162070|RCV001162069|RCV001162072|RCV002463596|RCV002496452|RCV003325947,"MedGen:CN169374|MedGen:C3661900||MONDO:MONDO:0007453,MedGen:C0342277,OMIM:125851,Orphanet:552|MONDO:MONDO:0011236,MedGen:C1865290,OMIM:602485,Orphanet:79299|MONDO:MONDO:0100164,MedGen:C1833104,OMIM:PS606176,Orphanet:99885|Human Phenotype Ontology:HP:0004904,MONDO:MONDO:0018911,MedGen:C0342276,OMIM:PS125850,Orphanet:552|Human Phenotype Ontology:HP:0005965,Human Phenotype Ontology:HP:0005978,Human Phenotype Ontology:HP:0100652,MONDO:MONDO:0005148,MeSH:D003924,MedGen:C0011860,OMIM:125853;MONDO:MONDO:0011236,MedGen:C1865290,OMIM:602485,Orphanet:79299;MONDO:MONDO:0100165,MedGen:C5393570,OMIM:606176;MONDO:MONDO:0007453,MedGen:C0342277,OMIM:125851,Orphanet:552|MONDO:MONDO:0015967,MedGen:C3888631,Orphanet:183625","not specified|not provided|Transient Neonatal Diabetes, Recessive|Maturity-onset diabetes of the young type 2|Hyperinsulinism due to glucokinase deficiency|Permanent neonatal diabetes mellitus|Maturity-onset diabetes of the young|Type 2 diabetes mellitus;Hyperinsulinism due to glucokinase deficiency;Permanent neonatal diabetes mellitus 1;Maturity-onset diabetes of the young type 2|Monogenic diabetes",germline;unknown,germline,GRCh38,NC_000007.14,7,44145148,44145148,na,na,7p13,reviewed by expert panel,8,-,N,ClinGen:CA213763,2,36202,44145148,C,A,-,-,-,-,-,-,SCV004032106,-,-,Benign,p.Met462Ile,M,462.0,I,0.1725,benign,0.45,Benign,chr7:g.44145148C>A
44868,single nucleotide variant,NM_000162.5(GCK):c.146C>A (p.Thr49Asn),2645,GCK,HGNC:4195,Likely pathogenic,1,"Aug 13, 2023",193922286,-,RCV000029867|RCV003325948,"MONDO:MONDO:0007453,MedGen:C0342277,OMIM:125851,Orphanet:552|MONDO:MONDO:0015967,MedGen:C3888631,Orphanet:183625",Maturity-onset diabetes of the young type 2|Monogenic diabetes,germline,germline,GRCh38,NC_000007.14,7,44153363,44153363,na,na,7p13,reviewed by expert panel,2,-,N,ClinGen:CA213765,2,36204,44153363,G,T,-,-,-,-,-,-,SCV004032095,-,-,Pathogenic,p.Thr49Asn,T,49.0,N,0.2077,benign,0.691,LoF,chr7:g.44153363G>T
44869,single nucleotide variant,NM_000162.5(GCK):c.175C>T (p.Pro59Ser),2645,GCK,HGNC:4195,Pathogenic/Likely pathogenic,1,"Aug 01, 2025",193922287,-,RCV000029868|RCV000518012,"MONDO:MONDO:0007453,MedGen:C0342277,OMIM:125851,Orphanet:552|MedGen:C3661900",Maturity-onset diabetes of the young type 2|not provided,germline,germline,GRCh38,NC_000007.14,7,44153334,44153334,na,na,7p13,"criteria provided, multiple submitters, no conflicts",4,-,N,ClinGen:CA213767,2,36205,44153334,G,A,-,-,-,-,-,-,SCV000052523|SCV000613414|SCV003439957|SCV004169483,-,-,Pathogenic,p.Pro59Ser,P,59.0,S,0.9214,pathogenic,0.956,LoF,chr7:g.44153334G>A
44873,single nucleotide variant,NM_000162.5(GCK):c.214G>A (p.Gly72Arg),2645,GCK,HGNC:4195,Pathogenic,1,"Aug 13, 2023",193922289,-,RCV000029872|RCV000255585|RCV001248967|RCV002426523,"MONDO:MONDO:0007453,MedGen:C0342277,OMIM:125851,Orphanet:552|MedGen:C3661900|MONDO:MONDO:0015967,MedGen:C3888631,Orphanet:183625|Human Phenotype Ontology:HP:0004904,MONDO:MONDO:0018911,MedGen:C0342276,OMIM:PS125850,Orphanet:552",Maturity-onset diabetes of the young type 2|not provided|Monogenic diabetes|Maturity-onset diabetes of the young,germline,germline,GRCh38,NC_000007.14,7,44152420,44152420,na,na,7p13,reviewed by expert panel,12,-,N,ClinGen:CA213771,2,36209,44152420,C,T,-,-,-,-,-,-,SCV004032094,-,-,Pathogenic,p.Gly72Arg,G,72.0,R,0.9917,pathogenic,0.994,LoF,chr7:g.44152420C>T
44875,single nucleotide variant,NM_000162.5(GCK):c.304A>T (p.Lys102Ter),2645,GCK,HGNC:4195,Likely pathogenic,1,"Jan 03, 2025",193922291,-,RCV000029874|RCV002463997|RCV004991978,"MONDO:MONDO:0007453,MedGen:C0342277,OMIM:125851,Orphanet:552|Human Phenotype Ontology:HP:0004904,MONDO:MONDO:0018911,MedGen:C0342276,OMIM:PS125850,Orphanet:552|MONDO:MONDO:0015967,MedGen:C3888631,Orphanet:183625",Maturity-onset diabetes of the young type 2|Maturity-onset diabetes of the young|Monogenic diabetes,germline;unknown,germline,GRCh38,NC_000007.14,7,44152330,44152330,na,na,7p13,reviewed by expert panel,3,-,N,ClinGen:CA213775,2,36211,44152330,T,A,-,-,-,-,-,-,SCV005442832,-,-,Pathogenic,p.Lys102Ter,K,102.0,T,0.0742,benign,,LoF,chr7:g.44152330T>A
44882,single nucleotide variant,NM_000162.5(GCK):c.449T>C (p.Phe150Ser),2645,GCK,HGNC:4195,Pathogenic,1,"Mar 22, 2024",193922297,-,RCV000029881|RCV000432293|RCV003993658,"MONDO:MONDO:0007453,MedGen:C0342277,OMIM:125851,Orphanet:552|MedGen:C3661900|MONDO:MONDO:0015967,MedGen:C3888631,Orphanet:183625",Maturity-onset diabetes of the young type 2|not provided|Monogenic diabetes,germline,germline,GRCh38,NC_000007.14,7,44150990,44150990,na,na,7p13,reviewed by expert panel,4,-,N,"ClinGen:CA213784,UniProtKB:P35557#VAR_010588",2,36218,44150990,A,G,-,-,-,-,-,-,SCV004812201,-,-,Pathogenic,p.Phe150Ser,F,150.0,S,0.9954,pathogenic,0.983,LoF,chr7:g.44150990A>G
44885,single nucleotide variant,NM_000162.5(GCK):c.457C>T (p.Pro153Ser),2645,GCK,HGNC:4195,Likely pathogenic,1,"Apr 22, 2024",193922300,-,RCV000991335|RCV002336092|RCV004527305|RCV004558274,"MedGen:C3661900|Human Phenotype Ontology:HP:0004904,MONDO:MONDO:0018911,MedGen:C0342276,OMIM:PS125850,Orphanet:552|MONDO:MONDO:0015967,MedGen:C3888631,Orphanet:183625|MONDO:MONDO:0007453,MedGen:C0342277,OMIM:125851,Orphanet:552",not provided|Maturity-onset diabetes of the young|Monogenic diabetes|Maturity-onset diabetes of the young type 2,germline;unknown,germline,GRCh38,NC_000007.14,7,44150982,44150982,na,na,7p13,reviewed by expert panel,6,-,N,ClinGen:CA213788,2,36221,44150982,G,A,-,-,-,-,-,-,SCV005040695,-,-,Pathogenic,p.Pro153Ser,P,153.0,S,0.959,pathogenic,0.973,LoF,chr7:g.44150982G>A
44891,single nucleotide variant,NM_000162.5(GCK):c.532G>A (p.Gly178Arg),2645,GCK,HGNC:4195,Likely pathogenic,1,"Mar 22, 2026",193922305,-,RCV000029890|RCV002463599|RCV005089320|RCV006635922,"MONDO:MONDO:0007453,MedGen:C0342277,OMIM:125851,Orphanet:552|Human Phenotype Ontology:HP:0004904,MONDO:MONDO:0018911,MedGen:C0342276,OMIM:PS125850,Orphanet:552|MedGen:C3661900|MONDO:MONDO:0015967,MedGen:C3888631,Orphanet:183625",Maturity-onset diabetes of the young type 2|Maturity-onset diabetes of the young|not provided|Monogenic diabetes,germline;unknown,germline,GRCh38,NC_000007.14,7,44150016,44150016,na,na,7p13,reviewed by expert panel,5,-,N,ClinGen:CA213798,2,36227,44150016,C,T,-,-,-,-,-,-,SCV007520542,-,-,Pathogenic,p.Gly178Arg,G,178.0,R,0.8524,pathogenic,0.979,LoF,chr7:g.44150016C>T
44900,single nucleotide variant,NM_000162.5(GCK):c.630G>T (p.Met210Ile),2645,GCK,HGNC:4195,Pathogenic,1,"Jan 22, 2024",193922313,-,RCV000029899|RCV002362597|RCV003318496,"MONDO:MONDO:0007453,MedGen:C0342277,OMIM:125851,Orphanet:552|Human Phenotype Ontology:HP:0004904,MONDO:MONDO:0018911,MedGen:C0342276,OMIM:PS125850,Orphanet:552|MONDO:MONDO:0015967,MedGen:C3888631,Orphanet:183625",Maturity-onset diabetes of the young type 2|Maturity-onset diabetes of the young|Monogenic diabetes,germline;unknown,germline,GRCh38,NC_000007.14,7,44149809,44149809,na,na,7p13,reviewed by expert panel,4,-,N,ClinGen:CA213814,2,36236,44149809,C,A,-,-,-,-,-,-,SCV004022340,-,-,Pathogenic,p.Met210Ile,M,210.0,I,0.9915,pathogenic,0.94,LoF,chr7:g.44149809C>A
44902,single nucleotide variant,NM_000162.5(GCK):c.645C>G (p.Tyr215Ter),2645,GCK,HGNC:4195,Pathogenic,1,"Jan 05, 2024",144723656,-,RCV000029901|RCV000421286,"MONDO:MONDO:0007453,MedGen:C0342277,OMIM:125851,Orphanet:552|MedGen:C3661900",Maturity-onset diabetes of the young type 2|not provided,germline;unknown,germline,GRCh38,NC_000007.14,7,44149794,44149794,na,na,7p13,"criteria provided, multiple submitters, no conflicts",3,-,N,ClinGen:CA213818,2,36238,44149794,G,C,-,-,-,-,-,-,SCV000052556|SCV000515865|SCV005620890,-,-,Pathogenic,p.Tyr215Ter,Y,215.0,T,0.8394,pathogenic,,LoF,chr7:g.44149794G>C
44903,single nucleotide variant,NM_000162.5(GCK):c.658T>C (p.Cys220Arg),2645,GCK,HGNC:4195,Likely pathogenic,1,"Dec 01, 2023",193922315,-,RCV000029902|RCV003445085|RCV005089321,"MONDO:MONDO:0007453,MedGen:C0342277,OMIM:125851,Orphanet:552|MONDO:MONDO:0015967,MedGen:C3888631,Orphanet:183625|MedGen:C3661900",Maturity-onset diabetes of the young type 2|Monogenic diabetes|not provided,germline,germline,GRCh38,NC_000007.14,7,44149781,44149781,na,na,7p13,reviewed by expert panel,3,-,N,ClinGen:CA213820,2,36239,44149781,A,G,-,-,-,-,-,-,SCV004174232,-,-,Pathogenic,p.Cys220Arg,C,220.0,R,0.9953,pathogenic,0.84,LoF,chr7:g.44149781A>G
44904,single nucleotide variant,NM_000162.5(GCK):c.659G>A (p.Cys220Tyr),2645,GCK,HGNC:4195,Likely pathogenic,1,"Mar 20, 2024",193922316,-,RCV000029903|RCV002371786|RCV004721247,"MONDO:MONDO:0007453,MedGen:C0342277,OMIM:125851,Orphanet:552|Human Phenotype Ontology:HP:0004904,MONDO:MONDO:0018911,MedGen:C0342276,OMIM:PS125850,Orphanet:552|MedGen:C3661900",Maturity-onset diabetes of the young type 2|Maturity-onset diabetes of the young|not provided,germline,germline,GRCh38,NC_000007.14,7,44149780,44149780,na,na,7p13,"criteria provided, multiple submitters, no conflicts",3,-,N,ClinGen:CA213822,2,36240,44149780,C,T,-,-,-,-,-,-,SCV000052558|SCV002667188|SCV005327230,-,-,Pathogenic,p.Cys220Tyr,C,220.0,Y,0.9972,pathogenic,0.841,LoF,chr7:g.44149780C>T
44905,single nucleotide variant,NM_000162.5(GCK):c.661G>A (p.Glu221Lys),2645,GCK,HGNC:4195,Pathogenic,1,"Feb 28, 2024",193922317,-,RCV000029904|RCV000711781|RCV002371787|RCV003155041,"MONDO:MONDO:0007453,MedGen:C0342277,OMIM:125851,Orphanet:552|MedGen:C3661900|Human Phenotype Ontology:HP:0004904,MONDO:MONDO:0018911,MedGen:C0342276,OMIM:PS125850,Orphanet:552|MONDO:MONDO:0015967,MedGen:C3888631,Orphanet:183625",Maturity-onset diabetes of the young type 2|not provided|Maturity-onset diabetes of the young|Monogenic diabetes,germline,germline,GRCh38,NC_000007.14,7,44149778,44149778,na,na,7p13,reviewed by expert panel,7,-,N,"ClinGen:CA213824,UniProtKB:P35557#VAR_003702",2,36241,44149778,C,T,-,-,-,-,-,-,SCV004697921,-,-,Pathogenic,p.Glu221Lys,E,221.0,K,0.7102,pathogenic,0.789,LoF,chr7:g.44149778C>T
44907,single nucleotide variant,NM_000162.5(GCK):c.676G>A (p.Val226Met),2645,GCK,HGNC:4195,Pathogenic,1,"Aug 13, 2023",148311934,-,RCV000029906|RCV000255932|RCV000825615|RCV002477021|RCV003155042|RCV004751227,"MONDO:MONDO:0007453,MedGen:C0342277,OMIM:125851,Orphanet:552|MedGen:C3661900|Human Phenotype Ontology:HP:0004904,MONDO:MONDO:0018911,MedGen:C0342276,OMIM:PS125850,Orphanet:552|Human Phenotype Ontology:HP:0005965,Human Phenotype Ontology:HP:0005978,Human Phenotype Ontology:HP:0100652,MONDO:MONDO:0005148,MeSH:D003924,MedGen:C0011860,OMIM:125853;MONDO:MONDO:0011236,MedGen:C1865290,OMIM:602485,Orphanet:79299;MONDO:MONDO:0100165,MedGen:C5393570,OMIM:606176;MONDO:MONDO:0007453,MedGen:C0342277,OMIM:125851,Orphanet:552|MONDO:MONDO:0015967,MedGen:C3888631,Orphanet:183625|",Maturity-onset diabetes of the young type 2|not provided|Maturity-onset diabetes of the young|Type 2 diabetes mellitus;Hyperinsulinism due to glucokinase deficiency;Permanent neonatal diabetes mellitus 1;Maturity-onset diabetes of the young type 2|Monogenic diabetes|GCK-related disorder,germline;unknown,germline,GRCh38,NC_000007.14,7,44149763,44149763,na,na,7p13,reviewed by expert panel,14,-,N,"ClinGen:CA213827,UniProtKB:P35557#VAR_003703",2,36243,44149763,C,T,-,-,-,-,-,-,SCV004032089,-,-,Pathogenic,p.Val226Met,V,226.0,M,0.7465,pathogenic,0.789,GoF,chr7:g.44149763C>T
44908,single nucleotide variant,NM_000162.5(GCK):c.677T>C (p.Val226Ala),2645,GCK,HGNC:4195,Likely pathogenic,1,"Oct 13, 2023",193922319,-,RCV000029907|RCV002463604|RCV003398574,"MONDO:MONDO:0007453,MedGen:C0342277,OMIM:125851,Orphanet:552|Human Phenotype Ontology:HP:0004904,MONDO:MONDO:0018911,MedGen:C0342276,OMIM:PS125850,Orphanet:552|MONDO:MONDO:0015967,MedGen:C3888631,Orphanet:183625",Maturity-onset diabetes of the young type 2|Maturity-onset diabetes of the young|Monogenic diabetes,germline;unknown,germline,GRCh38,NC_000007.14,7,44149762,44149762,na,na,7p13,reviewed by expert panel,4,-,N,ClinGen:CA213828,2,36244,44149762,A,G,-,-,-,-,-,-,SCV004102849,-,-,Pathogenic,p.Val226Ala,V,226.0,A,0.7207,pathogenic,0.822,LoF,chr7:g.44149762A>G
44912,single nucleotide variant,NM_000162.5(GCK):c.704T>C (p.Met235Thr),2645,GCK,HGNC:4195,Pathogenic,1,"Sep 17, 2025",193922323,-,RCV000029911|RCV003556090|RCV005646845,"MONDO:MONDO:0007453,MedGen:C0342277,OMIM:125851,Orphanet:552|MedGen:C3661900|MONDO:MONDO:0015967,MedGen:C3888631,Orphanet:183625",Maturity-onset diabetes of the young type 2|not provided|Monogenic diabetes,germline,germline,GRCh38,NC_000007.14,7,44147809,44147809,na,na,7p13,reviewed by expert panel,4,-,N,ClinGen:CA213834,2,36248,44147809,A,G,-,-,-,-,-,-,SCV006336861,-,-,Pathogenic,p.Met235Thr,M,235.0,T,0.952,pathogenic,0.969,LoF,chr7:g.44147809A>G
44920,single nucleotide variant,NM_000162.5(GCK):c.76C>T (p.Gln26Ter),2645,GCK,HGNC:4195,Pathogenic,1,"Oct 23, 2025",193922329,-,RCV000029919|RCV000255007|RCV002326691|RCV004751228,"MONDO:MONDO:0007453,MedGen:C0342277,OMIM:125851,Orphanet:552|MedGen:C3661900|Human Phenotype Ontology:HP:0004904,MONDO:MONDO:0018911,MedGen:C0342276,OMIM:PS125850,Orphanet:552|",Maturity-onset diabetes of the young type 2|not provided|Maturity-onset diabetes of the young|GCK-related disorder,germline;unknown,germline,GRCh38,NC_000007.14,7,44153433,44153433,na,na,7p13,"criteria provided, multiple submitters, no conflicts",10,-,N,ClinGen:CA213850,2,36256,44153433,G,A,-,-,-,-,-,-,SCV000052574|SCV000322349|SCV000343033|SCV002067466|SCV002238461|SCV002506584|SCV002562192|SCV002601608|SCV007297576,-,-,Pathogenic,p.Gln26Ter,Q,26.0,T,0.1253,benign,,LoF,chr7:g.44153433G>A
44921,single nucleotide variant,NM_000162.5(GCK):c.779T>C (p.Phe260Ser),2645,GCK,HGNC:4195,Likely pathogenic,1,"Aug 18, 2011",193922330,-,RCV000029920|RCV002463611,"MONDO:MONDO:0007453,MedGen:C0342277,OMIM:125851,Orphanet:552|Human Phenotype Ontology:HP:0004904,MONDO:MONDO:0018911,MedGen:C0342276,OMIM:PS125850,Orphanet:552",Maturity-onset diabetes of the young type 2|Maturity-onset diabetes of the young,germline;unknown,germline,GRCh38,NC_000007.14,7,44147734,44147734,na,na,7p13,"criteria provided, multiple submitters, no conflicts",2,-,N,ClinGen:CA213852,2,36257,44147734,A,G,-,-,-,-,-,-,SCV000052575|SCV002605070,-,-,Pathogenic,p.Phe260Ser,F,260.0,S,0.995,pathogenic,0.994,LoF,chr7:g.44147734A>G
44922,single nucleotide variant,NM_000162.5(GCK):c.787T>C (p.Ser263Pro),2645,GCK,HGNC:4195,Pathogenic,1,"Jun 27, 2025",193922331,-,RCV000029921|RCV000117135|RCV000517906|RCV000826166|RCV002467500|RCV004751229|RCV005430858,"MONDO:MONDO:0007453,MedGen:C0342277,OMIM:125851,Orphanet:552|Human Phenotype Ontology:HP:0009800,MONDO:MONDO:0005406,MedGen:C0085207|MedGen:C3661900|Human Phenotype Ontology:HP:0004904,MONDO:MONDO:0018911,MedGen:C0342276,OMIM:PS125850,Orphanet:552|Human Phenotype Ontology:HP:0005965,Human Phenotype Ontology:HP:0005978,Human Phenotype Ontology:HP:0100652,MONDO:MONDO:0005148,MeSH:D003924,MedGen:C0011860,OMIM:125853;MONDO:MONDO:0007453,MedGen:C0342277,OMIM:125851,Orphanet:552||MONDO:MONDO:0015967,MedGen:C3888631,Orphanet:183625",Maturity-onset diabetes of the young type 2|Gestational diabetes|not provided|Maturity-onset diabetes of the young|Type 2 diabetes mellitus;Maturity-onset diabetes of the young type 2|GCK-related disorder|Monogenic diabetes,germline;unknown,germline,GRCh38,NC_000007.14,7,44147726,44147726,na,na,7p13,reviewed by expert panel,11,-,N,ClinGen:CA152961,2,36258,44147726,A,G,-,-,-,-,-,-,SCV006101116,-,-,Pathogenic,p.Ser263Pro,S,263.0,P,0.5986,pathogenic,0.689,LoF,chr7:g.44147726A>G
44923,single nucleotide variant,NM_000162.5(GCK):c.812T>C (p.Leu271Pro),2645,GCK,HGNC:4195,Likely pathogenic,1,"Jan 07, 2026",193922332,-,RCV000029922|RCV002463612|RCV006454640,"MONDO:MONDO:0007453,MedGen:C0342277,OMIM:125851,Orphanet:552|Human Phenotype Ontology:HP:0004904,MONDO:MONDO:0018911,MedGen:C0342276,OMIM:PS125850,Orphanet:552|MONDO:MONDO:0015967,MedGen:C3888631,Orphanet:183625",Maturity-onset diabetes of the young type 2|Maturity-onset diabetes of the young|Monogenic diabetes,germline;unknown,germline,GRCh38,NC_000007.14,7,44147701,44147701,na,na,7p13,reviewed by expert panel,3,-,N,ClinGen:CA213854,2,36259,44147701,A,G,-,-,-,-,-,-,SCV007338192,-,-,Pathogenic,p.Leu271Pro,L,271.0,P,0.8084,pathogenic,0.748,LoF,chr7:g.44147701A>G
44927,single nucleotide variant,NM_000162.5(GCK):c.871A>T (p.Lys291Ter),2645,GCK,HGNC:4195,Pathogenic/Likely pathogenic,1,"Sep 23, 2025",193922335,-,RCV000521942|RCV002490414|RCV002285138|RCV004689428,"MedGen:C3661900|Human Phenotype Ontology:HP:0005965,Human Phenotype Ontology:HP:0005978,Human Phenotype Ontology:HP:0100652,MONDO:MONDO:0005148,MeSH:D003924,MedGen:C0011860,OMIM:125853;MONDO:MONDO:0011236,MedGen:C1865290,OMIM:602485,Orphanet:79299;MONDO:MONDO:0100165,MedGen:C5393570,OMIM:606176;MONDO:MONDO:0007453,MedGen:C0342277,OMIM:125851,Orphanet:552|Human Phenotype Ontology:HP:0000819,Human Phenotype Ontology:HP:0004908,Human Phenotype Ontology:HP:0008217,Human Phenotype Ontology:HP:0008234,Human Phenotype Ontology:HP:0008260,MONDO:MONDO:0005015,MedGen:C0011849|MONDO:MONDO:0015967,MedGen:C3888631,Orphanet:183625",not provided|Type 2 diabetes mellitus;Hyperinsulinism due to glucokinase deficiency;Permanent neonatal diabetes mellitus 1;Maturity-onset diabetes of the young type 2|Diabetes mellitus|Monogenic diabetes,germline;unknown,germline,GRCh38,NC_000007.14,7,44146611,44146611,na,na,7p13,"criteria provided, multiple submitters, no conflicts",6,-,N,ClinGen:CA213860,2,36263,44146611,T,A,-,-,-,-,-,-,SCV000052581|SCV000622011|SCV002241987|SCV002574767|SCV002771539|SCV002781703,-,-,Pathogenic,p.Lys291Ter,K,291.0,T,0.9892,pathogenic,,GoF,chr7:g.44146611T>A
44928,single nucleotide variant,NM_000162.5(GCK):c.907C>T (p.Arg303Trp),2645,GCK,HGNC:4195,Likely pathogenic,1,"Dec 27, 2025",193922336,-,RCV000029927|RCV000711788|RCV002371788,"MONDO:MONDO:0007453,MedGen:C0342277,OMIM:125851,Orphanet:552|MedGen:C3661900|Human Phenotype Ontology:HP:0004904,MONDO:MONDO:0018911,MedGen:C0342276,OMIM:PS125850,Orphanet:552",Maturity-onset diabetes of the young type 2|not provided|Maturity-onset diabetes of the young,germline,germline,GRCh38,NC_000007.14,7,44146575,44146575,na,na,7p13,"criteria provided, multiple submitters, no conflicts",4,-,N,ClinGen:CA213862,2,36264,44146575,G,A,-,-,-,-,-,-,SCV000052582|SCV000842185|SCV002688544|SCV004295150,-,-,Pathogenic,p.Arg303Trp,R,303.0,W,0.9475,pathogenic,0.971,LoF,chr7:g.44146575G>A
44930,single nucleotide variant,NM_000162.5(GCK):c.944T>A (p.Leu315His),2645,GCK,HGNC:4195,Pathogenic,1,"May 05, 2025",193922338,-,RCV000029929|RCV001818187,"MONDO:MONDO:0007453,MedGen:C0342277,OMIM:125851,Orphanet:552|MedGen:C3661900",Maturity-onset diabetes of the young type 2|not provided,germline,germline,GRCh38,NC_000007.14,7,44146538,44146538,na,na,7p13,"criteria provided, multiple submitters, no conflicts",4,-,N,ClinGen:CA213866,2,36266,44146538,A,T,-,-,-,-,-,-,SCV000052584|SCV002067347|SCV003439944|SCV005419229,-,-,Pathogenic,p.Leu315His,L,315.0,H,0.9921,pathogenic,0.964,LoF,chr7:g.44146538A>T
44934,single nucleotide variant,NM_000162.5(GCK):c.971T>C (p.Leu324Pro),2645,GCK,HGNC:4195,Pathogenic/Likely pathogenic,1,"Jan 13, 2026",193922341,-,RCV000029933|RCV003482232,"MONDO:MONDO:0007453,MedGen:C0342277,OMIM:125851,Orphanet:552|MedGen:C3661900",Maturity-onset diabetes of the young type 2|not provided,germline;unknown,germline,GRCh38,NC_000007.14,7,44146511,44146511,na,na,7p13,"criteria provided, multiple submitters, no conflicts",4,-,N,ClinGen:CA213874,2,36270,44146511,A,G,-,-,-,-,-,-,SCV000052588|SCV004229672|SCV005401378|SCV005835276,-,-,Pathogenic,p.Leu324Pro,L,324.0,P,0.9898,pathogenic,0.883,LoF,chr7:g.44146511A>G
45094,single nucleotide variant,NM_000525.4(KCNJ11):c.149G>A (p.Arg50Gln),3767,KCNJ11,HGNC:6257,Pathogenic/Likely pathogenic,1,"Dec 25, 2024",80356611,-,RCV000030103|RCV000518206|RCV002222331|RCV003387732|RCV004798749,"MONDO:MONDO:0016391,MedGen:C0158981,Orphanet:224|MedGen:C3661900|MONDO:MONDO:0100164,MedGen:C1833104,OMIM:PS606176,Orphanet:99885|MONDO:MONDO:0030087,MedGen:C5394296,OMIM:618856|MedGen:C1320657","Neonatal diabetes mellitus|not provided|Permanent neonatal diabetes mellitus|Diabetes mellitus, permanent neonatal 2|Diabetes",germline,germline,GRCh38,NC_000011.10,11,17387943,17387943,na,na,11p15.1,"criteria provided, multiple submitters, no conflicts",7,-,N,ClinGen:CA214108,2,36431,17387943,C,T,-,-,-,-,-,-,SCV000052758|SCV000613861|SCV002318392|SCV002576976|SCV003439794|SCV005420898,-,-,Pathogenic,p.Arg50Gln,R,50.0,Q,0.1631,benign,0.831,GoF,chr11:g.17387943C>T
48358,single nucleotide variant,NM_000162.5(GCK):c.1015G>A (p.Glu339Lys),2645,GCK,HGNC:4195,Likely pathogenic,1,"Feb 28, 2024",397514580,-,RCV000032978|RCV003883126|RCV005089333,"MONDO:MONDO:0007453,MedGen:C0342277,OMIM:125851,Orphanet:552|MONDO:MONDO:0015967,MedGen:C3888631,Orphanet:183625|MedGen:C3661900",Maturity-onset diabetes of the young type 2|Monogenic diabetes|not provided,germline,germline,GRCh38,NC_000007.14,7,44146467,44146467,na,na,7p13,reviewed by expert panel,3,-,N,"ClinGen:CA130526,OMIM:138079.0016",3,39759,44146467,C,T,-,-,-,-,-,-,SCV004697912,-,-,Pathogenic,p.Glu339Lys,E,339.0,K,0.9731,pathogenic,0.963,LoF,chr7:g.44146467C>T
87789,single nucleotide variant,NM_000162.5(GCK):c.130G>A (p.Gly44Ser),2645,GCK,HGNC:4195,Pathogenic/Likely pathogenic,1,"Jan 12, 2026",267601516,-,RCV000992045|RCV002285265|RCV005031551|RCV004751252,"MedGen:C3661900|MONDO:MONDO:0007453,MedGen:C0342277,OMIM:125851,Orphanet:552|MONDO:MONDO:0007453,MedGen:C0342277,OMIM:125851,Orphanet:552;MONDO:MONDO:0100165,MedGen:C5393570,OMIM:606176;Human Phenotype Ontology:HP:0005965,Human Phenotype Ontology:HP:0005978,Human Phenotype Ontology:HP:0100652,MONDO:MONDO:0005148,MeSH:D003924,MedGen:C0011860,OMIM:125853;MONDO:MONDO:0011236,MedGen:C1865290,OMIM:602485,Orphanet:79299|",not provided|Maturity-onset diabetes of the young type 2|Maturity-onset diabetes of the young type 2;Permanent neonatal diabetes mellitus 1;Type 2 diabetes mellitus;Hyperinsulinism due to glucokinase deficiency|GCK-related disorder,germline;unknown,germline,GRCh38,NC_000007.14,7,44153379,44153379,na,na,7p13,"criteria provided, multiple submitters, no conflicts",9,-,N,ClinGen:CA157920006,2,76898,44153379,C,T,-,-,-,-,-,-,SCV001144009|SCV001823810|SCV002072119|SCV002232437|SCV002562158|SCV005668362|SCV005904173|SCV007329924,-,-,Pathogenic,p.Gly44Ser,G,44.0,S,0.962,pathogenic,0.962,GoF,chr7:g.44153379C>T
134587,single nucleotide variant,NM_000162.5(GCK):c.31G>A (p.Ala11Thr),2645,GCK,HGNC:4195,Benign,0,"Oct 28, 2025",116093166,-,RCV000117128|RCV000428003|RCV000445425|RCV002321595,"MedGen:CN169374|MedGen:C3661900|MONDO:MONDO:0015967,MedGen:C3888631,Orphanet:183625|Human Phenotype Ontology:HP:0004904,MONDO:MONDO:0018911,MedGen:C0342276,OMIM:PS125850,Orphanet:552",not specified|not provided|Monogenic diabetes|Maturity-onset diabetes of the young,germline;unknown,germline,GRCh38,NC_000007.14,7,44188923,44188923,na,na,7p13,reviewed by expert panel,10,-,N,"ClinGen:CA152952,UniProtKB:P35557#VAR_010583",2,129141,44188923,C,T,-,-,-,-,-,-,SCV007095702,-,-,Benign,p.Ala11Thr,A,11.0,T,0.0933,benign,0.313,Benign,chr7:g.44188923C>T
134589,single nucleotide variant,NM_000162.5(GCK):c.523G>A (p.Gly175Arg),2645,GCK,HGNC:4195,Pathogenic,1,"Jul 30, 2023",587780344,-,RCV000117130|RCV002336252|RCV003318498,"MedGen:C3661900|Human Phenotype Ontology:HP:0004904,MONDO:MONDO:0018911,MedGen:C0342276,OMIM:PS125850,Orphanet:552|MONDO:MONDO:0015967,MedGen:C3888631,Orphanet:183625",not provided|Maturity-onset diabetes of the young|Monogenic diabetes,germline,germline,GRCh38,NC_000007.14,7,44150025,44150025,na,na,7p13,reviewed by expert panel,6,-,N,"ClinGen:CA231137,UniProtKB:P35557#VAR_003698",2,129143,44150025,C,T,-,-,-,-,-,-,SCV004022341,-,-,Pathogenic,p.Gly175Arg,G,175.0,R,0.8182,pathogenic,0.965,LoF,chr7:g.44150025C>T
134590,single nucleotide variant,NM_000162.5(GCK):c.544G>A (p.Val182Met),2645,GCK,HGNC:4195,Pathogenic,1,"Feb 07, 2025",587780345,-,RCV000117131|RCV000255191|RCV000763586|RCV001248908|RCV002345419|RCV005229917,"Human Phenotype Ontology:HP:0009800,MONDO:MONDO:0005406,MedGen:C0085207|MedGen:C3661900|MONDO:MONDO:0100164,MedGen:C1833104,OMIM:PS606176,Orphanet:99885;MONDO:MONDO:0007453,MedGen:C0342277,OMIM:125851,Orphanet:552;MONDO:MONDO:0011236,MedGen:C1865290,OMIM:602485,Orphanet:79299;Human Phenotype Ontology:HP:0005965,Human Phenotype Ontology:HP:0005978,Human Phenotype Ontology:HP:0100652,MONDO:MONDO:0005148,MeSH:D003924,MedGen:C0011860,OMIM:125853|MONDO:MONDO:0007453,MedGen:C0342277,OMIM:125851,Orphanet:552|Human Phenotype Ontology:HP:0004904,MONDO:MONDO:0018911,MedGen:C0342276,OMIM:PS125850,Orphanet:552|MONDO:MONDO:0015967,MedGen:C3888631,Orphanet:183625",Gestational diabetes|not provided|Permanent neonatal diabetes mellitus;Maturity-onset diabetes of the young type 2;Hyperinsulinism due to glucokinase deficiency;Type 2 diabetes mellitus|Maturity-onset diabetes of the young type 2|Maturity-onset diabetes of the young|Monogenic diabetes,germline;unknown,germline,GRCh38,NC_000007.14,7,44150004,44150004,na,na,7p13,reviewed by expert panel,14,-,N,"ClinGen:CA152954,UniProtKB:P35557#VAR_003699",2,129144,44150004,C,T,-,-,-,-,-,-,SCV005880147,-,-,Pathogenic,p.Val182Met,V,182.0,M,0.8774,pathogenic,0.937,GoF,chr7:g.44150004C>T
134591,single nucleotide variant,NM_000162.5(GCK):c.616A>C (p.Thr206Pro),2645,GCK,HGNC:4195,Pathogenic/Likely pathogenic,1,"Jul 22, 2025",587780346,-,RCV000117132|RCV000497903|RCV001844042|RCV003343641,"Human Phenotype Ontology:HP:0009800,MONDO:MONDO:0005406,MedGen:C0085207|MedGen:C3661900|MONDO:MONDO:0015967,MedGen:C3888631,Orphanet:183625|Human Phenotype Ontology:HP:0004904,MONDO:MONDO:0018911,MedGen:C0342276,OMIM:PS125850,Orphanet:552",Gestational diabetes|not provided|Monogenic diabetes|Maturity-onset diabetes of the young,germline;unknown,germline,GRCh38,NC_000007.14,7,44149823,44149823,na,na,7p13,"criteria provided, multiple submitters, no conflicts",6,-,N,ClinGen:CA152955,2,129145,44149823,T,G,-,-,-,-,-,-,SCV000151293|SCV000589595|SCV001144025|SCV002103381|SCV004057902|SCV004295173,-,-,Pathogenic,p.Thr206Pro,T,206.0,P,0.976,pathogenic,0.991,LoF,chr7:g.44149823T>G
167547,single nucleotide variant,NM_000352.6(ABCC8):c.4105G>T (p.Ala1369Ser),6833,ABCC8,HGNC:59,Benign,0,"Feb 04, 2026",757110,-,RCV000144996|RCV000576686|RCV001533272|RCV001277184|RCV001533268|RCV001533270|RCV001533271|RCV002226425,"MedGen:CN169374|MedGen:C3661900|MONDO:MONDO:0030088,MedGen:C5394303,OMIM:618857||MONDO:MONDO:0009415,MedGen:C0271714,OMIM:240800|MONDO:MONDO:0009734,MedGen:C2931832,OMIM:256450,Orphanet:276575,Orphanet:276598|MONDO:MONDO:0012480,MedGen:C1835887,OMIM:610374,Orphanet:99886|Human Phenotype Ontology:HP:0005965,Human Phenotype Ontology:HP:0005978,Human Phenotype Ontology:HP:0100652,MONDO:MONDO:0005148,MeSH:D003924,MedGen:C0011860,OMIM:125853","not specified|not provided|Diabetes mellitus, permanent neonatal 3|Hereditary hyperinsulinism|Leucine-induced hypoglycemia|Hyperinsulinemic hypoglycemia, familial, 1|Diabetes mellitus, transient neonatal, 2|Type 2 diabetes mellitus",germline;somatic,germline/somatic,GRCh38,NC_000011.10,11,17396930,17396930,na,na,11p15.1,"criteria provided, multiple submitters, no conflicts",11,-,N,"ClinGen:CA171077,UniProtKB:Q09428#VAR_008652",2,157699,17396930,C,A,-,-,-,-,-,-,SCV000303808|SCV000677122|SCV000703631|SCV001720263|SCV001749079|SCV001749083|SCV001749084|SCV001749085|SCV001850606|SCV002505384|SCV005323553|SCV007308861,-,-,Benign,p.Ala1369Ser,A,1369.0,S,0.0597,benign,0.513,Benign,chr11:g.17396930C>A
168863,single nucleotide variant,NM_000525.4(KCNJ11):c.1009G>A (p.Val337Ile),3767,KCNJ11,HGNC:6257,Benign/Likely benign,0,"Feb 04, 2026",5215,-,RCV000146099|RCV000262909|RCV000357357|RCV000576497|RCV001275131|RCV001512206|RCV001533219|RCV002221500,"MedGen:CN169374|MONDO:MONDO:0012522,MedGen:C1864623,OMIM:610582,Orphanet:99886|MONDO:MONDO:0014589,MedGen:C4225365,OMIM:616329,Orphanet:552|MONDO:MONDO:0011153,MedGen:C2931833,OMIM:601820,Orphanet:276580,Orphanet:276603|MONDO:MONDO:0100164,MedGen:C1833104,OMIM:PS606176,Orphanet:99885|MedGen:C3661900|MONDO:MONDO:0030087,MedGen:C5394296,OMIM:618856|Human Phenotype Ontology:HP:0005965,Human Phenotype Ontology:HP:0005978,Human Phenotype Ontology:HP:0100652,MONDO:MONDO:0005148,MeSH:D003924,MedGen:C0011860,OMIM:125853","not specified|Diabetes mellitus, transient neonatal, 3|Maturity-onset diabetes of the young type 13|Hyperinsulinemic hypoglycemia, familial, 2|Permanent neonatal diabetes mellitus|not provided|Diabetes mellitus, permanent neonatal 2|Type 2 diabetes mellitus",germline;somatic;unknown,germline/somatic,GRCh38,NC_000011.10,11,17387083,17387083,na,na,11p15.1,"criteria provided, multiple submitters, no conflicts",13,-,N,ClinGen:CA172316,2,158670,17387083,C,T,-,-,-,-,-,-,SCV000193316|SCV000304660|SCV000369161|SCV000369162|SCV000369163|SCV000677327|SCV001719578|SCV001749014|SCV001749015|SCV001749032|SCV001871118|SCV005221357|SCV007308857,-,-,Benign,p.Val337Ile,V,337.0,I,0.074,benign,0.27,Benign,chr11:g.17387083C>T
186811,single nucleotide variant,NM_000352.6(ABCC8):c.4628T>C (p.Leu1543Pro),6833,ABCC8,HGNC:59,Pathogenic/Likely pathogenic,1,"Jan 19, 2026",72559713,-,RCV000169185|RCV000800626|RCV001826866|RCV002492687|RCV003468836|RCV004535147,"MONDO:MONDO:0009734,MedGen:C2931832,OMIM:256450,Orphanet:276575,Orphanet:276598|MedGen:C3661900||MONDO:MONDO:0012480,MedGen:C1835887,OMIM:610374,Orphanet:99886;MONDO:MONDO:0030088,MedGen:C5394303,OMIM:618857;MONDO:MONDO:0009734,MedGen:C2931832,OMIM:256450,Orphanet:276575,Orphanet:276598;MONDO:MONDO:0009415,MedGen:C0271714,OMIM:240800;Human Phenotype Ontology:HP:0005965,Human Phenotype Ontology:HP:0005978,Human Phenotype Ontology:HP:0100652,MONDO:MONDO:0005148,MeSH:D003924,MedGen:C0011860,OMIM:125853|Human Phenotype Ontology:HP:0005965,Human Phenotype Ontology:HP:0005978,Human Phenotype Ontology:HP:0100652,MONDO:MONDO:0005148,MeSH:D003924,MedGen:C0011860,OMIM:125853|","Hyperinsulinemic hypoglycemia, familial, 1|not provided|Hereditary hyperinsulinism|Diabetes mellitus, transient neonatal, 2;Diabetes mellitus, permanent neonatal 3;Hyperinsulinemic hypoglycemia, familial, 1;Leucine-induced hypoglycemia;Type 2 diabetes mellitus|Type 2 diabetes mellitus|ABCC8-related disorder",germline;unknown,germline,GRCh38,NC_000011.10,11,17393109,17393109,na,na,11p15.1,"criteria provided, multiple submitters, no conflicts",8,-,N,"ClinGen:CA274017,UniProtKB:Q09428#VAR_015010",2,188836,17393109,A,G,-,-,-,-,-,-,SCV000592989|SCV000940355|SCV002797611|SCV004026514|SCV004120041|SCV004190524,-,-,Pathogenic,p.Leu1543Pro,L,1543.0,P,0.9839,pathogenic,0.915,LoF,chr11:g.17393109A>G
186812,single nucleotide variant,NM_000352.6(ABCC8):c.4411G>A (p.Asp1471Asn),6833,ABCC8,HGNC:59,Pathogenic,1,"Sep 18, 2025",72559716,-,RCV000169299|RCV000586940|RCV001277177|RCV001385864|RCV003468839|RCV004545752|RCV005042353|RCV006636212,"MONDO:MONDO:0009734,MedGen:C2931832,OMIM:256450,Orphanet:276575,Orphanet:276598|MONDO:MONDO:0017182,MedGen:C3888018,Orphanet:276525||MedGen:C3661900|Human Phenotype Ontology:HP:0005965,Human Phenotype Ontology:HP:0005978,Human Phenotype Ontology:HP:0100652,MONDO:MONDO:0005148,MeSH:D003924,MedGen:C0011860,OMIM:125853||Human Phenotype Ontology:HP:0005965,Human Phenotype Ontology:HP:0005978,Human Phenotype Ontology:HP:0100652,MONDO:MONDO:0005148,MeSH:D003924,MedGen:C0011860,OMIM:125853;MONDO:MONDO:0030088,MedGen:C5394303,OMIM:618857;MONDO:MONDO:0012480,MedGen:C1835887,OMIM:610374,Orphanet:99886;MONDO:MONDO:0009734,MedGen:C2931832,OMIM:256450,Orphanet:276575,Orphanet:276598;MONDO:MONDO:0009415,MedGen:C0271714,OMIM:240800|","Hyperinsulinemic hypoglycemia, familial, 1|Familial hyperinsulinism|Hereditary hyperinsulinism|not provided|Type 2 diabetes mellitus|ABCC8-related disorder|Type 2 diabetes mellitus;Diabetes mellitus, permanent neonatal 3;Diabetes mellitus, transient neonatal, 2;Hyperinsulinemic hypoglycemia, familial, 1;Leucine-induced hypoglycemia|ABCC8-related channelopathies",germline;unknown,germline,GRCh38,NC_000011.10,11,17395172,17395172,na,na,11p15.1,"criteria provided, multiple submitters, no conflicts",9,-,N,ClinGen:CA274147,2,188931,17395172,C,T,-,-,-,-,-,-,SCV000696591|SCV000914500|SCV001585867|SCV001984815|SCV004026579|SCV004197210|SCV005676657|SCV007521221,-,-,Pathogenic,p.Asp1471Asn,D,1471.0,N,0.2614,benign,0.596,LoF,chr11:g.17395172C>T
186814,single nucleotide variant,NM_000352.6(ABCC8):c.2857C>T (p.Gln953Ter),6833,ABCC8,HGNC:59,Pathogenic/Likely pathogenic,1,"May 08, 2024",541269678,-,RCV000169265|RCV000780808|RCV001040693|RCV002505223|RCV004567366,"MONDO:MONDO:0009734,MedGen:C2931832,OMIM:256450,Orphanet:276575,Orphanet:276598|MONDO:MONDO:0017182,MedGen:C3888018,Orphanet:276525|MedGen:C3661900|MONDO:MONDO:0012480,MedGen:C1835887,OMIM:610374,Orphanet:99886;MONDO:MONDO:0030088,MedGen:C5394303,OMIM:618857;MONDO:MONDO:0009734,MedGen:C2931832,OMIM:256450,Orphanet:276575,Orphanet:276598;MONDO:MONDO:0009415,MedGen:C0271714,OMIM:240800;Human Phenotype Ontology:HP:0005965,Human Phenotype Ontology:HP:0005978,Human Phenotype Ontology:HP:0100652,MONDO:MONDO:0005148,MeSH:D003924,MedGen:C0011860,OMIM:125853|Human Phenotype Ontology:HP:0005965,Human Phenotype Ontology:HP:0005978,Human Phenotype Ontology:HP:0100652,MONDO:MONDO:0005148,MeSH:D003924,MedGen:C0011860,OMIM:125853","Hyperinsulinemic hypoglycemia, familial, 1|Familial hyperinsulinism|not provided|Diabetes mellitus, transient neonatal, 2;Diabetes mellitus, permanent neonatal 3;Hyperinsulinemic hypoglycemia, familial, 1;Leucine-induced hypoglycemia;Type 2 diabetes mellitus|Type 2 diabetes mellitus",germline;paternal;unknown,germline,GRCh38,NC_000011.10,11,17407417,17407417,na,na,11p15.1,"criteria provided, multiple submitters, no conflicts",12,-,N,ClinGen:CA274108,2,188905,17407417,G,A,-,-,-,-,-,-,SCV000592992|SCV000918370|SCV001204282|SCV002038582|SCV002762749|SCV002809635|SCV004175338|SCV005054944|SCV006278161,-,-,Pathogenic,p.Gln953Ter,Q,953.0,T,0.103,benign,,LoF,chr11:g.17407417G>A
186819,single nucleotide variant,NM_000352.6(ABCC8):c.1678G>A (p.Val560Met),6833,ABCC8,HGNC:59,Benign/Likely benign,0,"Jan 28, 2026",4148619,-,RCV000169284|RCV000363132|RCV000324855|RCV000913195|RCV001272239|RCV002222421,"MONDO:MONDO:0009734,MedGen:C2931832,OMIM:256450,Orphanet:276575,Orphanet:276598|MONDO:MONDO:0100164,MedGen:C1833104,OMIM:PS606176,Orphanet:99885|MONDO:MONDO:0012480,MedGen:C1835887,OMIM:610374,Orphanet:99886|MedGen:C3661900||MedGen:CN169374","Hyperinsulinemic hypoglycemia, familial, 1|Permanent neonatal diabetes mellitus|Diabetes mellitus, transient neonatal, 2|not provided|Hereditary hyperinsulinism|not specified",germline;unknown,germline,GRCh38,NC_000011.10,11,17430953,17430953,na,na,11p15.1,"criteria provided, multiple submitters, no conflicts",5,-,N,"ClinGen:CA274125,UniProtKB:Q09428#VAR_008645",2,188919,17430953,C,T,-,-,-,-,-,-,SCV000369368|SCV000369369|SCV000369370|SCV001058338|SCV002500323,-,-,Benign,p.Val560Met,V,560.0,M,0.113,benign,0.505,Benign,chr11:g.17430953C>T
192186,single nucleotide variant,NM_000162.5(GCK):c.118G>A (p.Glu40Lys),2645,GCK,HGNC:4195,Pathogenic,1,"Jan 29, 2025",794727236,-,RCV000175536|RCV005054175|RCV003388832,"MedGen:C3661900|MONDO:MONDO:0015967,MedGen:C3888631,Orphanet:183625|MONDO:MONDO:0007453,MedGen:C0342277,OMIM:125851,Orphanet:552",not provided|Monogenic diabetes|Maturity-onset diabetes of the young type 2,germline;unknown,germline,GRCh38,NC_000007.14,7,44153391,44153391,na,na,7p13,reviewed by expert panel,3,-,N,ClinGen:CA201503,2,195024,44153391,C,T,-,-,-,-,-,-,SCV005687807,-,-,Pathogenic,p.Glu40Lys,E,40.0,K,0.9517,pathogenic,0.967,LoF,chr7:g.44153391C>T
195211,single nucleotide variant,NM_000162.5(GCK):c.601G>T (p.Ala201Ser),2645,GCK,HGNC:4195,Pathogenic,1,"Feb 23, 2024",794727775,-,RCV000711778|RCV002272161|RCV002354464|RCV003883139,"MedGen:C3661900|MONDO:MONDO:0007453,MedGen:C0342277,OMIM:125851,Orphanet:552|Human Phenotype Ontology:HP:0004904,MONDO:MONDO:0018911,MedGen:C0342276,OMIM:PS125850,Orphanet:552|MONDO:MONDO:0015967,MedGen:C3888631,Orphanet:183625",not provided|Maturity-onset diabetes of the young type 2|Maturity-onset diabetes of the young|Monogenic diabetes,germline,germline,GRCh38,NC_000007.14,7,44149838,44149838,na,na,7p13,reviewed by expert panel,8,-,N,ClinGen:CA246541,2,198050,44149838,C,A,-,-,-,-,-,-,SCV004697928,-,-,Pathogenic,p.Ala201Ser,A,201.0,S,0.3531,ambiguous,0.929,LoF,chr7:g.44149838C>A
195558,single nucleotide variant,NM_000162.5(GCK):c.688T>C (p.Cys230Arg),2645,GCK,HGNC:4195,Likely pathogenic,1,"Dec 02, 2023",794727839,-,RCV000711783|RCV002051823|RCV002509283|RCV002463657|RCV003445614,"MedGen:C3661900|MONDO:MONDO:0007453,MedGen:C0342277,OMIM:125851,Orphanet:552|MedGen:CN169374|Human Phenotype Ontology:HP:0004904,MONDO:MONDO:0018911,MedGen:C0342276,OMIM:PS125850,Orphanet:552|MONDO:MONDO:0015967,MedGen:C3888631,Orphanet:183625",not provided|Maturity-onset diabetes of the young type 2|not specified|Maturity-onset diabetes of the young|Monogenic diabetes,germline;unknown,germline,GRCh38,NC_000007.14,7,44147825,44147825,na,na,7p13,reviewed by expert panel,8,-,N,ClinGen:CA247034,2,198397,44147825,A,G,-,-,-,-,-,-,SCV004174239,-,-,Pathogenic,p.Cys230Arg,C,230.0,R,0.9937,pathogenic,0.85,LoF,chr7:g.44147825A>G
207481,single nucleotide variant,NM_000162.5(GCK):c.835G>C (p.Glu279Gln),2645,GCK,HGNC:4195,Benign,0,"Oct 03, 2025",104894005,-,RCV000194319|RCV000880473|RCV003313054|RCV003335189|RCV003992227,"MedGen:CN169374|MedGen:C3661900|MONDO:MONDO:0015967,MedGen:C3888631,Orphanet:183625|MONDO:MONDO:0007453,MedGen:C0342277,OMIM:125851,Orphanet:552;MONDO:MONDO:0011236,MedGen:C1865290,OMIM:602485,Orphanet:79299;Human Phenotype Ontology:HP:0005965,Human Phenotype Ontology:HP:0005978,Human Phenotype Ontology:HP:0100652,MONDO:MONDO:0005148,MeSH:D003924,MedGen:C0011860,OMIM:125853|MONDO:MONDO:0007453,MedGen:C0342277,OMIM:125851,Orphanet:552",not specified|not provided|Monogenic diabetes|Maturity-onset diabetes of the young type 2;Hyperinsulinism due to glucokinase deficiency;Type 2 diabetes mellitus|Maturity-onset diabetes of the young type 2,germline;unknown,germline,GRCh38,NC_000007.14,7,44147678,44147678,na,na,7p13,reviewed by expert panel,8,-,N,"ClinGen:CA208420,UniProtKB:P35557#VAR_003709",2,211076,44147678,C,G,-,-,-,-,-,-,SCV004012126,-,-,Benign,p.Glu279Gln,E,279.0,Q,0.0984,benign,0.698,Benign,chr7:g.44147678C>G
207484,single nucleotide variant,NM_000162.5(GCK):c.370G>A (p.Asp124Asn),2645,GCK,HGNC:4195,Pathogenic,1,"Nov 02, 2023",759072800,-,RCV000193215|RCV000518229|RCV001248968|RCV002464011|RCV003955153,"MONDO:MONDO:0007453,MedGen:C0342277,OMIM:125851,Orphanet:552|MedGen:C3661900|MONDO:MONDO:0015967,MedGen:C3888631,Orphanet:183625|Human Phenotype Ontology:HP:0004904,MONDO:MONDO:0018911,MedGen:C0342276,OMIM:PS125850,Orphanet:552|",Maturity-onset diabetes of the young type 2|not provided|Monogenic diabetes|Maturity-onset diabetes of the young|GCK-related disorder,germline;unknown,germline,GRCh38,NC_000007.14,7,44151069,44151069,na,na,7p13,reviewed by expert panel,11,-,N,ClinGen:CA206547,2,211073,44151069,C,T,-,-,-,-,-,-,SCV004102852,-,-,Pathogenic,p.Asp124Asn,D,124.0,N,0.5637,ambiguous,0.817,LoF,chr7:g.44151069C>T
207849,single nucleotide variant,NM_000352.6(ABCC8):c.1858C>T (p.Arg620Cys),6833,ABCC8,HGNC:59,Benign/Likely benign,0,"Jan 28, 2026",58241708,-,RCV000193433|RCV000671926|RCV000952127|RCV001174394|RCV001274301,"MedGen:CN169374|MONDO:MONDO:0009734,MedGen:C2931832,OMIM:256450,Orphanet:276575,Orphanet:276598|MedGen:C3661900|MONDO:MONDO:0015967,MedGen:C3888631,Orphanet:183625|","not specified|Hyperinsulinemic hypoglycemia, familial, 1|not provided|Monogenic diabetes|Hereditary hyperinsulinism",germline;unknown,germline,GRCh38,NC_000011.10,11,17428630,17428630,na,na,11p15.1,"criteria provided, multiple submitters, no conflicts",12,-,N,"ClinGen:CA206924,UniProtKB:Q09428#VAR_031365",2,210071,17428630,G,A,-,-,-,-,-,-,SCV000246291|SCV001098602|SCV001138234|SCV001337532|SCV001757904|SCV002598613|SCV004562089,-,-,Benign,p.Arg620Cys,R,620.0,C,0.1035,benign,0.445,Benign,chr11:g.17428630G>A
207857,single nucleotide variant,NM_000352.6(ABCC8):c.563A>G (p.Asn188Ser),6833,ABCC8,HGNC:59,Pathogenic/Likely pathogenic,1,"Jul 08, 2025",797045213,-,RCV000192482|RCV000517846|RCV001833135|RCV003227708|RCV004567393|RCV005049469,"MONDO:MONDO:0009734,MedGen:C2931832,OMIM:256450,Orphanet:276575,Orphanet:276598|MedGen:C3661900||MONDO:MONDO:0030088,MedGen:C5394303,OMIM:618857|Human Phenotype Ontology:HP:0005965,Human Phenotype Ontology:HP:0005978,Human Phenotype Ontology:HP:0100652,MONDO:MONDO:0005148,MeSH:D003924,MedGen:C0011860,OMIM:125853|MONDO:MONDO:0012480,MedGen:C1835887,OMIM:610374,Orphanet:99886;Human Phenotype Ontology:HP:0005965,Human Phenotype Ontology:HP:0005978,Human Phenotype Ontology:HP:0100652,MONDO:MONDO:0005148,MeSH:D003924,MedGen:C0011860,OMIM:125853;MONDO:MONDO:0009734,MedGen:C2931832,OMIM:256450,Orphanet:276575,Orphanet:276598;MONDO:MONDO:0009415,MedGen:C0271714,OMIM:240800;MONDO:MONDO:0030088,MedGen:C5394303,OMIM:618857","Hyperinsulinemic hypoglycemia, familial, 1|not provided|Hereditary hyperinsulinism|Diabetes mellitus, permanent neonatal 3|Type 2 diabetes mellitus|Diabetes mellitus, transient neonatal, 2;Type 2 diabetes mellitus;Hyperinsulinemic hypoglycemia, familial, 1;Leucine-induced hypoglycemia;Diabetes mellitus, permanent neonatal 3",germline;unknown,germline,GRCh38,NC_000011.10,11,17463454,17463454,na,na,11p15.1,"criteria provided, multiple submitters, no conflicts",12,-,N,"ClinGen:CA276976,UniProtKB:Q09428#VAR_008642",2,210082,17463454,T,C,-,-,-,-,-,-,SCV000246304|SCV000612223|SCV001361175|SCV002228414|SCV003924351|SCV005058628|SCV005398939|SCV005676102|SCV005905380|SCV006322205,-,-,Pathogenic,p.Asn188Ser,N,188.0,S,0.1064,benign,0.533,LoF,chr11:g.17463454T>C
207858,single nucleotide variant,NM_000352.6(ABCC8):c.331G>A (p.Gly111Arg),6833,ABCC8,HGNC:59,Pathogenic/Likely pathogenic,1,"Nov 25, 2024",761749884,-,RCV000193936|RCV001068772|RCV001804929|RCV003468881|RCV005042410,"MONDO:MONDO:0009734,MedGen:C2931832,OMIM:256450,Orphanet:276575,Orphanet:276598|MedGen:C3661900|MONDO:MONDO:0017182,MedGen:C3888018,Orphanet:276525|Human Phenotype Ontology:HP:0005965,Human Phenotype Ontology:HP:0005978,Human Phenotype Ontology:HP:0100652,MONDO:MONDO:0005148,MeSH:D003924,MedGen:C0011860,OMIM:125853|MONDO:MONDO:0012480,MedGen:C1835887,OMIM:610374,Orphanet:99886;Human Phenotype Ontology:HP:0005965,Human Phenotype Ontology:HP:0005978,Human Phenotype Ontology:HP:0100652,MONDO:MONDO:0005148,MeSH:D003924,MedGen:C0011860,OMIM:125853;MONDO:MONDO:0009734,MedGen:C2931832,OMIM:256450,Orphanet:276575,Orphanet:276598;MONDO:MONDO:0009415,MedGen:C0271714,OMIM:240800;MONDO:MONDO:0030088,MedGen:C5394303,OMIM:618857","Hyperinsulinemic hypoglycemia, familial, 1|not provided|Familial hyperinsulinism|Type 2 diabetes mellitus|Diabetes mellitus, transient neonatal, 2;Type 2 diabetes mellitus;Hyperinsulinemic hypoglycemia, familial, 1;Leucine-induced hypoglycemia;Diabetes mellitus, permanent neonatal 3",germline;unknown,germline,GRCh38,NC_000011.10,11,17470182,17470182,na,na,11p15.1,"criteria provided, multiple submitters, no conflicts",10,-,N,"ClinGen:CA277230,UniProtKB:Q09428#VAR_031355",2,210074,17470182,C,T,-,-,-,-,-,-,SCV000246294|SCV001233904|SCV002051106|SCV002318429|SCV004026583|SCV004100576|SCV004191760|SCV005676113|SCV006321986,-,-,Pathogenic,p.Gly111Arg,G,111.0,R,0.9331,pathogenic,0.636,LoF,chr11:g.17470182C>T
214504,single nucleotide variant,NM_000352.6(ABCC8):c.683G>A (p.Gly228Asp),6833,ABCC8,HGNC:59,Pathogenic/Likely pathogenic,1,"May 12, 2024",863225280,-,RCV000201871|RCV000590369|RCV000984139|RCV002253285|RCV003462355|RCV005042434,"MedGen:C3661900|MONDO:MONDO:0017182,MedGen:C3888018,Orphanet:276525|MONDO:MONDO:0009734,MedGen:C2931832,OMIM:256450,Orphanet:276575,Orphanet:276598|Human Phenotype Ontology:HP:0004904,MONDO:MONDO:0018911,MedGen:C0342276,OMIM:PS125850,Orphanet:552|Human Phenotype Ontology:HP:0005965,Human Phenotype Ontology:HP:0005978,Human Phenotype Ontology:HP:0100652,MONDO:MONDO:0005148,MeSH:D003924,MedGen:C0011860,OMIM:125853|MONDO:MONDO:0012480,MedGen:C1835887,OMIM:610374,Orphanet:99886;Human Phenotype Ontology:HP:0005965,Human Phenotype Ontology:HP:0005978,Human Phenotype Ontology:HP:0100652,MONDO:MONDO:0005148,MeSH:D003924,MedGen:C0011860,OMIM:125853;MONDO:MONDO:0009734,MedGen:C2931832,OMIM:256450,Orphanet:276575,Orphanet:276598;MONDO:MONDO:0009415,MedGen:C0271714,OMIM:240800;MONDO:MONDO:0030088,MedGen:C5394303,OMIM:618857","not provided|Familial hyperinsulinism|Hyperinsulinemic hypoglycemia, familial, 1|Maturity-onset diabetes of the young|Type 2 diabetes mellitus|Diabetes mellitus, transient neonatal, 2;Type 2 diabetes mellitus;Hyperinsulinemic hypoglycemia, familial, 1;Leucine-induced hypoglycemia;Diabetes mellitus, permanent neonatal 3",germline;unknown,germline,GRCh38,NC_000011.10,11,17461722,17461722,na,na,11p15.1,"criteria provided, multiple submitters, no conflicts",8,-,N,ClinGen:CA279580,2,217846,17461722,C,T,-,-,-,-,-,-,SCV000696593|SCV001138237|SCV001583010|SCV004193675|SCV005676095,-,-,Pathogenic,p.Gly228Asp,G,228.0,D,0.9575,pathogenic,0.614,LoF,chr11:g.17461722C>T
217193,single nucleotide variant,NM_000162.5(GCK):c.1030G>T (p.Asp344Tyr),2645,GCK,HGNC:4195,Likely pathogenic,1,"Apr 28, 2024",864321656,-,RCV000203555|RCV002463661|RCV004527370,"MONDO:MONDO:0007453,MedGen:C0342277,OMIM:125851,Orphanet:552|Human Phenotype Ontology:HP:0004904,MONDO:MONDO:0018911,MedGen:C0342276,OMIM:PS125850,Orphanet:552|MONDO:MONDO:0015967,MedGen:C3888631,Orphanet:183625",Maturity-onset diabetes of the young type 2|Maturity-onset diabetes of the young|Monogenic diabetes,germline;unknown,germline,GRCh38,NC_000007.14,7,44145720,44145720,na,na,7p13,reviewed by expert panel,4,-,N,ClinGen:CA279947,2,219179,44145720,C,A,-,-,-,-,-,-,SCV005040692,-,-,Pathogenic,p.Asp344Tyr,D,344.0,Y,0.3705,ambiguous,0.861,LoF,chr7:g.44145720C>A
236860,single nucleotide variant,NM_000162.5(GCK):c.89T>C (p.Leu30Pro),2645,GCK,HGNC:4195,Likely pathogenic,1,"Jul 16, 2025",876661320,-,RCV000223803|RCV003556284|RCV005621923,"MONDO:MONDO:0007453,MedGen:C0342277,OMIM:125851,Orphanet:552|MedGen:C3661900|MONDO:MONDO:0015967,MedGen:C3888631,Orphanet:183625",Maturity-onset diabetes of the young type 2|not provided|Monogenic diabetes,de novo;germline;unknown,germline,GRCh38,NC_000007.14,7,44153420,44153420,na,na,7p13,reviewed by expert panel,5,-,N,ClinGen:CA10581225,2,235097,44153420,A,G,-,-,-,-,-,-,SCV006301699,-,-,Pathogenic,p.Leu30Pro,L,30.0,P,0.9784,pathogenic,0.986,LoF,chr7:g.44153420A>G
237314,single nucleotide variant,NM_000352.6(ABCC8):c.3640C>T (p.Arg1214Trp),6833,ABCC8,HGNC:59,Pathogenic,1,"Feb 14, 2024",139964066,-,RCV000223959|RCV000588494|RCV000666191|RCV001828097|RCV003469115,"MedGen:C3661900|MONDO:MONDO:0017182,MedGen:C3888018,Orphanet:276525|MONDO:MONDO:0009734,MedGen:C2931832,OMIM:256450,Orphanet:276575,Orphanet:276598||Human Phenotype Ontology:HP:0005965,Human Phenotype Ontology:HP:0005978,Human Phenotype Ontology:HP:0100652,MONDO:MONDO:0005148,MeSH:D003924,MedGen:C0011860,OMIM:125853","not provided|Familial hyperinsulinism|Hyperinsulinemic hypoglycemia, familial, 1|Hereditary hyperinsulinism|Type 2 diabetes mellitus",germline;unknown,germline,GRCh38,NC_000011.10,11,17402671,17402671,na,na,11p15.1,"criteria provided, multiple submitters, no conflicts",6,-,N,"ClinGen:CA5902756,UniProtKB:Q09428#VAR_031373",2,235633,17402671,G,A,-,-,-,-,-,-,SCV000281360|SCV000696589|SCV001219153|SCV004197151,-,-,Pathogenic,p.Arg1214Trp,R,1214.0,W,0.9687,pathogenic,0.964,LoF,chr11:g.17402671G>A
237582,single nucleotide variant,NM_000162.5(GCK):c.1148C>T (p.Ser383Leu),2645,GCK,HGNC:4195,Pathogenic,1,"Feb 28, 2024",777870079,-,RCV000225001|RCV000420976|RCV003226260|RCV004796119,"MONDO:MONDO:0007453,MedGen:C0342277,OMIM:125851,Orphanet:552|MedGen:C3661900|MONDO:MONDO:0015967,MedGen:C3888631,Orphanet:183625|MONDO:MONDO:0007453,MedGen:C0342277,OMIM:125851,Orphanet:552;MONDO:MONDO:0011236,MedGen:C1865290,OMIM:602485,Orphanet:79299;Human Phenotype Ontology:HP:0005965,Human Phenotype Ontology:HP:0005978,Human Phenotype Ontology:HP:0100652,MONDO:MONDO:0005148,MeSH:D003924,MedGen:C0011860,OMIM:125853;MONDO:MONDO:0100165,MedGen:C5393570,OMIM:606176",Maturity-onset diabetes of the young type 2|not provided|Monogenic diabetes|Maturity-onset diabetes of the young type 2;Hyperinsulinism due to glucokinase deficiency;Type 2 diabetes mellitus;Permanent neonatal diabetes mellitus 1,germline;inherited,germline,GRCh38,NC_000007.14,7,44145602,44145602,na,na,7p13,reviewed by expert panel,9,-,N,ClinGen:CA10581499,2,236014,44145602,G,A,-,-,-,-,-,-,SCV004697909,-,-,Pathogenic,p.Ser383Leu,S,383.0,L,0.8675,pathogenic,0.831,GoF,chr7:g.44145602G>A
237750,single nucleotide variant,NM_000162.5(GCK):c.112C>T (p.Gln38Ter),2645,GCK,HGNC:4195,Pathogenic,1,"Aug 20, 2022",878853246,-,RCV000225041|RCV002464012|RCV002516247,"MONDO:MONDO:0007453,MedGen:C0342277,OMIM:125851,Orphanet:552|Human Phenotype Ontology:HP:0004904,MONDO:MONDO:0018911,MedGen:C0342276,OMIM:PS125850,Orphanet:552|MedGen:C3661900",Maturity-onset diabetes of the young type 2|Maturity-onset diabetes of the young|not provided,germline;inherited;unknown,germline,GRCh38,NC_000007.14,7,44153397,44153397,na,na,7p13,"criteria provided, multiple submitters, no conflicts",3,-,N,ClinGen:CA10581556,2,236192,44153397,G,A,-,-,-,-,-,-,SCV002605424|SCV003225463,-,-,Pathogenic,p.Gln38Ter,Q,38.0,T,0.4142,ambiguous,,LoF,chr7:g.44153397G>A
259865,single nucleotide variant,NM_000162.5(GCK):c.766G>A (p.Glu256Lys),2645,GCK,HGNC:4195,Pathogenic,1,"Oct 23, 2025",769268803,-,RCV000255753|RCV000763583|RCV003493556|RCV003987481|RCV004547644,"MedGen:C3661900|MONDO:MONDO:0007453,MedGen:C0342277,OMIM:125851,Orphanet:552;MONDO:MONDO:0011236,MedGen:C1865290,OMIM:602485,Orphanet:79299;MONDO:MONDO:0100164,MedGen:C1833104,OMIM:PS606176,Orphanet:99885;Human Phenotype Ontology:HP:0005965,Human Phenotype Ontology:HP:0005978,Human Phenotype Ontology:HP:0100652,MONDO:MONDO:0005148,MeSH:D003924,MedGen:C0011860,OMIM:125853|MONDO:MONDO:0007453,MedGen:C0342277,OMIM:125851,Orphanet:552|MONDO:MONDO:0015967,MedGen:C3888631,Orphanet:183625|Human Phenotype Ontology:HP:0004904,MONDO:MONDO:0018911,MedGen:C0342276,OMIM:PS125850,Orphanet:552",not provided|Maturity-onset diabetes of the young type 2;Hyperinsulinism due to glucokinase deficiency;Permanent neonatal diabetes mellitus;Type 2 diabetes mellitus|Maturity-onset diabetes of the young type 2|Monogenic diabetes|Maturity-onset diabetes of the young,germline;unknown,germline,GRCh38,NC_000007.14,7,44147747,44147747,na,na,7p13,"criteria provided, multiple submitters, no conflicts",10,-,N,"ClinGen:CA4239527,UniProtKB:P35557#VAR_003706",2,265175,44147747,C,T,-,-,-,-,-,-,SCV000321715|SCV000613455|SCV000894422|SCV002245931|SCV002525645|SCV004244361|SCV004562624|SCV004804230|SCV005043520|SCV006107712,-,-,Pathogenic,p.Glu256Lys,E,256.0,K,0.9938,pathogenic,0.977,GoF,chr7:g.44147747C>T
259866,single nucleotide variant,NM_000162.5(GCK):c.533G>A (p.Gly178Glu),2645,GCK,HGNC:4195,Pathogenic,1,"Nov 24, 2025",886039380,-,RCV000256137|RCV001844105|RCV006255633,"MedGen:C3661900|MONDO:MONDO:0007453,MedGen:C0342277,OMIM:125851,Orphanet:552|MONDO:MONDO:0015967,MedGen:C3888631,Orphanet:183625",not provided|Maturity-onset diabetes of the young type 2|Monogenic diabetes,germline,germline,GRCh38,NC_000007.14,7,44150015,44150015,na,na,7p13,reviewed by expert panel,4,-,N,ClinGen:CA10588428,2,265174,44150015,C,T,-,-,-,-,-,-,SCV007107111,-,-,Pathogenic,p.Gly178Glu,G,178.0,E,0.7841,pathogenic,0.964,LoF,chr7:g.44150015C>T
267595,single nucleotide variant,NM_000162.5(GCK):c.572G>A (p.Arg191Gln),2645,GCK,HGNC:4195,Pathogenic,1,"Apr 19, 2024",886042610,-,RCV000711776|RCV002347992|RCV002285302|RCV002222471,"MedGen:C3661900|Human Phenotype Ontology:HP:0004904,MONDO:MONDO:0018911,MedGen:C0342276,OMIM:PS125850,Orphanet:552|MONDO:MONDO:0007453,MedGen:C0342277,OMIM:125851,Orphanet:552|MONDO:MONDO:0015967,MedGen:C3888631,Orphanet:183625",not provided|Maturity-onset diabetes of the young|Maturity-onset diabetes of the young type 2|Monogenic diabetes,germline;unknown,germline,GRCh38,NC_000007.14,7,44149976,44149976,na,na,7p13,reviewed by expert panel,9,-,N,ClinGen:CA10604473,2,283358,44149976,C,T,-,-,-,-,-,-,SCV005040698,-,-,Pathogenic,p.Arg191Gln,R,191.0,Q,0.4948,ambiguous,0.873,LoF,chr7:g.44149976C>T
357938,single nucleotide variant,NM_000352.6(ABCC8):c.3748C>T (p.Arg1250Ter),6833,ABCC8,HGNC:59,Pathogenic,1,"Oct 01, 2025",1057516281,-,RCV000410347|RCV000779675|RCV001821133|RCV001828371|RCV003463787|RCV005049532|RCV005692203,"MONDO:MONDO:0009734,MedGen:C2931832,OMIM:256450,Orphanet:276575,Orphanet:276598|MONDO:MONDO:0017182,MedGen:C3888018,Orphanet:276525|MedGen:C3661900||Human Phenotype Ontology:HP:0005965,Human Phenotype Ontology:HP:0005978,Human Phenotype Ontology:HP:0100652,MONDO:MONDO:0005148,MeSH:D003924,MedGen:C0011860,OMIM:125853|MONDO:MONDO:0030088,MedGen:C5394303,OMIM:618857;MONDO:MONDO:0012480,MedGen:C1835887,OMIM:610374,Orphanet:99886;MONDO:MONDO:0009734,MedGen:C2931832,OMIM:256450,Orphanet:276575,Orphanet:276598;MONDO:MONDO:0009415,MedGen:C0271714,OMIM:240800;Human Phenotype Ontology:HP:0005965,Human Phenotype Ontology:HP:0005978,Human Phenotype Ontology:HP:0100652,MONDO:MONDO:0005148,MeSH:D003924,MedGen:C0011860,OMIM:125853|MeSH:D030342,MedGen:C0950123","Hyperinsulinemic hypoglycemia, familial, 1|Familial hyperinsulinism|not provided|Hereditary hyperinsulinism|Type 2 diabetes mellitus|Diabetes mellitus, permanent neonatal 3;Diabetes mellitus, transient neonatal, 2;Hyperinsulinemic hypoglycemia, familial, 1;Leucine-induced hypoglycemia;Type 2 diabetes mellitus|Inborn genetic diseases",germline;unknown,germline,GRCh38,NC_000011.10,11,17398344,17398344,na,na,11p15.1,"criteria provided, multiple submitters, no conflicts",8,-,N,ClinGen:CA16041440,2,370163,17398344,G,A,-,-,-,-,-,-,SCV000916395|SCV002067513|SCV002232078|SCV004191050|SCV005681085|SCV006388821,-,-,Pathogenic,p.Arg1250Ter,R,1250.0,T,0.9863,pathogenic,,LoF,chr11:g.17398344G>A
357960,single nucleotide variant,NM_000352.6(ABCC8):c.220C>T (p.Arg74Trp),6833,ABCC8,HGNC:59,Pathogenic/Likely pathogenic,1,"Jan 24, 2024",201682634,-,RCV000409175|RCV001203709|RCV001828376|RCV002230219|RCV002502430|RCV003463804|RCV005250049,"MONDO:MONDO:0009734,MedGen:C2931832,OMIM:256450,Orphanet:276575,Orphanet:276598|MedGen:C3661900||MONDO:MONDO:0017182,MedGen:C3888018,Orphanet:276525|MONDO:MONDO:0030088,MedGen:C5394303,OMIM:618857;MONDO:MONDO:0012480,MedGen:C1835887,OMIM:610374,Orphanet:99886;MONDO:MONDO:0009734,MedGen:C2931832,OMIM:256450,Orphanet:276575,Orphanet:276598;MONDO:MONDO:0009415,MedGen:C0271714,OMIM:240800;Human Phenotype Ontology:HP:0005965,Human Phenotype Ontology:HP:0005978,Human Phenotype Ontology:HP:0100652,MONDO:MONDO:0005148,MeSH:D003924,MedGen:C0011860,OMIM:125853|Human Phenotype Ontology:HP:0005965,Human Phenotype Ontology:HP:0005978,Human Phenotype Ontology:HP:0100652,MONDO:MONDO:0005148,MeSH:D003924,MedGen:C0011860,OMIM:125853|","Hyperinsulinemic hypoglycemia, familial, 1|not provided|Hereditary hyperinsulinism|Familial hyperinsulinism|Diabetes mellitus, permanent neonatal 3;Diabetes mellitus, transient neonatal, 2;Hyperinsulinemic hypoglycemia, familial, 1;Leucine-induced hypoglycemia;Type 2 diabetes mellitus|Type 2 diabetes mellitus|ABCC8-related disorder",germline;unknown,germline,GRCh38,NC_000011.10,11,17474956,17474956,na,na,11p15.1,"criteria provided, multiple submitters, no conflicts",8,-,N,ClinGen:CA5903947,2,371380,17474956,G,A,-,-,-,-,-,-,SCV001374885|SCV002511484|SCV002802735|SCV004026586|SCV004204674|SCV005900723,-,-,Pathogenic,p.Arg74Trp,R,74.0,W,0.9705,pathogenic,0.976,LoF,chr11:g.17474956G>A
371140,single nucleotide variant,NM_000162.5(GCK):c.1099G>A (p.Val367Met),2645,GCK,HGNC:4195,Pathogenic,1,"Aug 09, 2023",1057521092,-,RCV000440624|RCV003325955|RCV006263933,"MedGen:C3661900|MONDO:MONDO:0015967,MedGen:C3888631,Orphanet:183625|MONDO:MONDO:0007453,MedGen:C0342277,OMIM:125851,Orphanet:552",not provided|Monogenic diabetes|Maturity-onset diabetes of the young type 2,germline;unknown,germline,GRCh38,NC_000007.14,7,44145651,44145651,na,na,7p13,reviewed by expert panel,5,-,N,ClinGen:CA16605802,2,381598,44145651,C,T,-,-,-,-,-,-,SCV004032116,-,-,Pathogenic,p.Val367Met,V,367.0,M,0.6922,pathogenic,0.929,LoF,chr7:g.44145651C>T
380270,single nucleotide variant,NM_000162.5(GCK):c.748C>T (p.Arg250Cys),2645,GCK,HGNC:4195,Pathogenic,1,"Oct 25, 2023",1057524904,-,RCV000445484|RCV000517148|RCV000754803|RCV002393068|RCV004751527|RCV005044651,"MONDO:MONDO:0015967,MedGen:C3888631,Orphanet:183625|MedGen:C3661900|MONDO:MONDO:0007453,MedGen:C0342277,OMIM:125851,Orphanet:552|Human Phenotype Ontology:HP:0004904,MONDO:MONDO:0018911,MedGen:C0342276,OMIM:PS125850,Orphanet:552||Human Phenotype Ontology:HP:0005965,Human Phenotype Ontology:HP:0005978,Human Phenotype Ontology:HP:0100652,MONDO:MONDO:0005148,MeSH:D003924,MedGen:C0011860,OMIM:125853;MONDO:MONDO:0100165,MedGen:C5393570,OMIM:606176;MONDO:MONDO:0011236,MedGen:C1865290,OMIM:602485,Orphanet:79299;MONDO:MONDO:0007453,MedGen:C0342277,OMIM:125851,Orphanet:552",Monogenic diabetes|not provided|Maturity-onset diabetes of the young type 2|Maturity-onset diabetes of the young|GCK-related disorder|Type 2 diabetes mellitus;Permanent neonatal diabetes mellitus 1;Hyperinsulinism due to glucokinase deficiency;Maturity-onset diabetes of the young type 2,germline;unknown,germline,GRCh38,NC_000007.14,7,44147765,44147765,na,na,7p13,reviewed by expert panel,12,-,N,ClinGen:CA16609268,2,393451,44147765,G,A,-,-,-,-,-,-,SCV004102851,-,-,Pathogenic,p.Arg250Cys,R,250.0,C,0.3665,ambiguous,0.944,GoF,chr7:g.44147765G>A
380272,single nucleotide variant,NM_000162.5(GCK):c.128G>A (p.Arg43His),2645,GCK,HGNC:4195,Pathogenic,1,"Aug 25, 2023",764232985,-,RCV000445457|RCV000711763|RCV002285330|RCV002379402|RCV003418141,"MONDO:MONDO:0015967,MedGen:C3888631,Orphanet:183625|MedGen:C3661900|MONDO:MONDO:0007453,MedGen:C0342277,OMIM:125851,Orphanet:552|Human Phenotype Ontology:HP:0004904,MONDO:MONDO:0018911,MedGen:C0342276,OMIM:PS125850,Orphanet:552|",Monogenic diabetes|not provided|Maturity-onset diabetes of the young type 2|Maturity-onset diabetes of the young|GCK-related disorder,germline;unknown,germline,GRCh38,NC_000007.14,7,44153381,44153381,na,na,7p13,reviewed by expert panel,11,-,N,ClinGen:CA4239718,2,393453,44153381,C,T,-,-,-,-,-,-,SCV004032099,-,-,Pathogenic,p.Arg43His,R,43.0,H,0.1509,benign,0.816,LoF,chr7:g.44153381C>T
407140,single nucleotide variant,NM_000162.5(GCK):c.1087G>A (p.Asp363Asn),2645,GCK,HGNC:4195,Likely pathogenic,1,"Jan 22, 2024",1064793134,-,RCV000479890|RCV002431386|RCV003493592,"MedGen:C3661900|Human Phenotype Ontology:HP:0004904,MONDO:MONDO:0018911,MedGen:C0342276,OMIM:PS125850,Orphanet:552|MONDO:MONDO:0015967,MedGen:C3888631,Orphanet:183625",not provided|Maturity-onset diabetes of the young|Monogenic diabetes,germline;unknown,germline,GRCh38,NC_000007.14,7,44145663,44145663,na,na,7p13,reviewed by expert panel,6,-,N,ClinGen:CA16618466,2,418228,44145663,C,T,-,-,-,-,-,-,SCV004242346,-,-,Pathogenic,p.Asp363Asn,D,363.0,N,0.8375,pathogenic,0.869,LoF,chr7:g.44145663C>T
407147,single nucleotide variant,NM_000162.5(GCK):c.184G>A (p.Val62Met),2645,GCK,HGNC:4195,Pathogenic,1,"Aug 25, 2023",1064793998,-,RCV000481874|RCV000754817|RCV003325956|RCV005034013,"MedGen:C3661900|MONDO:MONDO:0007453,MedGen:C0342277,OMIM:125851,Orphanet:552|MONDO:MONDO:0015967,MedGen:C3888631,Orphanet:183625|Human Phenotype Ontology:HP:0005965,Human Phenotype Ontology:HP:0005978,Human Phenotype Ontology:HP:0100652,MONDO:MONDO:0005148,MeSH:D003924,MedGen:C0011860,OMIM:125853;MONDO:MONDO:0100165,MedGen:C5393570,OMIM:606176;MONDO:MONDO:0011236,MedGen:C1865290,OMIM:602485,Orphanet:79299;MONDO:MONDO:0007453,MedGen:C0342277,OMIM:125851,Orphanet:552",not provided|Maturity-onset diabetes of the young type 2|Monogenic diabetes|Type 2 diabetes mellitus;Permanent neonatal diabetes mellitus 1;Hyperinsulinism due to glucokinase deficiency;Maturity-onset diabetes of the young type 2,germline;unknown,germline,GRCh38,NC_000007.14,7,44153325,44153325,na,na,7p13,reviewed by expert panel,7,-,N,ClinGen:CA16618472,2,419624,44153325,C,T,-,-,-,-,-,-,SCV004032100,-,-,Pathogenic,p.Val62Met,V,62.0,M,0.9462,pathogenic,0.972,GoF,chr7:g.44153325C>T
407148,single nucleotide variant,NM_000162.5(GCK):c.171G>A (p.Met57Ile),2645,GCK,HGNC:4195,Pathogenic,1,"Feb 28, 2025",1057520109,-,RCV000479407|RCV002402377|RCV004689754,"MedGen:C3661900|Human Phenotype Ontology:HP:0004904,MONDO:MONDO:0018911,MedGen:C0342276,OMIM:PS125850,Orphanet:552|MONDO:MONDO:0015967,MedGen:C3888631,Orphanet:183625",not provided|Maturity-onset diabetes of the young|Monogenic diabetes,germline;unknown,germline,GRCh38,NC_000007.14,7,44153338,44153338,na,na,7p13,reviewed by expert panel,5,-,N,ClinGen:CA16618473,2,418225,44153338,C,T,-,-,-,-,-,-,SCV005880135,-,-,Pathogenic,p.Met57Ile,M,57.0,I,0.9928,pathogenic,0.988,LoF,chr7:g.44153338C>T
407150,single nucleotide variant,NM_000162.5(GCK):c.113A>C (p.Gln38Pro),2645,GCK,HGNC:4195,Pathogenic,1,"Mar 19, 2024",1064794268,-,RCV000480480|RCV000754804|RCV001731711,"MedGen:C3661900|MONDO:MONDO:0007453,MedGen:C0342277,OMIM:125851,Orphanet:552|MONDO:MONDO:0015967,MedGen:C3888631,Orphanet:183625",not provided|Maturity-onset diabetes of the young type 2|Monogenic diabetes,germline,germline,GRCh38,NC_000007.14,7,44153396,44153396,na,na,7p13,reviewed by expert panel,5,-,N,ClinGen:CA16618475,2,420070,44153396,T,G,-,-,-,-,-,-,SCV004242361,-,-,Pathogenic,p.Gln38Pro,Q,38.0,P,0.924,pathogenic,0.887,LoF,chr7:g.44153396T>G
415104,single nucleotide variant,NM_000162.5(GCK):c.571C>T (p.Arg191Trp),2645,GCK,HGNC:4195,Pathogenic,1,"Jul 23, 2023",1085307455,-,RCV000490143|RCV000754816|RCV002350083|RCV002496884|RCV003318499|RCV004751564,"MedGen:C3661900|MONDO:MONDO:0007453,MedGen:C0342277,OMIM:125851,Orphanet:552|Human Phenotype Ontology:HP:0004904,MONDO:MONDO:0018911,MedGen:C0342276,OMIM:PS125850,Orphanet:552|Human Phenotype Ontology:HP:0005965,Human Phenotype Ontology:HP:0005978,Human Phenotype Ontology:HP:0100652,MONDO:MONDO:0005148,MeSH:D003924,MedGen:C0011860,OMIM:125853;MONDO:MONDO:0100165,MedGen:C5393570,OMIM:606176;MONDO:MONDO:0011236,MedGen:C1865290,OMIM:602485,Orphanet:79299;MONDO:MONDO:0007453,MedGen:C0342277,OMIM:125851,Orphanet:552|MONDO:MONDO:0015967,MedGen:C3888631,Orphanet:183625|",not provided|Maturity-onset diabetes of the young type 2|Maturity-onset diabetes of the young|Type 2 diabetes mellitus;Permanent neonatal diabetes mellitus 1;Hyperinsulinism due to glucokinase deficiency;Maturity-onset diabetes of the young type 2|Monogenic diabetes|GCK-related disorder,germline;unknown,germline,GRCh38,NC_000007.14,7,44149977,44149977,na,na,7p13,reviewed by expert panel,14,-,N,ClinGen:CA367401530,2,426122,44149977,G,A,-,-,-,-,-,-,SCV004022332,-,-,Pathogenic,p.Arg191Trp,R,191.0,W,0.8326,pathogenic,0.936,GoF,chr7:g.44149977G>A
421632,single nucleotide variant,NM_000162.5(GCK):c.1340G>A (p.Arg447Gln),2645,GCK,HGNC:4195,Pathogenic/Likely pathogenic,1,"Jul 20, 2025",1131691416,-,RCV000494422|RCV001290675|RCV002489206,"MedGen:C3661900|MONDO:MONDO:0007453,MedGen:C0342277,OMIM:125851,Orphanet:552|Human Phenotype Ontology:HP:0005965,Human Phenotype Ontology:HP:0005978,Human Phenotype Ontology:HP:0100652,MONDO:MONDO:0005148,MeSH:D003924,MedGen:C0011860,OMIM:125853;MONDO:MONDO:0100165,MedGen:C5393570,OMIM:606176;MONDO:MONDO:0011236,MedGen:C1865290,OMIM:602485,Orphanet:79299;MONDO:MONDO:0007453,MedGen:C0342277,OMIM:125851,Orphanet:552",not provided|Maturity-onset diabetes of the young type 2|Type 2 diabetes mellitus;Permanent neonatal diabetes mellitus 1;Hyperinsulinism due to glucokinase deficiency;Maturity-onset diabetes of the young type 2,germline;unknown,germline,GRCh38,NC_000007.14,7,44145194,44145194,na,na,7p13,"criteria provided, multiple submitters, no conflicts",7,-,N,ClinGen:CA367396940,2,429500,44145194,C,T,-,-,-,-,-,-,SCV000582084|SCV001478807|SCV002069076|SCV002771531|SCV002802917|SCV004295121|SCV005418020,-,-,Pathogenic,p.Arg447Gln,R,447.0,Q,0.4031,ambiguous,0.75,GoF,chr7:g.44145194C>T
421635,single nucleotide variant,NM_000162.5(GCK):c.25G>T (p.Glu9Ter),2645,GCK,HGNC:4195,Pathogenic/Likely pathogenic,1,"Oct 15, 2015",1131691483,-,RCV000494362|RCV002463682,"MedGen:C3661900|Human Phenotype Ontology:HP:0004904,MONDO:MONDO:0018911,MedGen:C0342276,OMIM:PS125850,Orphanet:552",not provided|Maturity-onset diabetes of the young,germline;unknown,germline,GRCh38,NC_000007.14,7,44188929,44188929,na,na,7p13,"criteria provided, multiple submitters, no conflicts",2,-,N,ClinGen:CA367358148,2,429601,44188929,C,A,-,-,-,-,-,-,SCV000582210|SCV002605190,-,-,Pathogenic,p.Glu9Ter,E,9.0,T,0.3094,benign,,LoF,chr7:g.44188929C>A
425757,single nucleotide variant,NM_000162.5(GCK):c.566T>C (p.Ile189Thr),2645,GCK,HGNC:4195,Pathogenic,1,"May 08, 2023",1554335441,-,RCV000498428|RCV002285343|RCV002350106|RCV003228938|RCV003403149,"MedGen:C3661900|MONDO:MONDO:0007453,MedGen:C0342277,OMIM:125851,Orphanet:552|Human Phenotype Ontology:HP:0004904,MONDO:MONDO:0018911,MedGen:C0342276,OMIM:PS125850,Orphanet:552|MONDO:MONDO:0015967,MedGen:C3888631,Orphanet:183625|",not provided|Maturity-onset diabetes of the young type 2|Maturity-onset diabetes of the young|Monogenic diabetes|GCK-related disorder,germline;unknown,germline,GRCh38,NC_000007.14,7,44149982,44149982,na,na,7p13,reviewed by expert panel,7,-,N,ClinGen:CA367401550,2,431972,44149982,A,G,-,-,-,-,-,-,SCV003926585,-,-,Pathogenic,p.Ile189Thr,I,189.0,T,0.8938,pathogenic,0.969,LoF,chr7:g.44149982A>G
425758,single nucleotide variant,NM_000162.5(GCK):c.106C>T (p.Arg36Trp),2645,GCK,HGNC:4195,Pathogenic,1,"Feb 11, 2026",762263694,-,RCV000497478|RCV000503648|RCV000788107|RCV003403150|RCV004751569,"MedGen:C3661900|MONDO:MONDO:0007453,MedGen:C0342277,OMIM:125851,Orphanet:552|Human Phenotype Ontology:HP:0004904,MONDO:MONDO:0018911,MedGen:C0342276,OMIM:PS125850,Orphanet:552|MONDO:MONDO:0015967,MedGen:C3888631,Orphanet:183625|",not provided|Maturity-onset diabetes of the young type 2|Maturity-onset diabetes of the young|Monogenic diabetes|GCK-related disorder,germline;unknown,germline,GRCh38,NC_000007.14,7,44153403,44153403,na,na,7p13,reviewed by expert panel,11,-,N,ClinGen:CA4239720,2,431973,44153403,G,A,-,-,-,-,-,-,SCV004102863,-,-,Pathogenic,p.Arg36Trp,R,36.0,W,0.3817,ambiguous,0.911,LoF,chr7:g.44153403G>A
428725,single nucleotide variant,NM_000162.5(GCK):c.908G>A (p.Arg303Gln),2645,GCK,HGNC:4195,Likely pathogenic,1,"Sep 05, 2024",1312678560,-,RCV000499613|RCV002524187,"MONDO:MONDO:0007453,MedGen:C0342277,OMIM:125851,Orphanet:552|MedGen:C3661900",Maturity-onset diabetes of the young type 2|not provided,germline,germline,GRCh38,NC_000007.14,7,44146574,44146574,na,na,7p13,"criteria provided, multiple submitters, no conflicts",2,-,N,ClinGen:CA367400053,2,435301,44146574,C,T,-,-,-,-,-,-,SCV000594952|SCV003482756,-,-,Pathogenic,p.Arg303Gln,R,303.0,Q,0.9231,pathogenic,0.965,LoF,chr7:g.44146574C>T
428726,single nucleotide variant,NM_000162.5(GCK):c.824G>T (p.Arg275Leu),2645,GCK,HGNC:4195,Likely pathogenic,1,"Jan 10, 2025",767565869,-,RCV000504015|RCV003330317|RCV006450209,"MONDO:MONDO:0007453,MedGen:C0342277,OMIM:125851,Orphanet:552|MONDO:MONDO:0015967,MedGen:C3888631,Orphanet:183625|MedGen:C3661900",Maturity-onset diabetes of the young type 2|Monogenic diabetes|not provided,germline,germline,GRCh38,NC_000007.14,7,44147689,44147689,na,na,7p13,reviewed by expert panel,4,-,N,ClinGen:CA367400477,2,435310,44147689,C,A,-,-,-,-,-,-,SCV004037460,-,-,Pathogenic,p.Arg275Leu,R,275.0,L,0.2357,benign,0.702,LoF,chr7:g.44147689C>A
428727,single nucleotide variant,NM_000162.5(GCK):c.775G>A (p.Ala259Thr),2645,GCK,HGNC:4195,Pathogenic,1,"Aug 12, 2023",1375656631,-,RCV000501758|RCV001562849|RCV002282182,"MONDO:MONDO:0007453,MedGen:C0342277,OMIM:125851,Orphanet:552|MedGen:C3661900|MONDO:MONDO:0015967,MedGen:C3888631,Orphanet:183625",Maturity-onset diabetes of the young type 2|not provided|Monogenic diabetes,germline,germline,GRCh38,NC_000007.14,7,44147738,44147738,na,na,7p13,reviewed by expert panel,5,-,N,ClinGen:CA367400584,2,435302,44147738,C,T,-,-,-,-,-,-,SCV004032086,-,-,Pathogenic,p.Ala259Thr,A,259.0,T,0.6756,pathogenic,0.901,LoF,chr7:g.44147738C>T
428730,single nucleotide variant,NM_000162.5(GCK):c.667G>A (p.Gly223Ser),2645,GCK,HGNC:4195,Pathogenic,1,"Sep 20, 2025",1360415315,-,RCV000502130|RCV000517681|RCV000763585|RCV002367690|RCV003403165|RCV004751574,"MONDO:MONDO:0007453,MedGen:C0342277,OMIM:125851,Orphanet:552|MedGen:C3661900|MONDO:MONDO:0100164,MedGen:C1833104,OMIM:PS606176,Orphanet:99885;Human Phenotype Ontology:HP:0005965,Human Phenotype Ontology:HP:0005978,Human Phenotype Ontology:HP:0100652,MONDO:MONDO:0005148,MeSH:D003924,MedGen:C0011860,OMIM:125853;MONDO:MONDO:0011236,MedGen:C1865290,OMIM:602485,Orphanet:79299;MONDO:MONDO:0007453,MedGen:C0342277,OMIM:125851,Orphanet:552|Human Phenotype Ontology:HP:0004904,MONDO:MONDO:0018911,MedGen:C0342276,OMIM:PS125850,Orphanet:552|MONDO:MONDO:0015967,MedGen:C3888631,Orphanet:183625|",Maturity-onset diabetes of the young type 2|not provided|Permanent neonatal diabetes mellitus;Type 2 diabetes mellitus;Hyperinsulinism due to glucokinase deficiency;Maturity-onset diabetes of the young type 2|Maturity-onset diabetes of the young|Monogenic diabetes|GCK-related disorder,germline;unknown,germline,GRCh38,NC_000007.14,7,44149772,44149772,na,na,7p13,"criteria provided, multiple submitters, no conflicts",10,-,N,ClinGen:CA367401165,2,435306,44149772,C,T,-,-,-,-,-,-,SCV000594959|SCV000613448|SCV000894424|SCV002245936|SCV002559475|SCV002663328|SCV004122238|SCV004847449|SCV007333667,-,-,Pathogenic,p.Gly223Ser,G,223.0,S,0.9203,pathogenic,0.943,GoF,chr7:g.44149772C>T
428732,single nucleotide variant,NM_000162.5(GCK):c.364C>A (p.Leu122Ile),2645,GCK,HGNC:4195,Likely pathogenic,1,"Mar 07, 2024",1554335616,-,RCV000504203|RCV002473026|RCV002464017|RCV003993664,"MONDO:MONDO:0007453,MedGen:C0342277,OMIM:125851,Orphanet:552|MedGen:C3661900|Human Phenotype Ontology:HP:0004904,MONDO:MONDO:0018911,MedGen:C0342276,OMIM:PS125850,Orphanet:552|MONDO:MONDO:0015967,MedGen:C3888631,Orphanet:183625",Maturity-onset diabetes of the young type 2|not provided|Maturity-onset diabetes of the young|Monogenic diabetes,germline;unknown,germline,GRCh38,NC_000007.14,7,44151075,44151075,na,na,7p13,reviewed by expert panel,6,-,N,ClinGen:CA367402232,2,435307,44151075,G,T,-,-,-,-,-,-,SCV004812211,-,-,Pathogenic,p.Leu122Ile,L,122.0,I,0.7649,pathogenic,0.91,LoF,chr7:g.44151075G>T
429189,single nucleotide variant,NM_000525.4(KCNJ11):c.406C>T (p.Arg136Cys),3767,KCNJ11,HGNC:6257,Pathogenic/Likely pathogenic,1,"Jan 26, 2024",766891274,-,RCV000503978|RCV002481620|RCV002524208,"MONDO:MONDO:0011153,MedGen:C2931833,OMIM:601820,Orphanet:276580,Orphanet:276603|MONDO:MONDO:0014589,MedGen:C4225365,OMIM:616329,Orphanet:552;MONDO:MONDO:0012522,MedGen:C1864623,OMIM:610582,Orphanet:99886;MONDO:MONDO:0030087,MedGen:C5394296,OMIM:618856;MONDO:MONDO:0011153,MedGen:C2931833,OMIM:601820,Orphanet:276580,Orphanet:276603;Human Phenotype Ontology:HP:0005965,Human Phenotype Ontology:HP:0005978,Human Phenotype Ontology:HP:0100652,MONDO:MONDO:0005148,MeSH:D003924,MedGen:C0011860,OMIM:125853|MedGen:C3661900","Hyperinsulinemic hypoglycemia, familial, 2|Maturity-onset diabetes of the young type 13;Diabetes mellitus, transient neonatal, 3;Diabetes mellitus, permanent neonatal 2;Hyperinsulinemic hypoglycemia, familial, 2;Type 2 diabetes mellitus|not provided",germline,germline,GRCh38,NC_000011.10,11,17387686,17387686,na,na,11p15.1,"criteria provided, multiple submitters, no conflicts",3,-,N,ClinGen:CA5902293,2,435558,17387686,G,A,-,-,-,-,-,-,SCV000595312|SCV002794077|SCV003439791,-,-,Pathogenic,p.Arg136Cys,R,136.0,C,0.9007,pathogenic,0.985,LoF,chr11:g.17387686G>A
429203,single nucleotide variant,NM_000352.6(ABCC8):c.3593C>T (p.Pro1198Leu),6833,ABCC8,HGNC:59,Pathogenic/Likely pathogenic,1,"Jun 02, 2025",1554909277,-,RCV000500160|RCV002051860|RCV006263996,"MONDO:MONDO:0100164,MedGen:C1833104,OMIM:PS606176,Orphanet:99885|MONDO:MONDO:0016391,MedGen:C0158981,Orphanet:224|MedGen:C3661900",Permanent neonatal diabetes mellitus|Neonatal diabetes mellitus|not provided,germline,germline,GRCh38,NC_000011.10,11,17402718,17402718,na,na,11p15.1,"criteria provided, multiple submitters, no conflicts",3,-,N,ClinGen:CA379796687,2,434047,17402718,G,A,-,-,-,-,-,-,SCV000592983|SCV002318411|SCV007121358,-,-,Pathogenic,p.Pro1198Leu,P,1198.0,L,0.6697,pathogenic,0.917,GoF,chr11:g.17402718G>A
429204,single nucleotide variant,NM_000352.6(ABCC8):c.2992C>T (p.Arg998Ter),6833,ABCC8,HGNC:59,Pathogenic,1,"Jun 09, 2025",769518471,-,RCV000499389|RCV000517672|RCV000664138|RCV001277193|RCV003464074,"MONDO:MONDO:0009734,MedGen:C2931832,OMIM:256450,Orphanet:276575,Orphanet:276598|MedGen:C3661900|MONDO:MONDO:0015967,MedGen:C3888631,Orphanet:183625||Human Phenotype Ontology:HP:0005965,Human Phenotype Ontology:HP:0005978,Human Phenotype Ontology:HP:0100652,MONDO:MONDO:0005148,MeSH:D003924,MedGen:C0011860,OMIM:125853","Hyperinsulinemic hypoglycemia, familial, 1|not provided|Monogenic diabetes|Hereditary hyperinsulinism|Type 2 diabetes mellitus",germline;unknown,germline,GRCh38,NC_000011.10,11,17407058,17407058,na,na,11p15.1,"criteria provided, multiple submitters, no conflicts",9,-,N,ClinGen:CA5902951,2,434053,17407058,G,A,-,-,-,-,-,-,SCV000592991|SCV000612206|SCV000931645|SCV002018617|SCV002577265|SCV004197908,-,-,Pathogenic,p.Arg998Ter,R,998.0,T,0.1013,benign,,LoF,chr11:g.17407058G>A
429210,single nucleotide variant,NM_000352.6(ABCC8):c.1792C>T (p.Arg598Ter),6833,ABCC8,HGNC:59,Pathogenic,1,"Mar 17, 2025",139328569,-,RCV000500331|RCV001380990|RCV001829422|RCV001797741|RCV002496936|RCV004535574|RCV003470626,"MONDO:MONDO:0009734,MedGen:C2931832,OMIM:256450,Orphanet:276575,Orphanet:276598|MedGen:C3661900||MONDO:MONDO:0017182,MedGen:C3888018,Orphanet:276525|MONDO:MONDO:0012480,MedGen:C1835887,OMIM:610374,Orphanet:99886;MONDO:MONDO:0009415,MedGen:C0271714,OMIM:240800;MONDO:MONDO:0030088,MedGen:C5394303,OMIM:618857;MONDO:MONDO:0009734,MedGen:C2931832,OMIM:256450,Orphanet:276575,Orphanet:276598;Human Phenotype Ontology:HP:0005965,Human Phenotype Ontology:HP:0005978,Human Phenotype Ontology:HP:0100652,MONDO:MONDO:0005148,MeSH:D003924,MedGen:C0011860,OMIM:125853||Human Phenotype Ontology:HP:0005965,Human Phenotype Ontology:HP:0005978,Human Phenotype Ontology:HP:0100652,MONDO:MONDO:0005148,MeSH:D003924,MedGen:C0011860,OMIM:125853","Hyperinsulinemic hypoglycemia, familial, 1|not provided|Hereditary hyperinsulinism|Familial hyperinsulinism|Diabetes mellitus, transient neonatal, 2;Leucine-induced hypoglycemia;Diabetes mellitus, permanent neonatal 3;Hyperinsulinemic hypoglycemia, familial, 1;Type 2 diabetes mellitus|ABCC8-related disorder|Type 2 diabetes mellitus",germline;unknown,germline,GRCh38,NC_000011.10,11,17430839,17430839,na,na,11p15.1,"criteria provided, multiple submitters, no conflicts",11,-,N,ClinGen:CA5903454,2,434056,17430839,G,A,-,-,-,-,-,-,SCV000592997|SCV001579233|SCV001879520|SCV002041539|SCV002318432|SCV002811737|SCV004026553|SCV004036901|SCV004191361,-,-,Pathogenic,p.Arg598Ter,R,598.0,T,0.9361,pathogenic,,LoF,chr11:g.17430839G>A
441084,single nucleotide variant,NM_000162.5(GCK):c.1235T>G (p.Val412Gly),2645,GCK,HGNC:4195,Pathogenic,1,"Apr 27, 2024",1554334539,-,RCV000517802|RCV002463696|RCV004527382,"MedGen:CN169374|Human Phenotype Ontology:HP:0004904,MONDO:MONDO:0018911,MedGen:C0342276,OMIM:PS125850,Orphanet:552|MONDO:MONDO:0015967,MedGen:C3888631,Orphanet:183625",not specified|Maturity-onset diabetes of the young|Monogenic diabetes,germline;unknown,germline,GRCh38,NC_000007.14,7,44145515,44145515,na,na,7p13,reviewed by expert panel,3,-,N,ClinGen:CA367398280,2,447387,44145515,A,C,-,-,-,-,-,-,SCV005040675,-,-,Pathogenic,p.Val412Gly,V,412.0,G,0.8958,pathogenic,0.99,LoF,chr7:g.44145515A>C
441088,single nucleotide variant,NM_000162.5(GCK):c.1144T>C (p.Cys382Arg),2645,GCK,HGNC:4195,Pathogenic,1,"Jul 16, 2023",1554334613,-,RCV000517422|RCV002463695|RCV002525034|RCV003318501,"MedGen:CN169374|Human Phenotype Ontology:HP:0004904,MONDO:MONDO:0018911,MedGen:C0342276,OMIM:PS125850,Orphanet:552|MedGen:C3661900|MONDO:MONDO:0015967,MedGen:C3888631,Orphanet:183625",not specified|Maturity-onset diabetes of the young|not provided|Monogenic diabetes,germline;unknown,germline,GRCh38,NC_000007.14,7,44145606,44145606,na,na,7p13,reviewed by expert panel,4,-,N,ClinGen:CA367398754,2,447384,44145606,A,G,-,-,-,-,-,-,SCV004022349,-,-,Pathogenic,p.Cys382Arg,C,382.0,R,0.992,pathogenic,0.967,LoF,chr7:g.44145606A>G
441089,single nucleotide variant,NM_000162.5(GCK):c.1142T>A (p.Met381Lys),2645,GCK,HGNC:4195,Likely pathogenic,1,"Sep 09, 2023",193922266,-,RCV000516508|RCV003330318|RCV003688859|RCV005034062,"MedGen:CN169374|MONDO:MONDO:0015967,MedGen:C3888631,Orphanet:183625|MedGen:C3661900|Human Phenotype Ontology:HP:0005965,Human Phenotype Ontology:HP:0005978,Human Phenotype Ontology:HP:0100652,MONDO:MONDO:0005148,MeSH:D003924,MedGen:C0011860,OMIM:125853;MONDO:MONDO:0100165,MedGen:C5393570,OMIM:606176;MONDO:MONDO:0011236,MedGen:C1865290,OMIM:602485,Orphanet:79299;MONDO:MONDO:0007453,MedGen:C0342277,OMIM:125851,Orphanet:552",not specified|Monogenic diabetes|not provided|Type 2 diabetes mellitus;Permanent neonatal diabetes mellitus 1;Hyperinsulinism due to glucokinase deficiency;Maturity-onset diabetes of the young type 2,germline,germline,GRCh38,NC_000007.14,7,44145608,44145608,na,na,7p13,reviewed by expert panel,4,-,N,ClinGen:CA367398767,2,447383,44145608,A,T,-,-,-,-,-,-,SCV004037468,-,-,Pathogenic,p.Met381Lys,M,381.0,K,0.9686,pathogenic,0.946,GoF,chr7:g.44145608A>T
441091,single nucleotide variant,NM_000162.5(GCK):c.1120G>A (p.Val374Met),2645,GCK,HGNC:4195,Likely pathogenic,1,"Nov 03, 2023",1415041911,-,RCV000517245|RCV003403213|RCV005407668|RCV006463212,"MedGen:CN169374|MONDO:MONDO:0015967,MedGen:C3888631,Orphanet:183625|MONDO:MONDO:0007453,MedGen:C0342277,OMIM:125851,Orphanet:552|MedGen:C3661900",not specified|Monogenic diabetes|Maturity-onset diabetes of the young type 2|not provided,germline,germline,GRCh38,NC_000007.14,7,44145630,44145630,na,na,7p13,reviewed by expert panel,4,-,N,ClinGen:CA367398877,2,447380,44145630,C,T,-,-,-,-,-,-,SCV004102858,-,-,Pathogenic,p.Val374Met,V,374.0,M,0.8336,pathogenic,0.952,LoF,chr7:g.44145630C>T
441094,single nucleotide variant,NM_000162.5(GCK):c.951C>G (p.His317Gln),2645,GCK,HGNC:4195,Likely pathogenic,1,"Aug 29, 2025",1379908545,-,RCV000516618|RCV002285351|RCV002476041|RCV005629912,"MedGen:C3661900|MONDO:MONDO:0007453,MedGen:C0342277,OMIM:125851,Orphanet:552|Human Phenotype Ontology:HP:0005965,Human Phenotype Ontology:HP:0005978,Human Phenotype Ontology:HP:0100652,MONDO:MONDO:0005148,MeSH:D003924,MedGen:C0011860,OMIM:125853;MONDO:MONDO:0100165,MedGen:C5393570,OMIM:606176;MONDO:MONDO:0011236,MedGen:C1865290,OMIM:602485,Orphanet:79299;MONDO:MONDO:0007453,MedGen:C0342277,OMIM:125851,Orphanet:552|MONDO:MONDO:0015967,MedGen:C3888631,Orphanet:183625",not provided|Maturity-onset diabetes of the young type 2|Type 2 diabetes mellitus;Permanent neonatal diabetes mellitus 1;Hyperinsulinism due to glucokinase deficiency;Maturity-onset diabetes of the young type 2|Monogenic diabetes,germline;unknown,germline,GRCh38,NC_000007.14,7,44146531,44146531,na,na,7p13,reviewed by expert panel,7,-,N,ClinGen:CA367399915,2,447426,44146531,G,C,-,-,-,-,-,-,SCV006312204,-,-,Pathogenic,p.His317Gln,H,317.0,Q,0.1142,benign,0.191,GoF,chr7:g.44146531G>C
441095,single nucleotide variant,NM_000162.5(GCK):c.911T>C (p.Leu304Pro),2645,GCK,HGNC:4195,Pathogenic,1,"Aug 09, 2023",1554334894,-,RCV000518714|RCV002463711|RCV002468586|RCV003325965,"MedGen:C3661900|Human Phenotype Ontology:HP:0004904,MONDO:MONDO:0018911,MedGen:C0342276,OMIM:PS125850,Orphanet:552|MONDO:MONDO:0007453,MedGen:C0342277,OMIM:125851,Orphanet:552|MONDO:MONDO:0015967,MedGen:C3888631,Orphanet:183625",not provided|Maturity-onset diabetes of the young|Maturity-onset diabetes of the young type 2|Monogenic diabetes,germline;unknown,germline,GRCh38,NC_000007.14,7,44146571,44146571,na,na,7p13,reviewed by expert panel,8,-,N,ClinGen:CA367400043,2,447425,44146571,A,G,-,-,-,-,-,-,SCV004032114,-,-,Pathogenic,p.Leu304Pro,L,304.0,P,0.981,pathogenic,0.874,LoF,chr7:g.44146571A>G
441097,single nucleotide variant,NM_000162.5(GCK):c.883G>A (p.Gly295Ser),2645,GCK,HGNC:4195,Likely pathogenic,1,"Aug 11, 2023",1554334905,-,RCV000516528|RCV002463710|RCV002527475|RCV003325964,"MedGen:CN169374|Human Phenotype Ontology:HP:0004904,MONDO:MONDO:0018911,MedGen:C0342276,OMIM:PS125850,Orphanet:552|MedGen:C3661900|MONDO:MONDO:0015967,MedGen:C3888631,Orphanet:183625",not specified|Maturity-onset diabetes of the young|not provided|Monogenic diabetes,germline;unknown,germline,GRCh38,NC_000007.14,7,44146599,44146599,na,na,7p13,reviewed by expert panel,5,-,N,ClinGen:CA367400140,2,447423,44146599,C,T,-,-,-,-,-,-,SCV004032079,-,-,Pathogenic,p.Gly295Ser,G,295.0,S,0.9431,pathogenic,0.956,LoF,chr7:g.44146599C>T
441098,single nucleotide variant,NM_000162.5(GCK):c.830T>G (p.Val277Gly),2645,GCK,HGNC:4195,Likely pathogenic,1,"Feb 24, 2026",1554335093,-,RCV000517377|RCV002463709|RCV006605277,"MedGen:CN169374|Human Phenotype Ontology:HP:0004904,MONDO:MONDO:0018911,MedGen:C0342276,OMIM:PS125850,Orphanet:552|MONDO:MONDO:0015967,MedGen:C3888631,Orphanet:183625",not specified|Maturity-onset diabetes of the young|Monogenic diabetes,germline;unknown,germline,GRCh38,NC_000007.14,7,44147683,44147683,na,na,7p13,reviewed by expert panel,3,-,N,ClinGen:CA367400467,2,447422,44147683,A,C,-,-,-,-,-,-,SCV007496327,-,-,Pathogenic,p.Val277Gly,V,277.0,G,0.8486,pathogenic,0.955,LoF,chr7:g.44147683A>C
441100,single nucleotide variant,NM_000162.5(GCK):c.802G>A (p.Glu268Lys),2645,GCK,HGNC:4195,Pathogenic,1,"Oct 05, 2023",1554335111,-,RCV001851438|RCV003403215|RCV002463707,"MedGen:C3661900|MONDO:MONDO:0015967,MedGen:C3888631,Orphanet:183625|Human Phenotype Ontology:HP:0004904,MONDO:MONDO:0018911,MedGen:C0342276,OMIM:PS125850,Orphanet:552",not provided|Monogenic diabetes|Maturity-onset diabetes of the young,germline;unknown,germline,GRCh38,NC_000007.14,7,44147711,44147711,na,na,7p13,reviewed by expert panel,5,-,N,ClinGen:CA367400529,2,447420,44147711,C,T,-,-,-,-,-,-,SCV004102862,-,-,Pathogenic,p.Glu268Lys,E,268.0,K,0.2202,benign,0.727,LoF,chr7:g.44147711C>T
441101,single nucleotide variant,NM_000162.5(GCK):c.793G>A (p.Glu265Lys),2645,GCK,HGNC:4195,Pathogenic,1,"Jan 27, 2025",104894011,-,RCV000516510|RCV002285350|RCV002490882|RCV004689772,"MedGen:C3661900|MONDO:MONDO:0007453,MedGen:C0342277,OMIM:125851,Orphanet:552|Human Phenotype Ontology:HP:0005965,Human Phenotype Ontology:HP:0005978,Human Phenotype Ontology:HP:0100652,MONDO:MONDO:0005148,MeSH:D003924,MedGen:C0011860,OMIM:125853;MONDO:MONDO:0100165,MedGen:C5393570,OMIM:606176;MONDO:MONDO:0011236,MedGen:C1865290,OMIM:602485,Orphanet:79299;MONDO:MONDO:0007453,MedGen:C0342277,OMIM:125851,Orphanet:552|MONDO:MONDO:0015967,MedGen:C3888631,Orphanet:183625",not provided|Maturity-onset diabetes of the young type 2|Type 2 diabetes mellitus;Permanent neonatal diabetes mellitus 1;Hyperinsulinism due to glucokinase deficiency;Maturity-onset diabetes of the young type 2|Monogenic diabetes,germline;unknown,germline,GRCh38,NC_000007.14,7,44147720,44147720,na,na,7p13,"criteria provided, multiple submitters, no conflicts",7,-,N,ClinGen:CA367400548,2,447419,44147720,C,T,-,-,-,-,-,-,SCV000613461|SCV002072116|SCV002245927|SCV002562195|SCV002780923|SCV004169119|SCV005185290,-,-,Pathogenic,p.Glu265Lys,E,265.0,K,0.7229,pathogenic,0.728,GoF,chr7:g.44147720C>T
441104,single nucleotide variant,NM_000162.5(GCK):c.776C>T (p.Ala259Val),2645,GCK,HGNC:4195,Pathogenic,1,"Aug 12, 2023",1554335132,-,RCV000518148|RCV002413397|RCV003325962,"MedGen:CN169374|Human Phenotype Ontology:HP:0004904,MONDO:MONDO:0018911,MedGen:C0342276,OMIM:PS125850,Orphanet:552|MONDO:MONDO:0015967,MedGen:C3888631,Orphanet:183625",not specified|Maturity-onset diabetes of the young|Monogenic diabetes,germline;unknown,germline,GRCh38,NC_000007.14,7,44147737,44147737,na,na,7p13,reviewed by expert panel,4,-,N,ClinGen:CA367400579,2,447417,44147737,G,A,-,-,-,-,-,-,SCV004032087,-,-,Pathogenic,p.Ala259Val,A,259.0,V,0.8613,pathogenic,0.948,LoF,chr7:g.44147737G>A
441105,single nucleotide variant,NM_000162.5(GCK):c.769T>C (p.Trp257Arg),2645,GCK,HGNC:4195,Pathogenic/Likely pathogenic,1,"Jul 03, 2017",1554335135,-,RCV000516870|RCV002463706,"MedGen:C3661900|Human Phenotype Ontology:HP:0004904,MONDO:MONDO:0018911,MedGen:C0342276,OMIM:PS125850,Orphanet:552",not provided|Maturity-onset diabetes of the young,germline;unknown,germline,GRCh38,NC_000007.14,7,44147744,44147744,na,na,7p13,"criteria provided, multiple submitters, no conflicts",2,-,N,ClinGen:CA367400597,2,447416,44147744,A,G,-,-,-,-,-,-,SCV000613456|SCV002605074,-,-,Pathogenic,p.Trp257Arg,W,257.0,R,0.9993,pathogenic,0.954,LoF,chr7:g.44147744A>G
441107,single nucleotide variant,NM_000162.5(GCK):c.682A>G (p.Thr228Ala),2645,GCK,HGNC:4195,Pathogenic,1,"Feb 28, 2024",1332966015,-,RCV000516688|RCV001248971|RCV002367714,"MedGen:C3661900|MONDO:MONDO:0015967,MedGen:C3888631,Orphanet:183625|Human Phenotype Ontology:HP:0004904,MONDO:MONDO:0018911,MedGen:C0342276,OMIM:PS125850,Orphanet:552",not provided|Monogenic diabetes|Maturity-onset diabetes of the young,germline,germline,GRCh38,NC_000007.14,7,44147831,44147831,na,na,7p13,reviewed by expert panel,5,-,N,ClinGen:CA367400790,2,447413,44147831,T,C,-,-,-,-,-,-,SCV004697917,-,-,Pathogenic,p.Thr228Ala,T,228.0,A,0.9673,pathogenic,0.931,LoF,chr7:g.44147831T>C
441109,single nucleotide variant,NM_000162.5(GCK):c.623C>T (p.Ala208Val),2645,GCK,HGNC:4195,Pathogenic,1,"Jan 18, 2024",746913146,-,RCV000517275|RCV002367713|RCV003493616,"MedGen:C3661900|Human Phenotype Ontology:HP:0004904,MONDO:MONDO:0018911,MedGen:C0342276,OMIM:PS125850,Orphanet:552|MONDO:MONDO:0015967,MedGen:C3888631,Orphanet:183625",not provided|Maturity-onset diabetes of the young|Monogenic diabetes,germline,germline,GRCh38,NC_000007.14,7,44149816,44149816,na,na,7p13,reviewed by expert panel,4,-,N,ClinGen:CA4239569,2,447411,44149816,G,A,-,-,-,-,-,-,SCV004242366,-,-,Pathogenic,p.Ala208Val,A,208.0,V,0.9949,pathogenic,0.851,LoF,chr7:g.44149816G>A
441116,single nucleotide variant,NM_000162.5(GCK):c.478G>A (p.Asp160Asn),2645,GCK,HGNC:4195,Pathogenic,1,"Jan 22, 2026",1554335566,-,RCV000516357|RCV002285349|RCV002464023|RCV004701588|RCV005861125|RCV006454684,"MedGen:C3661900|MONDO:MONDO:0007453,MedGen:C0342277,OMIM:125851,Orphanet:552|Human Phenotype Ontology:HP:0004904,MONDO:MONDO:0018911,MedGen:C0342276,OMIM:PS125850,Orphanet:552|MedGen:CN169374|MONDO:MONDO:0010396,MedGen:C4750718,OMIM:300672,Orphanet:1934,Orphanet:3451,Orphanet:505652|MONDO:MONDO:0015967,MedGen:C3888631,Orphanet:183625","not provided|Maturity-onset diabetes of the young type 2|Maturity-onset diabetes of the young|not specified|Developmental and epileptic encephalopathy, 2|Monogenic diabetes",germline;unknown,germline,GRCh38,NC_000007.14,7,44150961,44150961,na,na,7p13,reviewed by expert panel,9,-,N,ClinGen:CA367401849,2,447404,44150961,C,T,-,-,-,-,-,-,SCV007338187,-,-,Pathogenic,p.Asp160Asn,D,160.0,N,0.3644,ambiguous,0.712,LoF,chr7:g.44150961C>T
441118,single nucleotide variant,NM_000162.5(GCK):c.469G>A (p.Glu157Lys),2645,GCK,HGNC:4195,Pathogenic,1,"Mar 23, 2026",1554335570,-,RCV000517004|RCV002341208|RCV002496997|RCV004701587|RCV006635943,"MedGen:C3661900|Human Phenotype Ontology:HP:0004904,MONDO:MONDO:0018911,MedGen:C0342276,OMIM:PS125850,Orphanet:552|MONDO:MONDO:0007453,MedGen:C0342277,OMIM:125851,Orphanet:552;MONDO:MONDO:0011236,MedGen:C1865290,OMIM:602485,Orphanet:79299;MONDO:MONDO:0100165,MedGen:C5393570,OMIM:606176;Human Phenotype Ontology:HP:0005965,Human Phenotype Ontology:HP:0005978,Human Phenotype Ontology:HP:0100652,MONDO:MONDO:0005148,MeSH:D003924,MedGen:C0011860,OMIM:125853|MONDO:MONDO:0007453,MedGen:C0342277,OMIM:125851,Orphanet:552|MONDO:MONDO:0015967,MedGen:C3888631,Orphanet:183625",not provided|Maturity-onset diabetes of the young|Maturity-onset diabetes of the young type 2;Hyperinsulinism due to glucokinase deficiency;Permanent neonatal diabetes mellitus 1;Type 2 diabetes mellitus|Maturity-onset diabetes of the young type 2|Monogenic diabetes,germline;unknown,germline,GRCh38,NC_000007.14,7,44150970,44150970,na,na,7p13,reviewed by expert panel,11,-,N,ClinGen:CA367401880,2,447402,44150970,C,T,-,-,-,-,-,-,SCV007520547,-,-,Pathogenic,p.Glu157Lys,E,157.0,K,0.2154,benign,0.688,GoF,chr7:g.44150970C>T
441119,single nucleotide variant,NM_000162.5(GCK):c.464G>C (p.Arg155Thr),2645,GCK,HGNC:4195,Likely pathogenic,1,"Apr 19, 2024",1554335573,-,RCV000518745|RCV002464021|RCV004527384,"MedGen:CN169374|Human Phenotype Ontology:HP:0004904,MONDO:MONDO:0018911,MedGen:C0342276,OMIM:PS125850,Orphanet:552|MONDO:MONDO:0015967,MedGen:C3888631,Orphanet:183625",not specified|Maturity-onset diabetes of the young|Monogenic diabetes,germline;unknown,germline,GRCh38,NC_000007.14,7,44150975,44150975,na,na,7p13,reviewed by expert panel,3,-,N,ClinGen:CA367401902,2,447401,44150975,C,G,-,-,-,-,-,-,SCV005040697,-,-,Pathogenic,p.Arg155Thr,R,155.0,T,0.2941,benign,0.814,LoF,chr7:g.44150975C>G
444135,single nucleotide variant,NM_000162.5(GCK):c.645C>A (p.Tyr215Ter),2645,GCK,HGNC:4195,Pathogenic/Likely pathogenic,1,"Jan 12, 2026",144723656,-,RCV000523346|RCV000826165|RCV005418192,"MedGen:C3661900|Human Phenotype Ontology:HP:0004904,MONDO:MONDO:0018911,MedGen:C0342276,OMIM:PS125850,Orphanet:552|MONDO:MONDO:0015967,MedGen:C3888631,Orphanet:183625",not provided|Maturity-onset diabetes of the young|Monogenic diabetes,germline;unknown,germline,GRCh38,NC_000007.14,7,44149794,44149794,na,na,7p13,"criteria provided, multiple submitters, no conflicts",6,-,N,ClinGen:CA367401243,2,453007,44149794,G,T,-,-,-,-,-,-,SCV000621860|SCV000967703|SCV002236305|SCV004057901|SCV006085420|SCV007297575,-,-,Pathogenic,p.Tyr215Ter,Y,215.0,T,0.8394,pathogenic,,LoF,chr7:g.44149794G>T
487472,single nucleotide variant,NM_000352.6(ABCC8):c.62T>A (p.Val21Asp),6833,ABCC8,HGNC:59,Pathogenic/Likely pathogenic,1,"Jul 04, 2024",200670692,-,RCV000588969|RCV000666072|RCV001386147|RCV001829617|RCV002491164|RCV003459458|RCV004545790,"MONDO:MONDO:0017182,MedGen:C3888018,Orphanet:276525|MONDO:MONDO:0009734,MedGen:C2931832,OMIM:256450,Orphanet:276575,Orphanet:276598|MedGen:C3661900||MONDO:MONDO:0012480,MedGen:C1835887,OMIM:610374,Orphanet:99886;MONDO:MONDO:0009734,MedGen:C2931832,OMIM:256450,Orphanet:276575,Orphanet:276598;MONDO:MONDO:0009415,MedGen:C0271714,OMIM:240800;MONDO:MONDO:0030088,MedGen:C5394303,OMIM:618857;Human Phenotype Ontology:HP:0005965,Human Phenotype Ontology:HP:0005978,Human Phenotype Ontology:HP:0100652,MONDO:MONDO:0005148,MeSH:D003924,MedGen:C0011860,OMIM:125853|Human Phenotype Ontology:HP:0005965,Human Phenotype Ontology:HP:0005978,Human Phenotype Ontology:HP:0100652,MONDO:MONDO:0005148,MeSH:D003924,MedGen:C0011860,OMIM:125853|","Familial hyperinsulinism|Hyperinsulinemic hypoglycemia, familial, 1|not provided|Hereditary hyperinsulinism|Diabetes mellitus, transient neonatal, 2;Hyperinsulinemic hypoglycemia, familial, 1;Leucine-induced hypoglycemia;Diabetes mellitus, permanent neonatal 3;Type 2 diabetes mellitus|Type 2 diabetes mellitus|ABCC8-related disorder",germline;unknown,germline,GRCh38,NC_000011.10,11,17476715,17476715,na,na,11p15.1,"criteria provided, multiple submitters, no conflicts",8,-,N,ClinGen:CA5903992,2,495835,17476715,A,T,-,-,-,-,-,-,SCV000696592|SCV001586279|SCV002775702|SCV004026592|SCV004046431|SCV004198945,-,-,Pathogenic,p.Val21Asp,V,21.0,D,0.9106,pathogenic,0.863,LoF,chr11:g.17476715A>T
545934,single nucleotide variant,NM_000352.6(ABCC8):c.1501G>A (p.Glu501Lys),6833,ABCC8,HGNC:59,Pathogenic/Likely pathogenic,1,"Oct 26, 2024",372307320,-,RCV000674549|RCV001383752|RCV002509505|RCV003465538|RCV005046912,"MONDO:MONDO:0009734,MedGen:C2931832,OMIM:256450,Orphanet:276575,Orphanet:276598|MedGen:C3661900|MONDO:MONDO:0017182,MedGen:C3888018,Orphanet:276525|Human Phenotype Ontology:HP:0005965,Human Phenotype Ontology:HP:0005978,Human Phenotype Ontology:HP:0100652,MONDO:MONDO:0005148,MeSH:D003924,MedGen:C0011860,OMIM:125853|MONDO:MONDO:0009415,MedGen:C0271714,OMIM:240800;Human Phenotype Ontology:HP:0005965,Human Phenotype Ontology:HP:0005978,Human Phenotype Ontology:HP:0100652,MONDO:MONDO:0005148,MeSH:D003924,MedGen:C0011860,OMIM:125853;MONDO:MONDO:0030088,MedGen:C5394303,OMIM:618857;MONDO:MONDO:0009734,MedGen:C2931832,OMIM:256450,Orphanet:276575,Orphanet:276598;MONDO:MONDO:0012480,MedGen:C1835887,OMIM:610374,Orphanet:99886","Hyperinsulinemic hypoglycemia, familial, 1|not provided|Familial hyperinsulinism|Type 2 diabetes mellitus|Leucine-induced hypoglycemia;Type 2 diabetes mellitus;Diabetes mellitus, permanent neonatal 3;Hyperinsulinemic hypoglycemia, familial, 1;Diabetes mellitus, transient neonatal, 2",germline;unknown,germline,GRCh38,NC_000011.10,11,17442849,17442849,na,na,11p15.1,"criteria provided, multiple submitters, no conflicts",8,-,N,ClinGen:CA5903548,2,558304,17442849,C,T,-,-,-,-,-,-,SCV001583007|SCV002067382|SCV002573387|SCV002819429|SCV004026563|SCV004199950|SCV005676401,-,-,Pathogenic,p.Glu501Lys,E,501.0,K,0.9632,pathogenic,0.949,LoF,chr11:g.17442849C>T
546168,single nucleotide variant,NM_000352.6(ABCC8):c.3763G>A (p.Gly1255Ser),6833,ABCC8,HGNC:59,Pathogenic/Likely pathogenic,1,"Oct 28, 2025",1185034563,-,RCV000667689|RCV001756130|RCV003459587|RCV006452820|RCV005614431,"MONDO:MONDO:0009734,MedGen:C2931832,OMIM:256450,Orphanet:276575,Orphanet:276598|MedGen:C3661900|Human Phenotype Ontology:HP:0005965,Human Phenotype Ontology:HP:0005978,Human Phenotype Ontology:HP:0100652,MONDO:MONDO:0005148,MeSH:D003924,MedGen:C0011860,OMIM:125853|MONDO:MONDO:0030088,MedGen:C5394303,OMIM:618857|","Hyperinsulinemic hypoglycemia, familial, 1|not provided|Type 2 diabetes mellitus|Diabetes mellitus, permanent neonatal 3|Hereditary hyperinsulinism",germline;unknown,germline,GRCh38,NC_000011.10,11,17397788,17397788,na,na,11p15.1,"criteria provided, multiple submitters, no conflicts",6,-,N,ClinGen:CA379793654,2,552431,17397788,C,T,-,-,-,-,-,-,SCV001986304|SCV003440270|SCV004205304|SCV007337953,-,-,Pathogenic,p.Gly1255Ser,G,1255.0,S,0.7578,pathogenic,0.874,LoF,chr11:g.17397788C>T
546291,single nucleotide variant,NM_000352.6(ABCC8):c.1576C>T (p.Arg526Cys),6833,ABCC8,HGNC:59,Pathogenic/Likely pathogenic,1,"Jan 14, 2026",751279984,-,RCV000669267|RCV001383751|RCV002477497|RCV003230568|RCV003459609,"MONDO:MONDO:0009734,MedGen:C2931832,OMIM:256450,Orphanet:276575,Orphanet:276598|MedGen:C3661900|MONDO:MONDO:0009415,MedGen:C0271714,OMIM:240800;Human Phenotype Ontology:HP:0005965,Human Phenotype Ontology:HP:0005978,Human Phenotype Ontology:HP:0100652,MONDO:MONDO:0005148,MeSH:D003924,MedGen:C0011860,OMIM:125853;MONDO:MONDO:0030088,MedGen:C5394303,OMIM:618857;MONDO:MONDO:0009734,MedGen:C2931832,OMIM:256450,Orphanet:276575,Orphanet:276598;MONDO:MONDO:0012480,MedGen:C1835887,OMIM:610374,Orphanet:99886|MONDO:MONDO:0017182,MedGen:C3888018,Orphanet:276525|Human Phenotype Ontology:HP:0005965,Human Phenotype Ontology:HP:0005978,Human Phenotype Ontology:HP:0100652,MONDO:MONDO:0005148,MeSH:D003924,MedGen:C0011860,OMIM:125853","Hyperinsulinemic hypoglycemia, familial, 1|not provided|Leucine-induced hypoglycemia;Type 2 diabetes mellitus;Diabetes mellitus, permanent neonatal 3;Hyperinsulinemic hypoglycemia, familial, 1;Diabetes mellitus, transient neonatal, 2|Familial hyperinsulinism|Type 2 diabetes mellitus",germline;unknown,germline,GRCh38,NC_000011.10,11,17442774,17442774,na,na,11p15.1,"criteria provided, multiple submitters, no conflicts",6,-,N,ClinGen:CA5903524,2,553752,17442774,G,A,-,-,-,-,-,-,SCV001583006|SCV002782571|SCV003928942|SCV004026561|SCV004195605,-,-,Pathogenic,p.Arg526Cys,R,526.0,C,0.9401,pathogenic,0.814,LoF,chr11:g.17442774G>A
546311,single nucleotide variant,NM_000352.6(ABCC8):c.536A>G (p.Tyr179Cys),6833,ABCC8,HGNC:59,Pathogenic,1,"Jul 11, 2025",919281813,-,RCV000667913|RCV002530729|RCV005901455,"MONDO:MONDO:0009734,MedGen:C2931832,OMIM:256450,Orphanet:276575,Orphanet:276598|MedGen:C3661900|MONDO:MONDO:0017182,MedGen:C3888018,Orphanet:276525","Hyperinsulinemic hypoglycemia, familial, 1|not provided|Familial hyperinsulinism",germline;unknown,germline,GRCh38,NC_000011.10,11,17463481,17463481,na,na,11p15.1,"criteria provided, multiple submitters, no conflicts",3,-,N,ClinGen:CA218452824,2,552617,17463481,T,C,-,-,-,-,-,-,SCV003439710|SCV005726279,-,-,Pathogenic,p.Tyr179Cys,Y,179.0,C,0.6067,pathogenic,0.925,LoF,chr11:g.17463481T>C
576976,single nucleotide variant,NM_000162.5(GCK):c.1364T>A (p.Val455Glu),2645,GCK,HGNC:4195,Likely pathogenic,1,"Jan 28, 2026",753795627,-,RCV000711767|RCV002469275|RCV003446380|RCV006454701,"MedGen:C3661900|MONDO:MONDO:0007453,MedGen:C0342277,OMIM:125851,Orphanet:552|MONDO:MONDO:0007452,MedGen:C1852093,OMIM:125850,Orphanet:552|MONDO:MONDO:0015967,MedGen:C3888631,Orphanet:183625",not provided|Maturity-onset diabetes of the young type 2|Maturity-onset diabetes of the young type 1|Monogenic diabetes,germline;unknown,germline,GRCh38,NC_000007.14,7,44145170,44145170,na,na,7p13,reviewed by expert panel,9,-,N,ClinGen:CA4239373,2,585916,44145170,A,T,-,-,-,-,-,-,SCV007338186,-,-,Pathogenic,p.Val455Glu,V,455.0,E,0.8513,pathogenic,0.926,LoF,chr7:g.44145170A>T
576977,single nucleotide variant,NM_000162.5(GCK):c.1327G>T (p.Glu443Ter),2645,GCK,HGNC:4195,Pathogenic,1,"Sep 01, 2023",1562711915,-,RCV000711766|RCV001844229|RCV002463729,"MedGen:C3661900|MONDO:MONDO:0015967,MedGen:C3888631,Orphanet:183625|Human Phenotype Ontology:HP:0004904,MONDO:MONDO:0018911,MedGen:C0342276,OMIM:PS125850,Orphanet:552",not provided|Monogenic diabetes|Maturity-onset diabetes of the young,germline;unknown,germline,GRCh38,NC_000007.14,7,44145207,44145207,na,na,7p13,reviewed by expert panel,5,-,N,ClinGen:CA367396996,2,585915,44145207,C,A,-,-,-,-,-,-,SCV004032112,-,-,Pathogenic,p.Glu443Ter,E,443.0,T,0.6736,pathogenic,,LoF,chr7:g.44145207C>A
576978,single nucleotide variant,NM_000162.5(GCK):c.1310C>T (p.Thr437Ile),2645,GCK,HGNC:4195,Likely pathogenic,1,"Jan 28, 2024",1185622190,-,RCV000711765|RCV000764717|RCV003493719,"MedGen:C3661900|MONDO:MONDO:0100164,MedGen:C1833104,OMIM:PS606176,Orphanet:99885;Human Phenotype Ontology:HP:0005965,Human Phenotype Ontology:HP:0005978,Human Phenotype Ontology:HP:0100652,MONDO:MONDO:0005148,MeSH:D003924,MedGen:C0011860,OMIM:125853;MONDO:MONDO:0011236,MedGen:C1865290,OMIM:602485,Orphanet:79299;MONDO:MONDO:0007453,MedGen:C0342277,OMIM:125851,Orphanet:552|MONDO:MONDO:0015967,MedGen:C3888631,Orphanet:183625",not provided|Permanent neonatal diabetes mellitus;Type 2 diabetes mellitus;Hyperinsulinism due to glucokinase deficiency;Maturity-onset diabetes of the young type 2|Monogenic diabetes,germline;unknown,germline,GRCh38,NC_000007.14,7,44145224,44145224,na,na,7p13,reviewed by expert panel,4,-,N,ClinGen:CA367397075,2,585914,44145224,G,A,-,-,-,-,-,-,SCV004242353,-,-,Pathogenic,p.Thr437Ile,T,437.0,I,0.2461,benign,0.727,GoF,chr7:g.44145224G>A
576980,single nucleotide variant,NM_000162.5(GCK):c.1174C>T (p.Arg392Cys),2645,GCK,HGNC:4195,Pathogenic,1,"Jul 16, 2023",1167124132,-,RCV000711758|RCV002285406|RCV003318504|RCV003420270,"MedGen:C3661900|MONDO:MONDO:0007453,MedGen:C0342277,OMIM:125851,Orphanet:552|MONDO:MONDO:0015967,MedGen:C3888631,Orphanet:183625|",not provided|Maturity-onset diabetes of the young type 2|Monogenic diabetes|GCK-related disorder,germline;unknown,germline,GRCh38,NC_000007.14,7,44145576,44145576,na,na,7p13,reviewed by expert panel,11,-,N,ClinGen:CA367398622,2,585909,44145576,G,A,-,-,-,-,-,-,SCV004022347,-,-,Pathogenic,p.Arg392Cys,R,392.0,C,0.4084,ambiguous,0.911,LoF,chr7:g.44145576G>A
576981,single nucleotide variant,NM_000162.5(GCK):c.1129C>T (p.Arg377Cys),2645,GCK,HGNC:4195,Pathogenic,1,"Aug 08, 2023",1471992838,-,RCV000711757|RCV003325971|RCV005901795,"MedGen:C3661900|MONDO:MONDO:0015967,MedGen:C3888631,Orphanet:183625|MONDO:MONDO:0007453,MedGen:C0342277,OMIM:125851,Orphanet:552",not provided|Monogenic diabetes|Maturity-onset diabetes of the young type 2,germline,germline,GRCh38,NC_000007.14,7,44145621,44145621,na,na,7p13,reviewed by expert panel,5,-,N,ClinGen:CA367398826,2,585908,44145621,G,A,-,-,-,-,-,-,SCV004032092,-,-,Pathogenic,p.Arg377Cys,R,377.0,C,0.98,pathogenic,0.992,LoF,chr7:g.44145621G>A
576983,single nucleotide variant,NM_000162.5(GCK):c.952G>A (p.Gly318Arg),2645,GCK,HGNC:4195,Pathogenic,1,"Jan 16, 2025",193922340,-,RCV000711789|RCV001805831|RCV004751675|RCV004797865|RCV004813133,"MedGen:C3661900|MONDO:MONDO:0015967,MedGen:C3888631,Orphanet:183625||MONDO:MONDO:0007453,MedGen:C0342277,OMIM:125851,Orphanet:552|MONDO:MONDO:0014317,MedGen:C3810350,OMIM:615715,Orphanet:401764",not provided|Monogenic diabetes|GCK-related disorder|Maturity-onset diabetes of the young type 2|Pancytopenia-developmental delay syndrome,germline;unknown,germline,GRCh38,NC_000007.14,7,44146530,44146530,na,na,7p13,reviewed by expert panel,11,-,N,ClinGen:CA367399913,2,585929,44146530,C,T,-,-,-,-,-,-,SCV005687804,-,-,Pathogenic,p.Gly318Arg,G,318.0,R,0.7562,pathogenic,0.855,LoF,chr7:g.44146530C>T
576985,single nucleotide variant,NM_000162.5(GCK):c.823C>T (p.Arg275Cys),2645,GCK,HGNC:4195,Pathogenic,1,"Sep 20, 2023",556436603,-,RCV000711786|RCV002227212|RCV003330319,"MedGen:C3661900|MONDO:MONDO:0007453,MedGen:C0342277,OMIM:125851,Orphanet:552|MONDO:MONDO:0015967,MedGen:C3888631,Orphanet:183625",not provided|Maturity-onset diabetes of the young type 2|Monogenic diabetes,germline;unknown,germline,GRCh38,NC_000007.14,7,44147690,44147690,na,na,7p13,reviewed by expert panel,4,-,N,ClinGen:CA4239519,2,585927,44147690,G,A,-,-,-,-,-,-,SCV004037462,-,-,Pathogenic,p.Arg275Cys,R,275.0,C,0.1845,benign,0.901,LoF,chr7:g.44147690G>A
576986,single nucleotide variant,NM_000162.5(GCK):c.819T>A (p.Tyr273Ter),2645,GCK,HGNC:4195,Pathogenic/Likely pathogenic,1,"Nov 07, 2017",1562715296,-,RCV000711785|RCV002463732,"MedGen:C3661900|Human Phenotype Ontology:HP:0004904,MONDO:MONDO:0018911,MedGen:C0342276,OMIM:PS125850,Orphanet:552",not provided|Maturity-onset diabetes of the young,germline;unknown,germline,GRCh38,NC_000007.14,7,44147694,44147694,na,na,7p13,"criteria provided, multiple submitters, no conflicts",2,-,N,ClinGen:CA367400490,2,585926,44147694,A,T,-,-,-,-,-,-,SCV000842182|SCV002605053,-,-,Pathogenic,p.Tyr273Ter,Y,273.0,T,0.879,pathogenic,,LoF,chr7:g.44147694A>T
576989,single nucleotide variant,NM_000162.5(GCK):c.608T>C (p.Val203Ala),2645,GCK,HGNC:4195,Pathogenic,1,"Jul 31, 2023",1562717053,-,RCV000711780|RCV002352232|RCV002499286|RCV003155293,"MedGen:C3661900|Human Phenotype Ontology:HP:0004904,MONDO:MONDO:0018911,MedGen:C0342276,OMIM:PS125850,Orphanet:552|Human Phenotype Ontology:HP:0005965,Human Phenotype Ontology:HP:0005978,Human Phenotype Ontology:HP:0100652,MONDO:MONDO:0005148,MeSH:D003924,MedGen:C0011860,OMIM:125853;MONDO:MONDO:0011236,MedGen:C1865290,OMIM:602485,Orphanet:79299;MONDO:MONDO:0007453,MedGen:C0342277,OMIM:125851,Orphanet:552;MONDO:MONDO:0100165,MedGen:C5393570,OMIM:606176|MONDO:MONDO:0015967,MedGen:C3888631,Orphanet:183625",not provided|Maturity-onset diabetes of the young|Type 2 diabetes mellitus;Hyperinsulinism due to glucokinase deficiency;Maturity-onset diabetes of the young type 2;Permanent neonatal diabetes mellitus 1|Monogenic diabetes,germline;unknown,germline,GRCh38,NC_000007.14,7,44149831,44149831,na,na,7p13,reviewed by expert panel,9,-,N,ClinGen:CA367401366,2,585923,44149831,A,G,-,-,-,-,-,-,SCV004022344,-,-,Pathogenic,p.Val203Ala,V,203.0,A,0.8324,pathogenic,0.946,GoF,chr7:g.44149831A>G
576991,single nucleotide variant,NM_000162.5(GCK):c.466C>T (p.His156Tyr),2645,GCK,HGNC:4195,Likely pathogenic,1,"Dec 08, 2023",1562718043,-,RCV000711775|RCV002464031|RCV003480802,"MedGen:C3661900|Human Phenotype Ontology:HP:0004904,MONDO:MONDO:0018911,MedGen:C0342276,OMIM:PS125850,Orphanet:552|MONDO:MONDO:0015967,MedGen:C3888631,Orphanet:183625",not provided|Maturity-onset diabetes of the young|Monogenic diabetes,germline;unknown,germline,GRCh38,NC_000007.14,7,44150973,44150973,na,na,7p13,reviewed by expert panel,4,-,N,ClinGen:CA367401892,2,585921,44150973,G,A,-,-,-,-,-,-,SCV004223872,-,-,Pathogenic,p.His156Tyr,H,156.0,Y,0.8083,pathogenic,0.88,LoF,chr7:g.44150973G>A
576997,single nucleotide variant,NM_000162.5(GCK):c.127C>T (p.Arg43Cys),2645,GCK,HGNC:4195,Pathogenic,1,"Aug 13, 2023",1486280029,-,RCV000711761|RCV002285407|RCV003325972|RCV004751674|RCV004819230|RCV005046971,"MedGen:C3661900|MONDO:MONDO:0007453,MedGen:C0342277,OMIM:125851,Orphanet:552|MONDO:MONDO:0015967,MedGen:C3888631,Orphanet:183625||MONDO:MONDO:0100165,MedGen:C5393570,OMIM:606176|Human Phenotype Ontology:HP:0005965,Human Phenotype Ontology:HP:0005978,Human Phenotype Ontology:HP:0100652,MONDO:MONDO:0005148,MeSH:D003924,MedGen:C0011860,OMIM:125853;MONDO:MONDO:0011236,MedGen:C1865290,OMIM:602485,Orphanet:79299;MONDO:MONDO:0007453,MedGen:C0342277,OMIM:125851,Orphanet:552;MONDO:MONDO:0100165,MedGen:C5393570,OMIM:606176",not provided|Maturity-onset diabetes of the young type 2|Monogenic diabetes|GCK-related disorder|Permanent neonatal diabetes mellitus 1|Type 2 diabetes mellitus;Hyperinsulinism due to glucokinase deficiency;Maturity-onset diabetes of the young type 2;Permanent neonatal diabetes mellitus 1,germline;unknown,germline,GRCh38,NC_000007.14,7,44153382,44153382,na,na,7p13,reviewed by expert panel,10,-,N,ClinGen:CA367403451,2,585911,44153382,G,A,-,-,-,-,-,-,SCV004032096,-,-,Pathogenic,p.Arg43Cys,R,43.0,C,0.2255,benign,0.924,GoF,chr7:g.44153382G>A
576999,single nucleotide variant,NM_000162.5(GCK):c.98T>C (p.Val33Ala),2645,GCK,HGNC:4195,Likely pathogenic,1,"Jun 27, 2025",1554335954,-,RCV000711790|RCV002285408|RCV005430860,"MedGen:C3661900|MONDO:MONDO:0007453,MedGen:C0342277,OMIM:125851,Orphanet:552|MONDO:MONDO:0015967,MedGen:C3888631,Orphanet:183625",not provided|Maturity-onset diabetes of the young type 2|Monogenic diabetes,germline,germline,GRCh38,NC_000007.14,7,44153411,44153411,na,na,7p13,reviewed by expert panel,4,-,N,ClinGen:CA367403604,2,585930,44153411,A,G,-,-,-,-,-,-,SCV006101110,-,-,Pathogenic,p.Val33Ala,V,33.0,A,0.7338,pathogenic,0.929,LoF,chr7:g.44153411A>G
577178,single nucleotide variant,NM_000352.6(ABCC8):c.4136G>A (p.Arg1379His),6833,ABCC8,HGNC:59,Pathogenic/Likely pathogenic,1,"Mar 10, 2023",193922401,-,RCV000710386|RCV001249023|RCV002307604|RCV004535759,"MedGen:C3661900|MONDO:MONDO:0015967,MedGen:C3888631,Orphanet:183625|Human Phenotype Ontology:HP:0004904,MONDO:MONDO:0018911,MedGen:C0342276,OMIM:PS125850,Orphanet:552|",not provided|Monogenic diabetes|Maturity-onset diabetes of the young|ABCC8-related disorder,germline,germline,GRCh38,NC_000011.10,11,17395914,17395914,na,na,11p15.1,"criteria provided, multiple submitters, no conflicts",5,-,N,ClinGen:CA379788416,2,585346,17395914,C,T,-,-,-,-,-,-,SCV000840596|SCV001422930|SCV002065924|SCV002600570|SCV004117558,-,-,Pathogenic,p.Arg1379His,R,1379.0,H,0.7352,pathogenic,0.964,LoF,chr11:g.17395914C>T
577183,single nucleotide variant,NM_000352.6(ABCC8):c.928G>A (p.Asp310Asn),6833,ABCC8,HGNC:59,Likely pathogenic,1,"Sep 12, 2024",769569410,-,RCV000710397|RCV001825411|RCV002255099|RCV003321726|RCV002499280|RCV004735763|RCV004782524,"MedGen:C3661900||Human Phenotype Ontology:HP:0005965,Human Phenotype Ontology:HP:0005978,Human Phenotype Ontology:HP:0100652,MONDO:MONDO:0005148,MeSH:D003924,MedGen:C0011860,OMIM:125853|MONDO:MONDO:0009734,MedGen:C2931832,OMIM:256450,Orphanet:276575,Orphanet:276598|MONDO:MONDO:0009734,MedGen:C2931832,OMIM:256450,Orphanet:276575,Orphanet:276598;MONDO:MONDO:0012480,MedGen:C1835887,OMIM:610374,Orphanet:99886;MONDO:MONDO:0009415,MedGen:C0271714,OMIM:240800;Human Phenotype Ontology:HP:0005965,Human Phenotype Ontology:HP:0005978,Human Phenotype Ontology:HP:0100652,MONDO:MONDO:0005148,MeSH:D003924,MedGen:C0011860,OMIM:125853;MONDO:MONDO:0030088,MedGen:C5394303,OMIM:618857||MONDO:MONDO:0017182,MedGen:C3888018,Orphanet:276525","not provided|Hereditary hyperinsulinism|Type 2 diabetes mellitus|Hyperinsulinemic hypoglycemia, familial, 1|Hyperinsulinemic hypoglycemia, familial, 1;Diabetes mellitus, transient neonatal, 2;Leucine-induced hypoglycemia;Type 2 diabetes mellitus;Diabetes mellitus, permanent neonatal 3|ABCC8-related disorder|Familial hyperinsulinism",germline;unknown,germline,GRCh38,NC_000011.10,11,17460571,17460571,na,na,11p15.1,"criteria provided, multiple submitters, no conflicts",11,-,N,ClinGen:CA5903724,2,585352,17460571,C,T,-,-,-,-,-,-,SCV000840609|SCV001394775|SCV002526400|SCV002814031|SCV004026573|SCV004196313|SCV005394523|SCV005416373|SCV006278138,-,-,Pathogenic,p.Asp310Asn,D,310.0,N,0.9557,pathogenic,0.833,LoF,chr11:g.17460571C>T
577184,single nucleotide variant,NM_000352.6(ABCC8):c.742C>T (p.Arg248Ter),6833,ABCC8,HGNC:59,Pathogenic,1,"Dec 17, 2025",72559730,-,RCV000710396|RCV001192814|RCV001825410|RCV002493256|RCV003465649,"MedGen:C3661900|MONDO:MONDO:0009734,MedGen:C2931832,OMIM:256450,Orphanet:276575,Orphanet:276598||MONDO:MONDO:0012480,MedGen:C1835887,OMIM:610374,Orphanet:99886;MONDO:MONDO:0009415,MedGen:C0271714,OMIM:240800;MONDO:MONDO:0009734,MedGen:C2931832,OMIM:256450,Orphanet:276575,Orphanet:276598;Human Phenotype Ontology:HP:0005965,Human Phenotype Ontology:HP:0005978,Human Phenotype Ontology:HP:0100652,MONDO:MONDO:0005148,MeSH:D003924,MedGen:C0011860,OMIM:125853;MONDO:MONDO:0030088,MedGen:C5394303,OMIM:618857|Human Phenotype Ontology:HP:0005965,Human Phenotype Ontology:HP:0005978,Human Phenotype Ontology:HP:0100652,MONDO:MONDO:0005148,MeSH:D003924,MedGen:C0011860,OMIM:125853","not provided|Hyperinsulinemic hypoglycemia, familial, 1|Hereditary hyperinsulinism|Diabetes mellitus, transient neonatal, 2;Leucine-induced hypoglycemia;Hyperinsulinemic hypoglycemia, familial, 1;Type 2 diabetes mellitus;Diabetes mellitus, permanent neonatal 3|Type 2 diabetes mellitus",germline;unknown,germline,GRCh38,NC_000011.10,11,17461663,17461663,na,na,11p15.1,"criteria provided, multiple submitters, no conflicts",8,-,N,ClinGen:CA218452045,2,585351,17461663,G,A,-,-,-,-,-,-,SCV000840608|SCV001361176|SCV001583009|SCV002802364|SCV004026575|SCV004199295|SCV006550987,-,-,Pathogenic,p.Arg248Ter,R,248.0,T,0.22,benign,,LoF,chr11:g.17461663G>A
589381,single nucleotide variant,NM_000162.5(GCK):c.770G>A (p.Trp257Ter),2645,GCK,HGNC:4195,Pathogenic,1,"Jan 09, 2024",1562715426,-,RCV000734686|RCV002463737|RCV003987690,"MedGen:C3661900|Human Phenotype Ontology:HP:0004904,MONDO:MONDO:0018911,MedGen:C0342276,OMIM:PS125850,Orphanet:552|MONDO:MONDO:0007453,MedGen:C0342277,OMIM:125851,Orphanet:552",not provided|Maturity-onset diabetes of the young|Maturity-onset diabetes of the young type 2,germline;unknown,germline,GRCh38,NC_000007.14,7,44147743,44147743,na,na,7p13,"criteria provided, multiple submitters, no conflicts",4,-,N,ClinGen:CA367400595,2,598320,44147743,C,T,-,-,-,-,-,-,SCV000862845|SCV002217154|SCV002605072|SCV004804307,-,-,Pathogenic,p.Trp257Ter,W,257.0,T,0.982,pathogenic,,LoF,chr7:g.44147743C>T
609049,single nucleotide variant,NM_000162.5(GCK):c.1113C>A (p.Cys371Ter),2645,GCK,HGNC:4195,Pathogenic,1,"Aug 09, 2023",556581174,-,RCV000754805|RCV001662802|RCV003325973,"MONDO:MONDO:0007453,MedGen:C0342277,OMIM:125851,Orphanet:552|MedGen:C3661900|MONDO:MONDO:0015967,MedGen:C3888631,Orphanet:183625",Maturity-onset diabetes of the young type 2|not provided|Monogenic diabetes,germline;unknown,germline,GRCh38,NC_000007.14,7,44145637,44145637,na,na,7p13,reviewed by expert panel,5,-,N,ClinGen:CA367398930,2,617645,44145637,G,T,-,-,-,-,-,-,SCV004032074,-,-,Pathogenic,p.Cys371Ter,C,371.0,T,0.8954,pathogenic,,LoF,chr7:g.44145637G>T
619858,single nucleotide variant,NM_000162.5(GCK):c.148C>T (p.His50Tyr),2645,GCK,HGNC:4195,Pathogenic/Likely pathogenic,1,"Aug 24, 2017",1562719705,-,RCV000778070|RCV001816832|RCV002332563,"MONDO:MONDO:0007453,MedGen:C0342277,OMIM:125851,Orphanet:552|MedGen:C3661900|Human Phenotype Ontology:HP:0004904,MONDO:MONDO:0018911,MedGen:C0342276,OMIM:PS125850,Orphanet:552",Maturity-onset diabetes of the young type 2|not provided|Maturity-onset diabetes of the young,germline;unknown,germline,GRCh38,NC_000007.14,7,44153361,44153361,na,na,7p13,"criteria provided, multiple submitters, no conflicts",3,-,N,ClinGen:CA367403394,2,631495,44153361,G,A,-,-,-,-,-,-,SCV000902454|SCV002072074|SCV002601607,-,-,Pathogenic,p.His50Tyr,H,50.0,Y,0.3779,ambiguous,0.887,LoF,chr7:g.44153361G>A
621346,single nucleotide variant,NM_000352.6(ABCC8):c.3641G>A (p.Arg1214Gln),6833,ABCC8,HGNC:59,Pathogenic/Likely pathogenic,1,"Nov 26, 2025",367850779,-,RCV000779674|RCV001290313|RCV001388601|RCV001277187|RCV002501017|RCV003467307,"MONDO:MONDO:0017182,MedGen:C3888018,Orphanet:276525|MONDO:MONDO:0009734,MedGen:C2931832,OMIM:256450,Orphanet:276575,Orphanet:276598|MedGen:C3661900||MONDO:MONDO:0009734,MedGen:C2931832,OMIM:256450,Orphanet:276575,Orphanet:276598;MONDO:MONDO:0012480,MedGen:C1835887,OMIM:610374,Orphanet:99886;MONDO:MONDO:0009415,MedGen:C0271714,OMIM:240800;Human Phenotype Ontology:HP:0005965,Human Phenotype Ontology:HP:0005978,Human Phenotype Ontology:HP:0100652,MONDO:MONDO:0005148,MeSH:D003924,MedGen:C0011860,OMIM:125853;MONDO:MONDO:0030088,MedGen:C5394303,OMIM:618857|Human Phenotype Ontology:HP:0005965,Human Phenotype Ontology:HP:0005978,Human Phenotype Ontology:HP:0100652,MONDO:MONDO:0005148,MeSH:D003924,MedGen:C0011860,OMIM:125853","Familial hyperinsulinism|Hyperinsulinemic hypoglycemia, familial, 1|not provided|Hereditary hyperinsulinism|Hyperinsulinemic hypoglycemia, familial, 1;Diabetes mellitus, transient neonatal, 2;Leucine-induced hypoglycemia;Type 2 diabetes mellitus;Diabetes mellitus, permanent neonatal 3|Type 2 diabetes mellitus",germline;inherited;maternal;unknown,germline,GRCh38,NC_000011.10,11,17402670,17402670,na,na,11p15.1,"criteria provided, multiple submitters, no conflicts",9,-,N,ClinGen:CA5902755,2,632619,17402670,C,T,-,-,-,-,-,-,SCV000916394|SCV001478360|SCV001589657|SCV002600280|SCV002807947|SCV004026522|SCV004192421|SCV007113967,-,-,Pathogenic,p.Arg1214Gln,R,1214.0,Q,0.9264,pathogenic,0.97,LoF,chr11:g.17402670C>T
621347,single nucleotide variant,NM_000352.6(ABCC8):c.2693G>A (p.Trp898Ter),6833,ABCC8,HGNC:59,Pathogenic/Likely pathogenic,1,"Jan 05, 2026",1382448285,-,RCV000780809|RCV001280725|RCV001830672|RCV003321734|RCV005047042|RCV003467313|RCV004545800,"MONDO:MONDO:0017182,MedGen:C3888018,Orphanet:276525|MedGen:C3661900||MONDO:MONDO:0009734,MedGen:C2931832,OMIM:256450,Orphanet:276575,Orphanet:276598|MONDO:MONDO:0009734,MedGen:C2931832,OMIM:256450,Orphanet:276575,Orphanet:276598;MONDO:MONDO:0012480,MedGen:C1835887,OMIM:610374,Orphanet:99886;MONDO:MONDO:0009415,MedGen:C0271714,OMIM:240800;Human Phenotype Ontology:HP:0005965,Human Phenotype Ontology:HP:0005978,Human Phenotype Ontology:HP:0100652,MONDO:MONDO:0005148,MeSH:D003924,MedGen:C0011860,OMIM:125853;MONDO:MONDO:0030088,MedGen:C5394303,OMIM:618857|Human Phenotype Ontology:HP:0005965,Human Phenotype Ontology:HP:0005978,Human Phenotype Ontology:HP:0100652,MONDO:MONDO:0005148,MeSH:D003924,MedGen:C0011860,OMIM:125853|","Familial hyperinsulinism|not provided|Hereditary hyperinsulinism|Hyperinsulinemic hypoglycemia, familial, 1|Hyperinsulinemic hypoglycemia, familial, 1;Diabetes mellitus, transient neonatal, 2;Leucine-induced hypoglycemia;Type 2 diabetes mellitus;Diabetes mellitus, permanent neonatal 3|Type 2 diabetes mellitus|ABCC8-related disorder",germline;unknown,germline,GRCh38,NC_000011.10,11,17410517,17410517,na,na,11p15.1,"criteria provided, multiple submitters, no conflicts",8,-,N,ClinGen:CA379805891,2,633028,17410517,C,T,-,-,-,-,-,-,SCV000918371|SCV001468039|SCV003439578|SCV004026539|SCV004046430|SCV004200131|SCV005676327,-,-,Pathogenic,p.Trp898Ter,W,898.0,T,0.8643,pathogenic,,LoF,chr11:g.17410517C>T
790725,single nucleotide variant,NM_000162.5(GCK):c.183C>A (p.Tyr61Ter),2645,GCK,HGNC:4195,Pathogenic,1,"Jul 07, 2025",780612692,-,RCV000987868|RCV002409317|RCV002549692,"MONDO:MONDO:0007453,MedGen:C0342277,OMIM:125851,Orphanet:552|Human Phenotype Ontology:HP:0004904,MONDO:MONDO:0018911,MedGen:C0342276,OMIM:PS125850,Orphanet:552|MedGen:C3661900",Maturity-onset diabetes of the young type 2|Maturity-onset diabetes of the young|not provided,germline;unknown,germline,GRCh38,NC_000007.14,7,44153326,44153326,na,na,7p13,"criteria provided, multiple submitters, no conflicts",8,-,N,ClinGen:CA367403288,2,802309,44153326,G,T,-,-,-,-,-,-,SCV001137352|SCV002562164|SCV002710949|SCV003439956|SCV005621940|SCV006325216|SCV006555818|SCV007126836,-,-,Pathogenic,p.Tyr61Ter,Y,61.0,T,0.9806,pathogenic,,LoF,chr7:g.44153326G>T
792671,single nucleotide variant,NM_000162.5(GCK):c.622G>A (p.Ala208Thr),2645,GCK,HGNC:4195,Pathogenic,1,"Feb 11, 2025",1476637197,-,RCV000991306|RCV003318505,"MONDO:MONDO:0007453,MedGen:C0342277,OMIM:125851,Orphanet:552|MONDO:MONDO:0015967,MedGen:C3888631,Orphanet:183625",Maturity-onset diabetes of the young type 2|Monogenic diabetes,germline,germline,GRCh38,NC_000007.14,7,44149817,44149817,na,na,7p13,reviewed by expert panel,2,-,N,ClinGen:CA367401322,2,804344,44149817,C,T,-,-,-,-,-,-,SCV004022331,-,-,Pathogenic,p.Ala208Thr,A,208.0,T,0.9782,pathogenic,0.905,LoF,chr7:g.44149817C>T
793216,single nucleotide variant,NM_000162.5(GCK):c.1340G>C (p.Arg447Pro),2645,GCK,HGNC:4195,Likely pathogenic,1,"Mar 10, 2025",1131691416,-,RCV000992046|RCV002290505|RCV005036262,"MedGen:C3661900|MONDO:MONDO:0007453,MedGen:C0342277,OMIM:125851,Orphanet:552|Human Phenotype Ontology:HP:0005965,Human Phenotype Ontology:HP:0005978,Human Phenotype Ontology:HP:0100652,MONDO:MONDO:0005148,MeSH:D003924,MedGen:C0011860,OMIM:125853;MONDO:MONDO:0011236,MedGen:C1865290,OMIM:602485,Orphanet:79299;MONDO:MONDO:0007453,MedGen:C0342277,OMIM:125851,Orphanet:552;MONDO:MONDO:0100165,MedGen:C5393570,OMIM:606176",not provided|Maturity-onset diabetes of the young type 2|Type 2 diabetes mellitus;Hyperinsulinism due to glucokinase deficiency;Maturity-onset diabetes of the young type 2;Permanent neonatal diabetes mellitus 1,germline;unknown,germline,GRCh38,NC_000007.14,7,44145194,44145194,na,na,7p13,"criteria provided, multiple submitters, no conflicts",5,-,N,ClinGen:CA367396939,2,804842,44145194,C,G,-,-,-,-,-,-,SCV001144010|SCV002580327|SCV004813481|SCV005201992|SCV005666174,-,-,Pathogenic,p.Arg447Pro,R,447.0,P,0.9759,pathogenic,0.85,GoF,chr7:g.44145194C>G
793218,single nucleotide variant,NM_000162.5(GCK):c.1247A>C (p.His416Pro),2645,GCK,HGNC:4195,Likely pathogenic,1,"Jan 07, 2026",1583591303,-,RCV000992042|RCV002463762|RCV006454709,"MedGen:C3661900|Human Phenotype Ontology:HP:0004904,MONDO:MONDO:0018911,MedGen:C0342276,OMIM:PS125850,Orphanet:552|MONDO:MONDO:0015967,MedGen:C3888631,Orphanet:183625",not provided|Maturity-onset diabetes of the young|Monogenic diabetes,germline;unknown,germline,GRCh38,NC_000007.14,7,44145503,44145503,na,na,7p13,reviewed by expert panel,4,-,N,ClinGen:CA367398218,2,804839,44145503,T,G,-,-,-,-,-,-,SCV007338205,-,-,Pathogenic,p.His416Pro,H,416.0,P,0.9347,pathogenic,0.99,LoF,chr7:g.44145503T>G
793219,single nucleotide variant,NM_000162.5(GCK):c.1156C>G (p.Leu386Val),2645,GCK,HGNC:4195,Pathogenic,1,"Apr 28, 2024",1583591700,-,RCV000992039|RCV002463761|RCV004527404,"MedGen:C3661900|Human Phenotype Ontology:HP:0004904,MONDO:MONDO:0018911,MedGen:C0342276,OMIM:PS125850,Orphanet:552|MONDO:MONDO:0015967,MedGen:C3888631,Orphanet:183625",not provided|Maturity-onset diabetes of the young|Monogenic diabetes,germline;unknown,germline,GRCh38,NC_000007.14,7,44145594,44145594,na,na,7p13,reviewed by expert panel,4,-,N,ClinGen:CA367398705,2,804837,44145594,G,C,-,-,-,-,-,-,SCV005040690,-,-,Pathogenic,p.Leu386Val,L,386.0,V,0.2062,benign,0.745,LoF,chr7:g.44145594G>C
793220,single nucleotide variant,NM_000162.5(GCK):c.1151C>T (p.Ala384Val),2645,GCK,HGNC:4195,Likely pathogenic,1,"Jun 06, 2025",1583591747,-,RCV000992038|RCV002463760|RCV003396574|RCV005417385,"MedGen:C3661900|Human Phenotype Ontology:HP:0004904,MONDO:MONDO:0018911,MedGen:C0342276,OMIM:PS125850,Orphanet:552||MONDO:MONDO:0015967,MedGen:C3888631,Orphanet:183625",not provided|Maturity-onset diabetes of the young|GCK-related disorder|Monogenic diabetes,germline;unknown,germline,GRCh38,NC_000007.14,7,44145599,44145599,na,na,7p13,reviewed by expert panel,5,-,N,ClinGen:CA367398721,2,804836,44145599,G,A,-,-,-,-,-,-,SCV006084769,-,-,Pathogenic,p.Ala384Val,A,384.0,V,0.575,pathogenic,0.902,LoF,chr7:g.44145599G>A
793221,single nucleotide variant,NM_000162.5(GCK):c.1146C>A (p.Cys382Ter),2645,GCK,HGNC:4195,Pathogenic,1,"Jul 30, 2023",1583591809,-,RCV000992037|RCV002463759|RCV003318507,"MedGen:C3661900|Human Phenotype Ontology:HP:0004904,MONDO:MONDO:0018911,MedGen:C0342276,OMIM:PS125850,Orphanet:552|MONDO:MONDO:0015967,MedGen:C3888631,Orphanet:183625",not provided|Maturity-onset diabetes of the young|Monogenic diabetes,germline;unknown,germline,GRCh38,NC_000007.14,7,44145604,44145604,na,na,7p13,reviewed by expert panel,4,-,N,ClinGen:CA367398741,2,804835,44145604,G,T,-,-,-,-,-,-,SCV004022343,-,-,Pathogenic,p.Cys382Ter,C,382.0,T,0.7744,pathogenic,,LoF,chr7:g.44145604G>T
793231,single nucleotide variant,NM_000162.5(GCK):c.737G>C (p.Gly246Ala),2645,GCK,HGNC:4195,Likely pathogenic,1,"Dec 02, 2023",1583596522,-,RCV000992062|RCV002382224|RCV003446565,"MedGen:C3661900|Human Phenotype Ontology:HP:0004904,MONDO:MONDO:0018911,MedGen:C0342276,OMIM:PS125850,Orphanet:552|MONDO:MONDO:0015967,MedGen:C3888631,Orphanet:183625",not provided|Maturity-onset diabetes of the young|Monogenic diabetes,germline;unknown,germline,GRCh38,NC_000007.14,7,44147776,44147776,na,na,7p13,reviewed by expert panel,6,-,N,ClinGen:CA367400661,2,804856,44147776,C,G,-,-,-,-,-,-,SCV004174237,-,-,Pathogenic,p.Gly246Ala,G,246.0,A,0.3467,ambiguous,0.839,LoF,chr7:g.44147776C>G
793234,single nucleotide variant,NM_000162.5(GCK):c.629T>C (p.Met210Thr),2645,GCK,HGNC:4195,Pathogenic,1,"Jan 18, 2024",80356654,-,RCV000992058|RCV003493767|RCV003117664|RCV005036263,"MedGen:C3661900|MONDO:MONDO:0015967,MedGen:C3888631,Orphanet:183625|MONDO:MONDO:0007453,MedGen:C0342277,OMIM:125851,Orphanet:552|Human Phenotype Ontology:HP:0005965,Human Phenotype Ontology:HP:0005978,Human Phenotype Ontology:HP:0100652,MONDO:MONDO:0005148,MeSH:D003924,MedGen:C0011860,OMIM:125853;MONDO:MONDO:0011236,MedGen:C1865290,OMIM:602485,Orphanet:79299;MONDO:MONDO:0007453,MedGen:C0342277,OMIM:125851,Orphanet:552;MONDO:MONDO:0100165,MedGen:C5393570,OMIM:606176",not provided|Monogenic diabetes|Maturity-onset diabetes of the young type 2|Type 2 diabetes mellitus;Hyperinsulinism due to glucokinase deficiency;Maturity-onset diabetes of the young type 2;Permanent neonatal diabetes mellitus 1,germline,germline,GRCh38,NC_000007.14,7,44149810,44149810,na,na,7p13,reviewed by expert panel,7,-,N,ClinGen:CA367401300,2,804852,44149810,A,G,-,-,-,-,-,-,SCV004242367,-,-,Pathogenic,p.Met210Thr,M,210.0,T,0.9821,pathogenic,0.982,GoF,chr7:g.44149810A>G
793235,single nucleotide variant,NM_000162.5(GCK):c.626C>T (p.Thr209Met),2645,GCK,HGNC:4195,Pathogenic,1,"Jun 27, 2025",1583599303,-,RCV000992057|RCV002265919|RCV002354899,"MedGen:C3661900|MONDO:MONDO:0015967,MedGen:C3888631,Orphanet:183625|Human Phenotype Ontology:HP:0004904,MONDO:MONDO:0018911,MedGen:C0342276,OMIM:PS125850,Orphanet:552",not provided|Monogenic diabetes|Maturity-onset diabetes of the young,germline;unknown,germline,GRCh38,NC_000007.14,7,44149813,44149813,na,na,7p13,reviewed by expert panel,6,-,N,ClinGen:CA367401309,2,804851,44149813,G,A,-,-,-,-,-,-,SCV006101112,-,-,Pathogenic,p.Thr209Met,T,209.0,M,0.8318,pathogenic,0.985,LoF,chr7:g.44149813G>A
793237,single nucleotide variant,NM_000162.5(GCK):c.562G>A (p.Ala188Thr),2645,GCK,HGNC:4195,Pathogenic,1,"Jan 10, 2026",751279776,-,RCV000992055|RCV001248939|RCV004017770,"MedGen:C3661900|MONDO:MONDO:0007453,MedGen:C0342277,OMIM:125851,Orphanet:552|Human Phenotype Ontology:HP:0004904,MONDO:MONDO:0018911,MedGen:C0342276,OMIM:PS125850,Orphanet:552",not provided|Maturity-onset diabetes of the young type 2|Maturity-onset diabetes of the young,germline;unknown,germline,GRCh38,NC_000007.14,7,44149986,44149986,na,na,7p13,"criteria provided, multiple submitters, no conflicts",11,-,N,ClinGen:CA4239604,2,804849,44149986,C,T,-,-,-,-,-,-,SCV001144023|SCV001422718|SCV002067433|SCV002562179|SCV002573171|SCV003439965|SCV004848488|SCV005202001|SCV005417496|SCV006240545|SCV007333165,-,-,Pathogenic,p.Ala188Thr,A,188.0,T,0.8523,pathogenic,0.933,LoF,chr7:g.44149986C>T
793239,single nucleotide variant,NM_000162.5(GCK):c.387C>A (p.Cys129Ter),2645,GCK,HGNC:4195,Pathogenic,1,"Feb 11, 2019",1583601365,-,RCV000992050|RCV002464034,"MedGen:C3661900|Human Phenotype Ontology:HP:0004904,MONDO:MONDO:0018911,MedGen:C0342276,OMIM:PS125850,Orphanet:552",not provided|Maturity-onset diabetes of the young,germline;unknown,germline,GRCh38,NC_000007.14,7,44151052,44151052,na,na,7p13,"criteria provided, multiple submitters, no conflicts",2,-,N,ClinGen:CA367402154,2,804846,44151052,G,T,-,-,-,-,-,-,SCV001144016|SCV002605271,-,-,Pathogenic,p.Cys129Ter,C,129.0,T,0.9276,pathogenic,,LoF,chr7:g.44151052G>T
793242,single nucleotide variant,NM_000162.5(GCK):c.70C>T (p.Gln24Ter),2645,GCK,HGNC:4195,Pathogenic,1,"Aug 15, 2021",1281712444,-,RCV000992060|RCV002363516,"MedGen:C3661900|Human Phenotype Ontology:HP:0004904,MONDO:MONDO:0018911,MedGen:C0342276,OMIM:PS125850,Orphanet:552",not provided|Maturity-onset diabetes of the young,germline;unknown,germline,GRCh38,NC_000007.14,7,44153439,44153439,na,na,7p13,"criteria provided, multiple submitters, no conflicts",4,-,N,ClinGen:CA367403752,2,804854,44153439,G,A,-,-,-,-,-,-,SCV001144030|SCV002243828|SCV002605429|SCV002663115,-,-,Pathogenic,p.Gln24Ter,Q,24.0,T,0.1766,benign,,LoF,chr7:g.44153439G>A
838137,single nucleotide variant,NM_000352.6(ABCC8):c.382G>A (p.Glu128Lys),6833,ABCC8,HGNC:59,Pathogenic/Likely pathogenic,1,"Dec 29, 2023",781617345,-,RCV001058712|RCV001832528|RCV002497433|RCV003321793|RCV003462576,"MedGen:C3661900||MONDO:MONDO:0009415,MedGen:C0271714,OMIM:240800;Human Phenotype Ontology:HP:0005965,Human Phenotype Ontology:HP:0005978,Human Phenotype Ontology:HP:0100652,MONDO:MONDO:0005148,MeSH:D003924,MedGen:C0011860,OMIM:125853;MONDO:MONDO:0009734,MedGen:C2931832,OMIM:256450,Orphanet:276575,Orphanet:276598;MONDO:MONDO:0030088,MedGen:C5394303,OMIM:618857;MONDO:MONDO:0012480,MedGen:C1835887,OMIM:610374,Orphanet:99886|MONDO:MONDO:0009734,MedGen:C2931832,OMIM:256450,Orphanet:276575,Orphanet:276598|Human Phenotype Ontology:HP:0005965,Human Phenotype Ontology:HP:0005978,Human Phenotype Ontology:HP:0100652,MONDO:MONDO:0005148,MeSH:D003924,MedGen:C0011860,OMIM:125853","not provided|Hereditary hyperinsulinism|Leucine-induced hypoglycemia;Type 2 diabetes mellitus;Hyperinsulinemic hypoglycemia, familial, 1;Diabetes mellitus, permanent neonatal 3;Diabetes mellitus, transient neonatal, 2|Hyperinsulinemic hypoglycemia, familial, 1|Type 2 diabetes mellitus",germline;unknown,germline,GRCh38,NC_000011.10,11,17470131,17470131,na,na,11p15.1,"criteria provided, multiple submitters, no conflicts",6,-,N,ClinGen:CA5903897,2,853822,17470131,C,T,-,-,-,-,-,-,SCV001223303|SCV002783450|SCV004026582|SCV004205667|SCV005325039,-,-,Pathogenic,p.Glu128Lys,E,128.0,K,0.9925,pathogenic,0.89,LoF,chr11:g.17470131C>T
898118,single nucleotide variant,NM_000162.5(GCK):c.1024A>C (p.Thr342Pro),2645,GCK,HGNC:4195,Benign,0,"Feb 02, 2024",1000236360,-,RCV001159192|RCV001159193|RCV001159194|RCV001160541|RCV002483905|RCV003493804,"MONDO:MONDO:0011236,MedGen:C1865290,OMIM:602485,Orphanet:79299|MONDO:MONDO:0100164,MedGen:C1833104,OMIM:PS606176,Orphanet:99885|MONDO:MONDO:0007453,MedGen:C0342277,OMIM:125851,Orphanet:552||Human Phenotype Ontology:HP:0005965,Human Phenotype Ontology:HP:0005978,Human Phenotype Ontology:HP:0100652,MONDO:MONDO:0005148,MeSH:D003924,MedGen:C0011860,OMIM:125853;MONDO:MONDO:0011236,MedGen:C1865290,OMIM:602485,Orphanet:79299;MONDO:MONDO:0007453,MedGen:C0342277,OMIM:125851,Orphanet:552;MONDO:MONDO:0100165,MedGen:C5393570,OMIM:606176|MONDO:MONDO:0015967,MedGen:C3888631,Orphanet:183625","Hyperinsulinism due to glucokinase deficiency|Permanent neonatal diabetes mellitus|Maturity-onset diabetes of the young type 2|Transient Neonatal Diabetes, Recessive|Type 2 diabetes mellitus;Hyperinsulinism due to glucokinase deficiency;Maturity-onset diabetes of the young type 2;Permanent neonatal diabetes mellitus 1|Monogenic diabetes",germline;unknown,germline,GRCh38,NC_000007.14,7,44145726,44145726,na,na,7p13,reviewed by expert panel,4,-,N,ClinGen:CA157913750,2,908615,44145726,T,G,-,-,-,-,-,-,SCV004242356,-,-,Benign,p.Thr342Pro,T,342.0,P,0.0947,benign,0.296,Benign,chr7:g.44145726T>G
898121,single nucleotide variant,NM_000162.5(GCK):c.649G>A (p.Asp217Asn),2645,GCK,HGNC:4195,Benign,0,"Aug 13, 2023",147065275,-,RCV001164187|RCV001164188|RCV001164189|RCV001164190|RCV001315293|RCV002468180|RCV004629472|RCV003325990,"MONDO:MONDO:0007453,MedGen:C0342277,OMIM:125851,Orphanet:552||MONDO:MONDO:0100164,MedGen:C1833104,OMIM:PS606176,Orphanet:99885|MONDO:MONDO:0011236,MedGen:C1865290,OMIM:602485,Orphanet:79299|MedGen:C3661900|Human Phenotype Ontology:HP:0005965,Human Phenotype Ontology:HP:0005978,Human Phenotype Ontology:HP:0100652,MONDO:MONDO:0005148,MeSH:D003924,MedGen:C0011860,OMIM:125853;MONDO:MONDO:0011236,MedGen:C1865290,OMIM:602485,Orphanet:79299;MONDO:MONDO:0007453,MedGen:C0342277,OMIM:125851,Orphanet:552;MONDO:MONDO:0100165,MedGen:C5393570,OMIM:606176|Human Phenotype Ontology:HP:0004904,MONDO:MONDO:0018911,MedGen:C0342276,OMIM:PS125850,Orphanet:552|MONDO:MONDO:0015967,MedGen:C3888631,Orphanet:183625","Maturity-onset diabetes of the young type 2|Transient Neonatal Diabetes, Recessive|Permanent neonatal diabetes mellitus|Hyperinsulinism due to glucokinase deficiency|not provided|Type 2 diabetes mellitus;Hyperinsulinism due to glucokinase deficiency;Maturity-onset diabetes of the young type 2;Permanent neonatal diabetes mellitus 1|Maturity-onset diabetes of the young|Monogenic diabetes",germline,germline,GRCh38,NC_000007.14,7,44149790,44149790,na,na,7p13,reviewed by expert panel,6,-,N,ClinGen:CA4239564,2,911631,44149790,C,T,-,-,-,-,-,-,SCV004032090,-,-,Benign,p.Asp217Asn,D,217.0,N,0.2581,benign,0.677,Benign,chr7:g.44149790C>T
898123,single nucleotide variant,NM_000162.5(GCK):c.10G>A (p.Asp4Asn),2645,GCK,HGNC:4195,Likely benign,0,"Dec 08, 2023",202091228,-,RCV001164412|RCV001164411|RCV001164413|RCV001164414|RCV002483920|RCV003480976|RCV003558733,"MONDO:MONDO:0011236,MedGen:C1865290,OMIM:602485,Orphanet:79299|MONDO:MONDO:0100164,MedGen:C1833104,OMIM:PS606176,Orphanet:99885|MONDO:MONDO:0007453,MedGen:C0342277,OMIM:125851,Orphanet:552||Human Phenotype Ontology:HP:0005965,Human Phenotype Ontology:HP:0005978,Human Phenotype Ontology:HP:0100652,MONDO:MONDO:0005148,MeSH:D003924,MedGen:C0011860,OMIM:125853;MONDO:MONDO:0011236,MedGen:C1865290,OMIM:602485,Orphanet:79299;MONDO:MONDO:0007453,MedGen:C0342277,OMIM:125851,Orphanet:552;MONDO:MONDO:0100165,MedGen:C5393570,OMIM:606176|MONDO:MONDO:0015967,MedGen:C3888631,Orphanet:183625|MedGen:C3661900","Hyperinsulinism due to glucokinase deficiency|Permanent neonatal diabetes mellitus|Maturity-onset diabetes of the young type 2|Transient Neonatal Diabetes, Recessive|Type 2 diabetes mellitus;Hyperinsulinism due to glucokinase deficiency;Maturity-onset diabetes of the young type 2;Permanent neonatal diabetes mellitus 1|Monogenic diabetes|not provided",germline,germline,GRCh38,NC_000007.14,7,44188944,44188944,na,na,7p13,reviewed by expert panel,4,-,N,ClinGen:CA4239800,2,911766,44188944,C,T,-,-,-,-,-,-,SCV004223877,-,-,Benign,p.Asp4Asn,D,4.0,N,0.1383,benign,0.312,Benign,chr7:g.44188944C>T
935444,single nucleotide variant,NM_000352.6(ABCC8):c.35C>A (p.Ser12Ter),6833,ABCC8,HGNC:59,Pathogenic,1,"Oct 15, 2021",1283621955,-,RCV001212753|RCV001779134,"MedGen:C3661900|MONDO:MONDO:0017182,MedGen:C3888018,Orphanet:276525",not provided|Familial hyperinsulinism,germline,germline,GRCh38,NC_000011.10,11,17476742,17476742,na,na,11p15.1,"criteria provided, multiple submitters, no conflicts",2,-,N,ClinGen:CA379790231,2,942720,17476742,G,T,-,-,-,-,-,-,SCV001384348|SCV002014918,-,-,Pathogenic,p.Ser12Ter,S,12.0,T,0.0959,benign,,LoF,chr11:g.17476742G>T
961068,single nucleotide variant,NM_000162.5(GCK):c.1133C>G (p.Ala378Gly),2645,GCK,HGNC:4195,Likely pathogenic,1,"Aug 07, 2023",193929374,-,RCV001879746|RCV001248986|RCV003325991,"MedGen:C3661900|MONDO:MONDO:0007453,MedGen:C0342277,OMIM:125851,Orphanet:552|MONDO:MONDO:0015967,MedGen:C3888631,Orphanet:183625",not provided|Maturity-onset diabetes of the young type 2|Monogenic diabetes,germline,germline,GRCh38,NC_000007.14,7,44145617,44145617,na,na,7p13,reviewed by expert panel,3,-,N,ClinGen:CA367398802,2,972776,44145617,G,C,-,-,-,-,-,-,SCV004032081,-,-,Pathogenic,p.Ala378Gly,A,378.0,G,0.3148,benign,0.901,LoF,chr7:g.44145617G>C
961075,single nucleotide variant,NM_000162.5(GCK):c.316C>T (p.Gln106Ter),2645,GCK,HGNC:4195,Pathogenic/Likely pathogenic,1,"Nov 04, 2023",2096281702,-,RCV001249069|RCV002464038|RCV003558760,"MONDO:MONDO:0007453,MedGen:C0342277,OMIM:125851,Orphanet:552|Human Phenotype Ontology:HP:0004904,MONDO:MONDO:0018911,MedGen:C0342276,OMIM:PS125850,Orphanet:552|MedGen:C3661900",Maturity-onset diabetes of the young type 2|Maturity-onset diabetes of the young|not provided,germline;unknown,germline,GRCh38,NC_000007.14,7,44152318,44152318,na,na,7p13,"criteria provided, multiple submitters, no conflicts",5,-,N,ClinGen:CA367402719,2,972812,44152318,G,A,-,-,-,-,-,-,SCV001423017|SCV002562168|SCV002605308|SCV004295188|SCV004848497,-,-,Pathogenic,p.Gln106Ter,Q,106.0,T,0.262,benign,,LoF,chr7:g.44152318G>A
961077,single nucleotide variant,NM_000162.5(GCK):c.203G>A (p.Gly68Asp),2645,GCK,HGNC:4195,Likely benign,0,"Dec 08, 2023",373418736,-,RCV001248984|RCV003481036|RCV005094178,"MONDO:MONDO:0007453,MedGen:C0342277,OMIM:125851,Orphanet:552|MONDO:MONDO:0015967,MedGen:C3888631,Orphanet:183625|MedGen:C3661900",Maturity-onset diabetes of the young type 2|Monogenic diabetes|not provided,germline,germline,GRCh38,NC_000007.14,7,44153306,44153306,na,na,7p13,reviewed by expert panel,3,-,N,ClinGen:CA157919943,2,972774,44153306,C,T,-,-,-,-,-,-,SCV004223874,-,-,Benign,p.Gly68Asp,G,68.0,D,0.8908,pathogenic,0.983,Benign,chr7:g.44153306C>T
964290,single nucleotide variant,NM_000162.5(GCK):c.214G>C (p.Gly72Arg),2645,GCK,HGNC:4195,Pathogenic,1,"Apr 17, 2025",193922289,-,RCV001253600|RCV003546683,"MONDO:MONDO:0007453,MedGen:C0342277,OMIM:125851,Orphanet:552|MedGen:C3661900",Maturity-onset diabetes of the young type 2|not provided,germline,germline,GRCh38,NC_000007.14,7,44152420,44152420,na,na,7p13,"criteria provided, multiple submitters, no conflicts",3,-,N,ClinGen:CA367403112,2,976334,44152420,C,G,-,-,-,-,-,-,SCV001429409|SCV004252717|SCV005419003,-,-,Pathogenic,p.Gly72Arg,G,72.0,R,0.9917,pathogenic,0.994,LoF,chr7:g.44152420C>G
982647,single nucleotide variant,NM_000162.5(GCK):c.1190G>A (p.Arg397His),2645,GCK,HGNC:4195,Likely pathogenic,1,"Sep 08, 2023",193929375,-,RCV001288975|RCV003330326,"MedGen:C3661900|MONDO:MONDO:0007453,MedGen:C0342277,OMIM:125851,Orphanet:552",not provided|Maturity-onset diabetes of the young type 2,germline;unknown,germline,GRCh38,NC_000007.14,7,44145560,44145560,na,na,7p13,reviewed by expert panel,3,-,N,ClinGen:CA367398533,2,995102,44145560,C,T,-,-,-,-,-,-,SCV004037467,-,-,Pathogenic,p.Arg397His,R,397.0,H,0.1989,benign,0.779,LoF,chr7:g.44145560C>T
982648,single nucleotide variant,NM_000162.5(GCK):c.1163G>A (p.Gly388Asp),2645,GCK,HGNC:4195,Pathogenic,1,"Dec 02, 2023",2096271482,-,RCV001288974|RCV002322180|RCV003446686,"MedGen:C3661900|Human Phenotype Ontology:HP:0004904,MONDO:MONDO:0018911,MedGen:C0342276,OMIM:PS125850,Orphanet:552|MONDO:MONDO:0015967,MedGen:C3888631,Orphanet:183625",not provided|Maturity-onset diabetes of the young|Monogenic diabetes,germline;unknown,germline,GRCh38,NC_000007.14,7,44145587,44145587,na,na,7p13,reviewed by expert panel,7,-,N,ClinGen:CA367398670,2,995101,44145587,C,T,-,-,-,-,-,-,SCV004174247,-,-,Pathogenic,p.Gly388Asp,G,388.0,D,0.9857,pathogenic,0.871,LoF,chr7:g.44145587C>T
982652,single nucleotide variant,NM_000162.5(GCK):c.884G>A (p.Gly295Asp),2645,GCK,HGNC:4195,Likely pathogenic,1,"Nov 23, 2023",2096273902,-,RCV001288184|RCV002463804|RCV003331105,"MedGen:C3661900|Human Phenotype Ontology:HP:0004904,MONDO:MONDO:0018911,MedGen:C0342276,OMIM:PS125850,Orphanet:552|MONDO:MONDO:0015967,MedGen:C3888631,Orphanet:183625",not provided|Maturity-onset diabetes of the young|Monogenic diabetes,germline;unknown,germline,GRCh38,NC_000007.14,7,44146598,44146598,na,na,7p13,reviewed by expert panel,5,-,N,ClinGen:CA367400135,2,994613,44146598,C,T,-,-,-,-,-,-,SCV004174227,-,-,Pathogenic,p.Gly295Asp,G,295.0,D,0.9955,pathogenic,0.907,LoF,chr7:g.44146598C>T
982657,single nucleotide variant,NM_000162.5(GCK):c.736G>A (p.Gly246Arg),2645,GCK,HGNC:4195,Pathogenic,1,"Dec 02, 2023",2096275721,-,RCV001289443|RCV002463807|RCV003446687,"MedGen:C3661900|Human Phenotype Ontology:HP:0004904,MONDO:MONDO:0018911,MedGen:C0342276,OMIM:PS125850,Orphanet:552|MONDO:MONDO:0015967,MedGen:C3888631,Orphanet:183625",not provided|Maturity-onset diabetes of the young|Monogenic diabetes,germline;unknown,germline,GRCh38,NC_000007.14,7,44147777,44147777,na,na,7p13,reviewed by expert panel,5,-,N,ClinGen:CA367400665,2,995372,44147777,C,T,-,-,-,-,-,-,SCV004174236,-,-,Pathogenic,p.Gly246Arg,G,246.0,R,0.7383,pathogenic,0.905,LoF,chr7:g.44147777C>T
982659,single nucleotide variant,NM_000162.5(GCK):c.454T>C (p.Phe152Leu),2645,GCK,HGNC:4195,Pathogenic,1,"Apr 18, 2024",2096280050,-,RCV001289439|RCV002464040|RCV004527419,"MedGen:C3661900|Human Phenotype Ontology:HP:0004904,MONDO:MONDO:0018911,MedGen:C0342276,OMIM:PS125850,Orphanet:552|MONDO:MONDO:0015967,MedGen:C3888631,Orphanet:183625",not provided|Maturity-onset diabetes of the young|Monogenic diabetes,germline;unknown,germline,GRCh38,NC_000007.14,7,44150985,44150985,na,na,7p13,reviewed by expert panel,4,-,N,ClinGen:CA367401929,2,995370,44150985,A,G,-,-,-,-,-,-,SCV005040665,-,-,Pathogenic,p.Phe152Leu,F,152.0,L,0.9996,pathogenic,0.992,LoF,chr7:g.44150985A>G
982661,single nucleotide variant,NM_000162.5(GCK):c.286G>T (p.Glu96Ter),2645,GCK,HGNC:4195,Pathogenic,1,"Dec 12, 2019",2096281776,-,RCV001289437|RCV002465863,"MedGen:C3661900|Human Phenotype Ontology:HP:0004904,MONDO:MONDO:0018911,MedGen:C0342276,OMIM:PS125850,Orphanet:552",not provided|Maturity-onset diabetes of the young,unknown,unknown,GRCh38,NC_000007.14,7,44152348,44152348,na,na,7p13,"criteria provided, multiple submitters, no conflicts",2,-,N,ClinGen:CA367402838,2,995368,44152348,C,A,-,-,-,-,-,-,SCV001477254|SCV002605370,-,-,Pathogenic,p.Glu96Ter,E,96.0,T,0.1015,benign,,LoF,chr7:g.44152348C>A
985615,single nucleotide variant,NM_000162.5(GCK):c.491T>C (p.Leu164Pro),2645,GCK,HGNC:4195,Pathogenic/Likely pathogenic,1,"Dec 05, 2025",2096278847,-,RCV001293474|RCV001871744|RCV003127763,"MONDO:MONDO:0007453,MedGen:C0342277,OMIM:125851,Orphanet:552|MedGen:C3661900|Human Phenotype Ontology:HP:0004904,MONDO:MONDO:0018911,MedGen:C0342276,OMIM:PS125850,Orphanet:552",Maturity-onset diabetes of the young type 2|not provided|Maturity-onset diabetes of the young,germline;unknown,germline,GRCh38,NC_000007.14,7,44150057,44150057,na,na,7p13,"criteria provided, multiple submitters, no conflicts",5,-,N,ClinGen:CA367401792,2,997861,44150057,A,G,-,-,-,-,-,-,SCV001482047|SCV002290851|SCV002605225|SCV002771534|SCV004035464,-,-,Pathogenic,p.Leu164Pro,L,164.0,P,0.9957,pathogenic,0.99,LoF,chr7:g.44150057A>G
1062272,single nucleotide variant,NM_000352.6(ABCC8):c.3000C>A (p.Cys1000Ter),6833,ABCC8,HGNC:59,Pathogenic/Likely pathogenic,1,"Oct 09, 2024",192863214,-,RCV001388604|RCV003321835|RCV004801004,"MedGen:C3661900|MONDO:MONDO:0009734,MedGen:C2931832,OMIM:256450,Orphanet:276575,Orphanet:276598|MONDO:MONDO:0017182,MedGen:C3888018,Orphanet:276525","not provided|Hyperinsulinemic hypoglycemia, familial, 1|Familial hyperinsulinism",germline,germline,GRCh38,NC_000011.10,11,17407050,17407050,na,na,11p15.1,"criteria provided, multiple submitters, no conflicts",3,-,N,ClinGen:CA5902947,2,1075098,17407050,G,T,-,-,-,-,-,-,SCV001589661|SCV004026533|SCV005422507,-,-,Pathogenic,p.Cys1000Ter,C,1000.0,T,0.5082,ambiguous,,LoF,chr11:g.17407050G>T
1062278,single nucleotide variant,NM_000352.6(ABCC8):c.1332G>T (p.Gln444His),6833,ABCC8,HGNC:59,Pathogenic/Likely pathogenic,1,"Jan 28, 2026",760062120,-,RCV001383753|RCV001826165|RCV002499797|RCV003469700|RCV004797943|RCV006261761,"MedGen:C3661900||MONDO:MONDO:0012480,MedGen:C1835887,OMIM:610374,Orphanet:99886;MONDO:MONDO:0009734,MedGen:C2931832,OMIM:256450,Orphanet:276575,Orphanet:276598;MONDO:MONDO:0009415,MedGen:C0271714,OMIM:240800;MONDO:MONDO:0030088,MedGen:C5394303,OMIM:618857;Human Phenotype Ontology:HP:0005965,Human Phenotype Ontology:HP:0005978,Human Phenotype Ontology:HP:0100652,MONDO:MONDO:0005148,MeSH:D003924,MedGen:C0011860,OMIM:125853|Human Phenotype Ontology:HP:0005965,Human Phenotype Ontology:HP:0005978,Human Phenotype Ontology:HP:0100652,MONDO:MONDO:0005148,MeSH:D003924,MedGen:C0011860,OMIM:125853||MONDO:MONDO:0009734,MedGen:C2931832,OMIM:256450,Orphanet:276575,Orphanet:276598","not provided|Hereditary hyperinsulinism|Diabetes mellitus, transient neonatal, 2;Hyperinsulinemic hypoglycemia, familial, 1;Leucine-induced hypoglycemia;Diabetes mellitus, permanent neonatal 3;Type 2 diabetes mellitus|Type 2 diabetes mellitus|See cases|Hyperinsulinemic hypoglycemia, familial, 1",germline;paternal;unknown,germline,GRCh38,NC_000011.10,11,17448516,17448516,na,na,11p15.1,"criteria provided, multiple submitters, no conflicts",6,-,N,ClinGen:CA379768482,2,1071311,17448516,C,A,-,-,-,-,-,-,SCV001583008|SCV002807703|SCV004195318|SCV005419377|SCV007113968,-,-,Pathogenic,p.Gln444His,Q,444.0,H,0.9887,pathogenic,0.944,LoF,chr11:g.17448516C>A
1087523,single nucleotide variant,NM_000162.5(GCK):c.1139A>C (p.His380Pro),2645,GCK,HGNC:4195,Pathogenic,1,"Sep 19, 2023",2128819280,-,RCV002322436|RCV003330328|RCV003388013|RCV006467061,"Human Phenotype Ontology:HP:0004904,MONDO:MONDO:0018911,MedGen:C0342276,OMIM:PS125850,Orphanet:552|MONDO:MONDO:0015967,MedGen:C3888631,Orphanet:183625|MONDO:MONDO:0007453,MedGen:C0342277,OMIM:125851,Orphanet:552|MedGen:C3661900",Maturity-onset diabetes of the young|Monogenic diabetes|Maturity-onset diabetes of the young type 2|not provided,germline,germline,GRCh38,NC_000007.14,7,44145611,44145611,na,na,7p13,reviewed by expert panel,4,-,N,ClinGen:CA367398780,2,1098819,44145611,T,G,-,-,-,-,-,-,SCV004037469,-,-,Pathogenic,p.His380Pro,H,380.0,P,0.9505,pathogenic,0.789,LoF,chr7:g.44145611T>G
1151093,single nucleotide variant,NM_000525.4(KCNJ11):c.617G>A (p.Arg206His),3767,KCNJ11,HGNC:6257,Pathogenic/Likely pathogenic,1,"Jul 10, 2025",1554901747,-,RCV001506970|RCV002564187|RCV004719070|RCV005912928,"MONDO:MONDO:0011153,MedGen:C2931833,OMIM:601820,Orphanet:276580,Orphanet:276603|MedGen:C3661900|MONDO:MONDO:0014589,MedGen:C4225365,OMIM:616329,Orphanet:552|MONDO:MONDO:0017182,MedGen:C3888018,Orphanet:276525","Hyperinsulinemic hypoglycemia, familial, 2|not provided|Maturity-onset diabetes of the young type 13|Familial hyperinsulinism",germline;unknown,germline,GRCh38,NC_000011.10,11,17387475,17387475,na,na,11p15.1,"criteria provided, multiple submitters, no conflicts",4,-,N,ClinGen:CA379772144,2,1162197,17387475,C,T,-,-,-,-,-,-,SCV001653803|SCV002951259|SCV007095225,-,-,Pathogenic,p.Arg206His,R,206.0,H,0.934,pathogenic,0.981,LoF,chr11:g.17387475C>T
1162055,single nucleotide variant,NM_000162.5(GCK):c.660C>A (p.Cys220Ter),2645,GCK,HGNC:4195,Pathogenic,1,"Oct 13, 2023",142952813,-,RCV001527032|RCV001658238|RCV002368554|RCV002488347|RCV003399324,"MONDO:MONDO:0007453,MedGen:C0342277,OMIM:125851,Orphanet:552|MedGen:C3661900|Human Phenotype Ontology:HP:0004904,MONDO:MONDO:0018911,MedGen:C0342276,OMIM:PS125850,Orphanet:552|MONDO:MONDO:0100165,MedGen:C5393570,OMIM:606176;Human Phenotype Ontology:HP:0005965,Human Phenotype Ontology:HP:0005978,Human Phenotype Ontology:HP:0100652,MONDO:MONDO:0005148,MeSH:D003924,MedGen:C0011860,OMIM:125853;MONDO:MONDO:0011236,MedGen:C1865290,OMIM:602485,Orphanet:79299;MONDO:MONDO:0007453,MedGen:C0342277,OMIM:125851,Orphanet:552|MONDO:MONDO:0015967,MedGen:C3888631,Orphanet:183625",Maturity-onset diabetes of the young type 2|not provided|Maturity-onset diabetes of the young|Permanent neonatal diabetes mellitus 1;Type 2 diabetes mellitus;Hyperinsulinism due to glucokinase deficiency;Maturity-onset diabetes of the young type 2|Monogenic diabetes,germline;unknown,germline,GRCh38,NC_000007.14,7,44149779,44149779,na,na,7p13,reviewed by expert panel,8,-,N,ClinGen:CA367401189,2,1172896,44149779,G,T,-,-,-,-,-,-,SCV004102850,-,-,Pathogenic,p.Cys220Ter,C,220.0,T,0.9062,pathogenic,,GoF,chr7:g.44149779G>T
1200150,single nucleotide variant,NM_000162.5(GCK):c.386G>A (p.Cys129Tyr),2645,GCK,HGNC:4195,Likely pathogenic,1,"Sep 01, 2024",2128822108,-,RCV001580191|RCV003120636,"MONDO:MONDO:0007453,MedGen:C0342277,OMIM:125851,Orphanet:552|MedGen:C3661900",Maturity-onset diabetes of the young type 2|not provided,germline;inherited,germline,GRCh38,NC_000007.14,7,44151053,44151053,na,na,7p13,"criteria provided, multiple submitters, no conflicts",3,-,N,ClinGen:CA367402156,2,1210150,44151053,C,T,-,-,-,-,-,-,SCV001809833|SCV003799550|SCV004295183,-,-,Pathogenic,p.Cys129Tyr,C,129.0,Y,0.9482,pathogenic,0.97,LoF,chr7:g.44151053C>T
1289654,single nucleotide variant,NM_000162.5(GCK):c.142G>A (p.Glu48Lys),2645,GCK,HGNC:4195,Likely benign,0,"Dec 26, 2024",759514960,-,RCV001730073|RCV003883182|RCV003331193|RCV005038284|RCV006467802,"MONDO:MONDO:0011236,MedGen:C1865290,OMIM:602485,Orphanet:79299|MONDO:MONDO:0015967,MedGen:C3888631,Orphanet:183625|MedGen:CN169374|MONDO:MONDO:0100165,MedGen:C5393570,OMIM:606176;Human Phenotype Ontology:HP:0005965,Human Phenotype Ontology:HP:0005978,Human Phenotype Ontology:HP:0100652,MONDO:MONDO:0005148,MeSH:D003924,MedGen:C0011860,OMIM:125853;MONDO:MONDO:0011236,MedGen:C1865290,OMIM:602485,Orphanet:79299;MONDO:MONDO:0007453,MedGen:C0342277,OMIM:125851,Orphanet:552|MedGen:C3661900",Hyperinsulinism due to glucokinase deficiency|Monogenic diabetes|not specified|Permanent neonatal diabetes mellitus 1;Type 2 diabetes mellitus;Hyperinsulinism due to glucokinase deficiency;Maturity-onset diabetes of the young type 2|not provided,germline;unknown,germline,GRCh38,NC_000007.14,7,44153367,44153367,na,na,7p13,reviewed by expert panel,5,-,N,ClinGen:CA4239714,2,1299600,44153367,C,T,-,-,-,-,-,-,SCV004697901,-,-,Benign,p.Glu48Lys,E,48.0,K,0.1185,benign,0.696,Benign,chr7:g.44153367C>T
1310900,single nucleotide variant,NM_000162.5(GCK):c.1322C>G (p.Ser441Trp),2645,GCK,HGNC:4195,Pathogenic,1,"Jun 25, 2023",1286804191,-,RCV001776634|RCV003313230|RCV003401708|RCV005250198,"MedGen:C3661900|MONDO:MONDO:0015967,MedGen:C3888631,Orphanet:183625||Human Phenotype Ontology:HP:0004904,MONDO:MONDO:0018911,MedGen:C0342276,OMIM:PS125850,Orphanet:552",not provided|Monogenic diabetes|GCK-related disorder|Maturity-onset diabetes of the young,germline,germline,GRCh38,NC_000007.14,7,44145212,44145212,na,na,7p13,reviewed by expert panel,6,-,N,ClinGen:CA367397017,2,1320655,44145212,G,C,-,-,-,-,-,-,SCV004012134,-,-,Pathogenic,p.Ser441Trp,S,441.0,W,0.966,pathogenic,0.967,LoF,chr7:g.44145212G>C
1329462,single nucleotide variant,NM_000352.6(ABCC8):c.4252C>T (p.Arg1418Cys),6833,ABCC8,HGNC:59,Pathogenic/Likely pathogenic,1,"Jun 17, 2025",1468762603,-,RCV001817825|RCV005432802,"MedGen:C3661900|MONDO:MONDO:0017182,MedGen:C3888018,Orphanet:276525",not provided|Familial hyperinsulinism,germline,germline,GRCh38,NC_000011.10,11,17395665,17395665,na,na,11p15.1,"criteria provided, multiple submitters, no conflicts",3,-,N,ClinGen:CA379786713,2,1338454,17395665,G,A,-,-,-,-,-,-,SCV002069274|SCV003844762|SCV004295374,-,-,Pathogenic,p.Arg1418Cys,R,1418.0,C,0.9281,pathogenic,0.964,LoF,chr11:g.17395665G>A
1329474,single nucleotide variant,NM_000525.4(KCNJ11):c.556C>G (p.His186Asp),3767,KCNJ11,HGNC:6257,Pathogenic/Likely pathogenic,1,"Jul 18, 2025",2133380076,-,RCV001817837|RCV005922713,"MedGen:C3661900|MONDO:MONDO:0100164,MedGen:C1833104,OMIM:PS606176,Orphanet:99885",not provided|Permanent neonatal diabetes mellitus,germline,germline,GRCh38,NC_000011.10,11,17387536,17387536,na,na,11p15.1,"criteria provided, multiple submitters, no conflicts",3,-,N,ClinGen:CA379772714,2,1338466,17387536,G,C,-,-,-,-,-,-,SCV002069303|SCV002292066|SCV007094395,-,-,Pathogenic,p.His186Asp,H,186.0,D,0.4596,ambiguous,0.841,GoF,chr11:g.17387536G>C
1329480,single nucleotide variant,NM_000352.6(ABCC8):c.2473C>T (p.Arg825Trp),6833,ABCC8,HGNC:59,Pathogenic,1,"Apr 17, 2025",779736828,-,RCV001817843|RCV004690140|RCV005040402,"MedGen:C3661900|MONDO:MONDO:0100164,MedGen:C1833104,OMIM:PS606176,Orphanet:99885|MONDO:MONDO:0030088,MedGen:C5394303,OMIM:618857;MONDO:MONDO:0009734,MedGen:C2931832,OMIM:256450,Orphanet:276575,Orphanet:276598;MONDO:MONDO:0009415,MedGen:C0271714,OMIM:240800;Human Phenotype Ontology:HP:0005965,Human Phenotype Ontology:HP:0005978,Human Phenotype Ontology:HP:0100652,MONDO:MONDO:0005148,MeSH:D003924,MedGen:C0011860,OMIM:125853;MONDO:MONDO:0012480,MedGen:C1835887,OMIM:610374,Orphanet:99886","not provided|Permanent neonatal diabetes mellitus|Diabetes mellitus, permanent neonatal 3;Hyperinsulinemic hypoglycemia, familial, 1;Leucine-induced hypoglycemia;Type 2 diabetes mellitus;Diabetes mellitus, transient neonatal, 2",germline,germline,GRCh38,NC_000011.10,11,17413396,17413396,na,na,11p15.1,"criteria provided, multiple submitters, no conflicts",5,-,N,ClinGen:CA5903132,2,1338472,17413396,G,A,-,-,-,-,-,-,SCV002069315|SCV002143364|SCV002757266|SCV005185930|SCV005676341,-,-,Pathogenic,p.Arg825Trp,R,825.0,W,0.5882,pathogenic,0.855,GoF,chr11:g.17413396G>A
1329504,single nucleotide variant,NM_000352.6(ABCC8):c.4547A>G (p.Glu1516Gly),6833,ABCC8,HGNC:59,Likely pathogenic,1,"Jul 16, 2025",2133393241,-,RCV001817867|RCV005922715,"MedGen:C3661900|MONDO:MONDO:0017182,MedGen:C3888018,Orphanet:276525",not provided|Familial hyperinsulinism,germline,germline,GRCh38,NC_000011.10,11,17393758,17393758,na,na,11p15.1,"criteria provided, multiple submitters, no conflicts",3,-,N,ClinGen:CA379782282,2,1338496,17393758,T,C,-,-,-,-,-,-,SCV002067273|SCV004631959|SCV007093774,-,-,Pathogenic,p.Glu1516Gly,E,1516.0,G,0.9263,pathogenic,0.889,LoF,chr11:g.17393758T>C
1329622,single nucleotide variant,NM_000525.4(KCNJ11):c.616C>T (p.Arg206Cys),3767,KCNJ11,HGNC:6257,Pathogenic/Likely pathogenic,1,"Jun 13, 2025",775204908,-,RCV001817986|RCV003336445|RCV005432803,"MedGen:C3661900||MONDO:MONDO:0017182,MedGen:C3888018,Orphanet:276525",not provided|KCNJ11-related disorder|Familial hyperinsulinism,germline,germline,GRCh38,NC_000011.10,11,17387476,17387476,na,na,11p15.1,"criteria provided, multiple submitters, no conflicts",5,-,N,ClinGen:CA5902273,2,1338615,17387476,G,A,-,-,-,-,-,-,SCV002069645|SCV002296176|SCV002588047|SCV004046434|SCV006102471,-,-,Pathogenic,p.Arg206Cys,R,206.0,C,0.9412,pathogenic,0.981,LoF,chr11:g.17387476G>A
1335140,single nucleotide variant,NM_000162.5(GCK):c.179C>T (p.Thr60Ile),2645,GCK,HGNC:4195,Pathogenic,1,"Jul 29, 2025",747783371,-,RCV001844458|RCV002406905|RCV005623446|RCV006468081,"MedGen:CN169374|Human Phenotype Ontology:HP:0004904,MONDO:MONDO:0018911,MedGen:C0342276,OMIM:PS125850,Orphanet:552|MONDO:MONDO:0015967,MedGen:C3888631,Orphanet:183625|MedGen:C3661900",not specified|Maturity-onset diabetes of the young|Monogenic diabetes|not provided,germline,germline,GRCh38,NC_000007.14,7,44153330,44153330,na,na,7p13,reviewed by expert panel,4,-,N,ClinGen:CA4239709,2,1343440,44153330,G,A,-,-,-,-,-,-,SCV006304595,-,-,Pathogenic,p.Thr60Ile,T,60.0,I,0.9945,pathogenic,0.979,LoF,chr7:g.44153330G>A
1339911,single nucleotide variant,NM_000352.6(ABCC8):c.4544C>T (p.Thr1515Met),6833,ABCC8,HGNC:59,Pathogenic/Likely pathogenic,1,"Aug 25, 2025",769989185,-,RCV002004428|RCV002290835|RCV004699641|RCV005042680,"MedGen:C3661900|Human Phenotype Ontology:HP:0005965,Human Phenotype Ontology:HP:0005978,Human Phenotype Ontology:HP:0100652,MONDO:MONDO:0005148,MeSH:D003924,MedGen:C0011860,OMIM:125853|Human Phenotype Ontology:HP:0004904,MONDO:MONDO:0018911,MedGen:C0342276,OMIM:PS125850,Orphanet:552|MONDO:MONDO:0012480,MedGen:C1835887,OMIM:610374,Orphanet:99886;MONDO:MONDO:0009415,MedGen:C0271714,OMIM:240800;MONDO:MONDO:0009734,MedGen:C2931832,OMIM:256450,Orphanet:276575,Orphanet:276598;Human Phenotype Ontology:HP:0005965,Human Phenotype Ontology:HP:0005978,Human Phenotype Ontology:HP:0100652,MONDO:MONDO:0005148,MeSH:D003924,MedGen:C0011860,OMIM:125853;MONDO:MONDO:0030088,MedGen:C5394303,OMIM:618857","not provided|Type 2 diabetes mellitus|Maturity-onset diabetes of the young|Diabetes mellitus, transient neonatal, 2;Leucine-induced hypoglycemia;Hyperinsulinemic hypoglycemia, familial, 1;Type 2 diabetes mellitus;Diabetes mellitus, permanent neonatal 3",germline,germline,GRCh38,NC_000011.10,11,17394267,17394267,na,na,11p15.1,"criteria provided, multiple submitters, no conflicts",5,-,N,ClinGen:CA5902453,2,1506182,17394267,G,A,-,-,-,-,-,-,SCV002293263|SCV002580676|SCV005204853|SCV005325033|SCV005676652,-,-,Pathogenic,p.Thr1515Met,T,1515.0,M,0.8532,pathogenic,0.886,LoF,chr11:g.17394267G>A
1398621,single nucleotide variant,NM_000525.4(KCNJ11):c.901C>G (p.Arg301Gly),3767,KCNJ11,HGNC:6257,Pathogenic/Likely pathogenic,1,"Jul 11, 2025",377091338,-,RCV002019901|RCV005925571,"MedGen:C3661900|MONDO:MONDO:0017182,MedGen:C3888018,Orphanet:276525",not provided|Familial hyperinsulinism,germline,germline,GRCh38,NC_000011.10,11,17387191,17387191,na,na,11p15.1,"criteria provided, multiple submitters, no conflicts",3,-,N,ClinGen:CA379770021,2,1501753,17387191,G,C,-,-,-,-,-,-,SCV002296170|SCV006088086|SCV007095017,-,-,Pathogenic,p.Arg301Gly,R,301.0,G,0.9903,pathogenic,0.946,LoF,chr11:g.17387191G>C
1435924,single nucleotide variant,NM_000162.5(GCK):c.671T>C (p.Met224Thr),2645,GCK,HGNC:4195,Pathogenic,1,"Jan 22, 2026",2128821476,-,RCV001975403|RCV002052003|RCV003490980|RCV006454747,"MedGen:C3661900|MONDO:MONDO:0007453,MedGen:C0342277,OMIM:125851,Orphanet:552|Human Phenotype Ontology:HP:0004904,MONDO:MONDO:0018911,MedGen:C0342276,OMIM:PS125850,Orphanet:552|MONDO:MONDO:0015967,MedGen:C3888631,Orphanet:183625",not provided|Maturity-onset diabetes of the young type 2|Maturity-onset diabetes of the young|Monogenic diabetes,germline,germline,GRCh38,NC_000007.14,7,44149768,44149768,na,na,7p13,reviewed by expert panel,5,-,N,ClinGen:CA367401149,2,1464253,44149768,A,G,-,-,-,-,-,-,SCV007338193,-,-,Pathogenic,p.Met224Thr,M,224.0,T,0.9429,pathogenic,0.825,LoF,chr7:g.44149768A>G
1451300,single nucleotide variant,NM_000162.5(GCK):c.867T>A (p.Tyr289Ter),2645,GCK,HGNC:4195,Pathogenic,1,"Nov 25, 2023",1192394824,-,RCV001941538|RCV002370606,"MedGen:C3661900|Human Phenotype Ontology:HP:0004904,MONDO:MONDO:0018911,MedGen:C0342276,OMIM:PS125850,Orphanet:552",not provided|Maturity-onset diabetes of the young,germline,germline,GRCh38,NC_000007.14,7,44146615,44146615,na,na,7p13,"criteria provided, multiple submitters, no conflicts",2,-,N,ClinGen:CA367400240,2,1453774,44146615,A,T,-,-,-,-,-,-,SCV002236714|SCV002685782,-,-,Pathogenic,p.Tyr289Ter,Y,289.0,T,0.9787,pathogenic,,LoF,chr7:g.44146615A>T
1478061,single nucleotide variant,NM_000525.4(KCNJ11):c.407G>T (p.Arg136Leu),3767,KCNJ11,HGNC:6257,Pathogenic/Likely pathogenic,1,"Dec 23, 2024",1479483693,-,RCV002005862|RCV005238142,"MedGen:C3661900|MONDO:MONDO:0017182,MedGen:C3888018,Orphanet:276525",not provided|Familial hyperinsulinism,germline,germline,GRCh38,NC_000011.10,11,17387685,17387685,na,na,11p15.1,"criteria provided, multiple submitters, no conflicts",2,-,N,ClinGen:CA379773968,2,1484521,17387685,C,A,-,-,-,-,-,-,SCV002272047|SCV005884908,-,-,Pathogenic,p.Arg136Leu,R,136.0,L,0.9408,pathogenic,0.984,LoF,chr11:g.17387685C>A
1480344,single nucleotide variant,NM_000162.5(GCK):c.1019G>A (p.Ser340Asn),2645,GCK,HGNC:4195,Pathogenic,1,"Nov 18, 2025",1376631949,-,RCV001903778|RCV003329421|RCV005924091,"MedGen:C3661900|Human Phenotype Ontology:HP:0004904,MONDO:MONDO:0018911,MedGen:C0342276,OMIM:PS125850,Orphanet:552|MONDO:MONDO:0015967,MedGen:C3888631,Orphanet:183625",not provided|Maturity-onset diabetes of the young|Monogenic diabetes,germline,germline,GRCh38,NC_000007.14,7,44146463,44146463,na,na,7p13,reviewed by expert panel,3,-,N,ClinGen:CA367399686,2,1405403,44146463,C,T,-,-,-,-,-,-,SCV007095703,-,-,Pathogenic,p.Ser340Asn,S,340.0,N,0.2718,benign,0.513,LoF,chr7:g.44146463C>T
1481321,single nucleotide variant,NM_000352.6(ABCC8):c.502C>T (p.Arg168Cys),6833,ABCC8,HGNC:59,Pathogenic/Likely pathogenic,1,"Jun 17, 2025",756823374,-,RCV001951354|RCV003321889|RCV003479377|RCV005042606,"MedGen:C3661900|MONDO:MONDO:0009734,MedGen:C2931832,OMIM:256450,Orphanet:276575,Orphanet:276598|MONDO:MONDO:0017182,MedGen:C3888018,Orphanet:276525|MONDO:MONDO:0012480,MedGen:C1835887,OMIM:610374,Orphanet:99886;MONDO:MONDO:0009415,MedGen:C0271714,OMIM:240800;MONDO:MONDO:0009734,MedGen:C2931832,OMIM:256450,Orphanet:276575,Orphanet:276598;Human Phenotype Ontology:HP:0005965,Human Phenotype Ontology:HP:0005978,Human Phenotype Ontology:HP:0100652,MONDO:MONDO:0005148,MeSH:D003924,MedGen:C0011860,OMIM:125853;MONDO:MONDO:0030088,MedGen:C5394303,OMIM:618857","not provided|Hyperinsulinemic hypoglycemia, familial, 1|Familial hyperinsulinism|Diabetes mellitus, transient neonatal, 2;Leucine-induced hypoglycemia;Hyperinsulinemic hypoglycemia, familial, 1;Type 2 diabetes mellitus;Diabetes mellitus, permanent neonatal 3",germline,germline,GRCh38,NC_000011.10,11,17463515,17463515,na,na,11p15.1,"criteria provided, multiple submitters, no conflicts",5,-,N,ClinGen:CA5903857,2,1459964,17463515,G,A,-,-,-,-,-,-,SCV002240879|SCV004026581|SCV004222741|SCV005676105|SCV007126850,-,-,Pathogenic,p.Arg168Cys,R,168.0,C,0.8734,pathogenic,0.96,LoF,chr11:g.17463515G>A
1498516,single nucleotide variant,NM_000352.6(ABCC8):c.2521C>G (p.Arg841Gly),6833,ABCC8,HGNC:59,Likely pathogenic,1,"Jul 15, 2025",1484689392,-,RCV001978196|RCV005042650|RCV006458855,"MedGen:C3661900|MONDO:MONDO:0012480,MedGen:C1835887,OMIM:610374,Orphanet:99886;MONDO:MONDO:0009415,MedGen:C0271714,OMIM:240800;MONDO:MONDO:0009734,MedGen:C2931832,OMIM:256450,Orphanet:276575,Orphanet:276598;Human Phenotype Ontology:HP:0005965,Human Phenotype Ontology:HP:0005978,Human Phenotype Ontology:HP:0100652,MONDO:MONDO:0005148,MeSH:D003924,MedGen:C0011860,OMIM:125853;MONDO:MONDO:0030088,MedGen:C5394303,OMIM:618857|MONDO:MONDO:0017182,MedGen:C3888018,Orphanet:276525","not provided|Diabetes mellitus, transient neonatal, 2;Leucine-induced hypoglycemia;Hyperinsulinemic hypoglycemia, familial, 1;Type 2 diabetes mellitus;Diabetes mellitus, permanent neonatal 3|Familial hyperinsulinism",germline,germline,GRCh38,NC_000011.10,11,17412701,17412701,na,na,11p15.1,"criteria provided, multiple submitters, no conflicts",3,-,N,ClinGen:CA379807481,2,1489024,17412701,G,C,-,-,-,-,-,-,SCV002272726|SCV004020578|SCV005676337,-,-,Pathogenic,p.Arg841Gly,R,841.0,G,0.9947,pathogenic,0.912,LoF,chr11:g.17412701G>C
1517422,single nucleotide variant,NM_000352.6(ABCC8):c.1330C>T (p.Gln444Ter),6833,ABCC8,HGNC:59,Pathogenic,1,"Sep 19, 2023",2133616750,-,RCV002052037|RCV003388087|RCV003560873,"MONDO:MONDO:0009734,MedGen:C2931832,OMIM:256450,Orphanet:276575,Orphanet:276598|MONDO:MONDO:0017182,MedGen:C3888018,Orphanet:276525|MedGen:C3661900","Hyperinsulinemic hypoglycemia, familial, 1|Familial hyperinsulinism|not provided",germline,germline,GRCh38,NC_000011.10,11,17448518,17448518,na,na,11p15.1,"criteria provided, multiple submitters, no conflicts",3,-,N,ClinGen:CA379768487,2,1526017,17448518,G,A,-,-,-,-,-,-,SCV002318431|SCV004099978|SCV004295391,-,-,Pathogenic,p.Gln444Ter,Q,444.0,T,0.8725,pathogenic,,LoF,chr11:g.17448518G>A
1667652,single nucleotide variant,NM_000162.5(GCK):c.269A>C (p.Lys90Thr),2645,GCK,HGNC:4195,Likely pathogenic,1,"Oct 09, 2024",2128822695,-,RCV002221403,"MONDO:MONDO:0011236,MedGen:C1865290,OMIM:602485,Orphanet:79299",Hyperinsulinism due to glucokinase deficiency,germline,germline,GRCh38,NC_000007.14,7,44152365,44152365,na,na,7p13,"criteria provided, multiple submitters, no conflicts",2,-,N,ClinGen:CA367402900,2,1676241,44152365,T,G,-,-,-,-,-,-,SCV002498654|SCV005398812,-,-,Pathogenic,p.Lys90Thr,K,90.0,T,0.2108,benign,0.867,GoF,chr7:g.44152365T>G
1670346,single nucleotide variant,NM_000162.5(GCK):c.751A>G (p.Met251Val),2645,GCK,HGNC:4195,Pathogenic,1,"Mar 19, 2025",2128820620,-,RCV002225198|RCV005095775,"MONDO:MONDO:0007453,MedGen:C0342277,OMIM:125851,Orphanet:552|MedGen:C3661900",Maturity-onset diabetes of the young type 2|not provided,germline,germline,GRCh38,NC_000007.14,7,44147762,44147762,na,na,7p13,"criteria provided, multiple submitters, no conflicts",2,-,N,ClinGen:CA367400634,2,1678597,44147762,T,C,-,-,-,-,-,-,SCV002503751|SCV005835280,-,-,Pathogenic,p.Met251Val,M,251.0,V,0.5888,pathogenic,0.896,LoF,chr7:g.44147762T>C
1671466,single nucleotide variant,NM_000162.5(GCK):c.771G>A (p.Trp257Ter),2645,GCK,HGNC:4195,Pathogenic/Likely pathogenic,1,"Jan 12, 2024",2128820597,-,RCV002227424|RCV002509759|RCV003728049,"MONDO:MONDO:0007453,MedGen:C0342277,OMIM:125851,Orphanet:552|MONDO:MONDO:0015967,MedGen:C3888631,Orphanet:183625|MedGen:C3661900",Maturity-onset diabetes of the young type 2|Monogenic diabetes|not provided,germline;unknown,germline,GRCh38,NC_000007.14,7,44147742,44147742,na,na,7p13,"criteria provided, multiple submitters, no conflicts",3,-,N,ClinGen:CA367400590,2,1679545,44147742,C,T,-,-,-,-,-,-,SCV002506577|SCV002819506|SCV004535420,-,-,Pathogenic,p.Trp257Ter,W,257.0,T,0.982,pathogenic,,LoF,chr7:g.44147742C>T
1671468,single nucleotide variant,NM_000162.5(GCK):c.1079C>A (p.Ser360Ter),2645,GCK,HGNC:4195,Pathogenic,1,"Jan 22, 2026",2128819357,-,RCV002227426|RCV006454750|RCV006470261,"MONDO:MONDO:0007453,MedGen:C0342277,OMIM:125851,Orphanet:552|MONDO:MONDO:0015967,MedGen:C3888631,Orphanet:183625|MedGen:C3661900",Maturity-onset diabetes of the young type 2|Monogenic diabetes|not provided,germline;unknown,germline,GRCh38,NC_000007.14,7,44145671,44145671,na,na,7p13,reviewed by expert panel,4,-,N,ClinGen:CA367399113,2,1679547,44145671,G,T,-,-,-,-,-,-,SCV007338196,-,-,Pathogenic,p.Ser360Ter,S,360.0,T,0.0992,benign,,LoF,chr7:g.44145671G>T
1671470,single nucleotide variant,NM_000162.5(GCK):c.475A>G (p.Ile159Val),2645,GCK,HGNC:4195,Pathogenic/Likely pathogenic,1,"Oct 21, 2024",1319364468,-,RCV002227428|RCV002280206|RCV004526193,"MONDO:MONDO:0007453,MedGen:C0342277,OMIM:125851,Orphanet:552|MedGen:C3661900|MONDO:MONDO:0015967,MedGen:C3888631,Orphanet:183625",Maturity-onset diabetes of the young type 2|not provided|Monogenic diabetes,germline;unknown,germline,GRCh38,NC_000007.14,7,44150964,44150964,na,na,7p13,"criteria provided, multiple submitters, no conflicts",4,-,N,ClinGen:CA367401860,2,1679549,44150964,T,C,-,-,-,-,-,-,SCV002506582|SCV002568708|SCV005040498|SCV005835028,-,-,Pathogenic,p.Ile159Val,I,159.0,V,0.1611,benign,0.554,LoF,chr7:g.44150964T>C
1671473,single nucleotide variant,NM_000162.5(GCK):c.208G>A (p.Glu70Lys),2645,GCK,HGNC:4195,Pathogenic/Likely pathogenic,1,"Nov 01, 2022",2128823091,-,RCV002227431|RCV002473357|RCV003329435,"MONDO:MONDO:0007453,MedGen:C0342277,OMIM:125851,Orphanet:552|MedGen:C3661900|Human Phenotype Ontology:HP:0004904,MONDO:MONDO:0018911,MedGen:C0342276,OMIM:PS125850,Orphanet:552",Maturity-onset diabetes of the young type 2|not provided|Maturity-onset diabetes of the young,germline;unknown,germline,GRCh38,NC_000007.14,7,44153301,44153301,na,na,7p13,"criteria provided, multiple submitters, no conflicts",4,-,N,ClinGen:CA367403203,2,1679552,44153301,C,T,-,-,-,-,-,-,SCV002506588|SCV002771532|SCV003921452|SCV004037055,-,-,Pathogenic,p.Glu70Lys,E,70.0,K,0.925,pathogenic,0.976,LoF,chr7:g.44153301C>T
1693067,single nucleotide variant,NM_000162.5(GCK):c.1247A>G (p.His416Arg),2645,GCK,HGNC:4195,Pathogenic,1,"Jan 07, 2026",1583591303,-,RCV002285552|RCV003560916|RCV006454751,"MONDO:MONDO:0007453,MedGen:C0342277,OMIM:125851,Orphanet:552|MedGen:C3661900|MONDO:MONDO:0015967,MedGen:C3888631,Orphanet:183625",Maturity-onset diabetes of the young type 2|not provided|Monogenic diabetes,germline,germline,GRCh38,NC_000007.14,7,44145503,44145503,na,na,7p13,reviewed by expert panel,3,-,N,ClinGen:CA367398216,2,1700674,44145503,T,C,-,-,-,-,-,-,SCV007338201,-,-,Pathogenic,p.His416Arg,H,416.0,R,0.9927,pathogenic,0.988,LoF,chr7:g.44145503T>C
1693077,single nucleotide variant,NM_000162.5(GCK):c.878T>G (p.Ile293Arg),2645,GCK,HGNC:4195,Pathogenic/Likely pathogenic,1,"Apr 23, 2025",2128820046,-,RCV002285562,"MONDO:MONDO:0007453,MedGen:C0342277,OMIM:125851,Orphanet:552",Maturity-onset diabetes of the young type 2,germline,germline,GRCh38,NC_000007.14,7,44146604,44146604,na,na,7p13,"criteria provided, multiple submitters, no conflicts",2,-,N,ClinGen:CA367400163,2,1700684,44146604,A,C,-,-,-,-,-,-,SCV002562199|SCV006302552,-,-,Pathogenic,p.Ile293Arg,I,293.0,R,0.9713,pathogenic,0.986,LoF,chr7:g.44146604A>C
1708084,single nucleotide variant,NM_000162.5(GCK):c.1270C>T (p.His424Tyr),2645,GCK,HGNC:4195,Likely pathogenic,1,"Nov 23, 2023",2484493384,-,RCV002290072|RCV003395445|RCV003445164,"MONDO:MONDO:0007453,MedGen:C0342277,OMIM:125851,Orphanet:552||MONDO:MONDO:0015967,MedGen:C3888631,Orphanet:183625",Maturity-onset diabetes of the young type 2|GCK-related disorder|Monogenic diabetes,germline,germline,GRCh38,NC_000007.14,7,44145264,44145264,na,na,7p13,reviewed by expert panel,4,-,N,ClinGen:CA367397245,2,1709730,44145264,G,A,-,-,-,-,-,-,SCV004174251,-,-,Pathogenic,p.His424Tyr,H,424.0,Y,0.201,benign,0.897,LoF,chr7:g.44145264G>A
1708251,single nucleotide variant,NM_000162.5(GCK):c.866A>G (p.Tyr289Cys),2645,GCK,HGNC:4195,Pathogenic/Likely pathogenic,1,"Dec 31, 2022",2484507546,-,RCV002290240|RCV003560936,"MONDO:MONDO:0007453,MedGen:C0342277,OMIM:125851,Orphanet:552|MedGen:C3661900",Maturity-onset diabetes of the young type 2|not provided,germline,germline,GRCh38,NC_000007.14,7,44146616,44146616,na,na,7p13,"criteria provided, multiple submitters, no conflicts",2,-,N,ClinGen:CA367400246,2,1709898,44146616,T,C,-,-,-,-,-,-,SCV002579451|SCV004295153,-,-,Pathogenic,p.Tyr289Cys,Y,289.0,C,0.7758,pathogenic,0.806,LoF,chr7:g.44146616T>C
1785132,single nucleotide variant,NM_000162.5(GCK):c.1129C>A (p.Arg377Ser),2645,GCK,HGNC:4195,Likely pathogenic,1,"Sep 20, 2023",1471992838,-,RCV002325992|RCV003102308|RCV003330331,"Human Phenotype Ontology:HP:0004904,MONDO:MONDO:0018911,MedGen:C0342276,OMIM:PS125850,Orphanet:552|MedGen:C3661900|MONDO:MONDO:0015967,MedGen:C3888631,Orphanet:183625",Maturity-onset diabetes of the young|not provided|Monogenic diabetes,germline,germline,GRCh38,NC_000007.14,7,44145621,44145621,na,na,7p13,reviewed by expert panel,3,-,N,ClinGen:CA367398819,2,1727652,44145621,G,T,-,-,-,-,-,-,SCV004037459,-,-,Pathogenic,p.Arg377Ser,R,377.0,S,0.9972,pathogenic,0.988,LoF,chr7:g.44145621G>T
1789768,single nucleotide variant,NM_000162.5(GCK):c.1150G>A (p.Ala384Thr),2645,GCK,HGNC:4195,Likely pathogenic,1,"Jun 06, 2025",1376620210,-,RCV005417392|RCV002348865,"MONDO:MONDO:0015967,MedGen:C3888631,Orphanet:183625|Human Phenotype Ontology:HP:0004904,MONDO:MONDO:0018911,MedGen:C0342276,OMIM:PS125850,Orphanet:552",Monogenic diabetes|Maturity-onset diabetes of the young,germline;unknown,germline,GRCh38,NC_000007.14,7,44145600,44145600,na,na,7p13,reviewed by expert panel,3,-,N,ClinGen:CA367398732,2,1734018,44145600,C,T,-,-,-,-,-,-,SCV006084768,-,-,Pathogenic,p.Ala384Thr,A,384.0,T,0.5168,ambiguous,0.865,LoF,chr7:g.44145600C>T
1804932,single nucleotide variant,NM_000162.5(GCK):c.455T>C (p.Phe152Ser),2645,GCK,HGNC:4195,Pathogenic,1,"Apr 18, 2024",2484529445,-,RCV002340196|RCV004527446,"Human Phenotype Ontology:HP:0004904,MONDO:MONDO:0018911,MedGen:C0342276,OMIM:PS125850,Orphanet:552|MONDO:MONDO:0015967,MedGen:C3888631,Orphanet:183625",Maturity-onset diabetes of the young|Monogenic diabetes,germline,germline,GRCh38,NC_000007.14,7,44150984,44150984,na,na,7p13,reviewed by expert panel,2,-,N,ClinGen:CA367401925,2,1741488,44150984,A,G,-,-,-,-,-,-,SCV005040687,-,-,Pathogenic,p.Phe152Ser,F,152.0,S,0.9969,pathogenic,0.981,LoF,chr7:g.44150984A>G
1805249,single nucleotide variant,NM_000162.5(GCK):c.478G>C (p.Asp160His),2645,GCK,HGNC:4195,Pathogenic,1,"Jan 22, 2026",1554335566,-,RCV002330710|RCV005433821|RCV006454753,"Human Phenotype Ontology:HP:0004904,MONDO:MONDO:0018911,MedGen:C0342276,OMIM:PS125850,Orphanet:552|MedGen:C3661900|MONDO:MONDO:0015967,MedGen:C3888631,Orphanet:183625",Maturity-onset diabetes of the young|not provided|Monogenic diabetes,germline,germline,GRCh38,NC_000007.14,7,44150961,44150961,na,na,7p13,reviewed by expert panel,3,-,N,ClinGen:CA367401848,2,1743101,44150961,C,G,-,-,-,-,-,-,SCV007338188,-,-,Pathogenic,p.Asp160His,D,160.0,H,0.8518,pathogenic,0.946,LoF,chr7:g.44150961C>G
1809839,single nucleotide variant,NM_000162.5(GCK):c.524G>A (p.Gly175Glu),2645,GCK,HGNC:4195,Likely pathogenic,1,"Feb 23, 2024",2128821624,-,RCV002340943|RCV003883198,"Human Phenotype Ontology:HP:0004904,MONDO:MONDO:0018911,MedGen:C0342276,OMIM:PS125850,Orphanet:552|MONDO:MONDO:0015967,MedGen:C3888631,Orphanet:183625",Maturity-onset diabetes of the young|Monogenic diabetes,germline,germline,GRCh38,NC_000007.14,7,44150024,44150024,na,na,7p13,reviewed by expert panel,2,-,N,ClinGen:CA367401680,2,1746350,44150024,C,T,-,-,-,-,-,-,SCV004697927,-,-,Pathogenic,p.Gly175Glu,G,175.0,E,0.7636,pathogenic,0.914,LoF,chr7:g.44150024C>T
1823306,single nucleotide variant,NM_000162.5(GCK):c.766G>T (p.Glu256Ter),2645,GCK,HGNC:4195,Pathogenic,1,"Jul 14, 2022",769268803,-,RCV002400446|RCV003099711,"Human Phenotype Ontology:HP:0004904,MONDO:MONDO:0018911,MedGen:C0342276,OMIM:PS125850,Orphanet:552|MedGen:C3661900",Maturity-onset diabetes of the young|not provided,germline,germline,GRCh38,NC_000007.14,7,44147747,44147747,na,na,7p13,"criteria provided, multiple submitters, no conflicts",2,-,N,ClinGen:CA367400603,2,1760070,44147747,C,A,-,-,-,-,-,-,SCV002673126|SCV003439896,-,-,Pathogenic,p.Glu256Ter,E,256.0,T,0.9973,pathogenic,,LoF,chr7:g.44147747C>A
1826234,single nucleotide variant,NM_000162.5(GCK):c.1348G>T (p.Ala450Ser),2645,GCK,HGNC:4195,Pathogenic/Likely pathogenic,1,"Jun 14, 2025",2484492011,-,RCV002387880|RCV003774278,"Human Phenotype Ontology:HP:0004904,MONDO:MONDO:0018911,MedGen:C0342276,OMIM:PS125850,Orphanet:552|MedGen:C3661900",Maturity-onset diabetes of the young|not provided,germline;unknown,germline,GRCh38,NC_000007.14,7,44145186,44145186,na,na,7p13,"criteria provided, multiple submitters, no conflicts",3,-,N,ClinGen:CA367396909,2,1770532,44145186,C,A,-,-,-,-,-,-,SCV002690290|SCV004642448|SCV005620660,-,-,Pathogenic,p.Ala450Ser,A,450.0,S,0.5335,ambiguous,0.848,LoF,chr7:g.44145186C>A
1828754,single nucleotide variant,NM_000162.5(GCK):c.982G>T (p.Gly328Ter),2645,GCK,HGNC:4195,Pathogenic,1,"May 09, 2023",1230892001,-,RCV002376867|RCV003235717,"Human Phenotype Ontology:HP:0004904,MONDO:MONDO:0018911,MedGen:C0342276,OMIM:PS125850,Orphanet:552|MONDO:MONDO:0015967,MedGen:C3888631,Orphanet:183625",Maturity-onset diabetes of the young|Monogenic diabetes,germline,germline,GRCh38,NC_000007.14,7,44146500,44146500,na,na,7p13,"criteria provided, multiple submitters, no conflicts",2,-,N,ClinGen:CA367399813,2,1768344,44146500,C,A,-,-,-,-,-,-,SCV002691128|SCV003934327,-,-,Pathogenic,p.Gly328Ter,G,328.0,T,0.6398,pathogenic,,LoF,chr7:g.44146500C>A
1836943,single nucleotide variant,NM_000162.5(GCK):c.151G>T (p.Glu51Ter),2645,GCK,HGNC:4195,Pathogenic,1,"Mar 19, 2025",2096283124,-,RCV002392406|RCV005645388,"Human Phenotype Ontology:HP:0004904,MONDO:MONDO:0018911,MedGen:C0342276,OMIM:PS125850,Orphanet:552|MedGen:C3661900",Maturity-onset diabetes of the young|not provided,germline,germline,GRCh38,NC_000007.14,7,44153358,44153358,na,na,7p13,"criteria provided, multiple submitters, no conflicts",2,-,N,ClinGen:CA367403382,2,1774404,44153358,C,A,-,-,-,-,-,-,SCV002708159|SCV006334171,-,-,Pathogenic,p.Glu51Ter,E,51.0,T,0.1613,benign,,LoF,chr7:g.44153358C>A
1840690,single nucleotide variant,NM_000162.5(GCK):c.1007C>A (p.Ser336Ter),2645,GCK,HGNC:4195,Pathogenic,1,"Dec 31, 2023",2484506114,-,RCV002432802|RCV003561028,"Human Phenotype Ontology:HP:0004904,MONDO:MONDO:0018911,MedGen:C0342276,OMIM:PS125850,Orphanet:552|MedGen:C3661900",Maturity-onset diabetes of the young|not provided,germline,germline,GRCh38,NC_000007.14,7,44146475,44146475,na,na,7p13,"criteria provided, multiple submitters, no conflicts",2,-,N,ClinGen:CA367399724,2,1787169,44146475,G,T,-,-,-,-,-,-,SCV002726686|SCV004295146,-,-,Pathogenic,p.Ser336Ter,S,336.0,T,0.6082,pathogenic,,LoF,chr7:g.44146475G>T
1860575,single nucleotide variant,NM_000162.5(GCK):c.1072C>T (p.Arg358Ter),2645,GCK,HGNC:4195,Pathogenic,1,"Jun 27, 2025",780716926,-,RCV002467217|RCV004798003|RCV005430861,"MedGen:C3661900|MONDO:MONDO:0007453,MedGen:C0342277,OMIM:125851,Orphanet:552|MONDO:MONDO:0015967,MedGen:C3888631,Orphanet:183625",not provided|Maturity-onset diabetes of the young type 2|Monogenic diabetes,de novo;germline,germline,GRCh38,NC_000007.14,7,44145678,44145678,na,na,7p13,reviewed by expert panel,4,-,N,ClinGen:CA4239437,2,1803547,44145678,G,A,-,-,-,-,-,-,SCV006101115,-,-,Pathogenic,p.Arg358Ter,R,358.0,T,0.155,benign,,LoF,chr7:g.44145678G>A
1867973,single nucleotide variant,NM_000162.5(GCK):c.1232C>T (p.Ser411Phe),2645,GCK,HGNC:4195,Likely pathogenic,1,"Apr 04, 2024",2484495820,-,RCV003060097|RCV004587413,"MedGen:C3661900|MONDO:MONDO:0007453,MedGen:C0342277,OMIM:125851,Orphanet:552",not provided|Maturity-onset diabetes of the young type 2,germline,germline,GRCh38,NC_000007.14,7,44145518,44145518,na,na,7p13,"criteria provided, multiple submitters, no conflicts",2,-,N,ClinGen:CA367398296,2,2136506,44145518,G,A,-,-,-,-,-,-,SCV003439538|SCV005077456,-,-,Pathogenic,p.Ser411Phe,S,411.0,F,0.9719,pathogenic,0.946,LoF,chr7:g.44145518G>A
1867976,single nucleotide variant,NM_000162.5(GCK):c.1151C>A (p.Ala384Glu),2645,GCK,HGNC:4195,Pathogenic,1,"Jun 06, 2025",1583591747,-,RCV003037213|RCV004070133|RCV005417393,"MedGen:C3661900|Human Phenotype Ontology:HP:0004904,MONDO:MONDO:0018911,MedGen:C0342276,OMIM:PS125850,Orphanet:552|MONDO:MONDO:0015967,MedGen:C3888631,Orphanet:183625",not provided|Maturity-onset diabetes of the young|Monogenic diabetes,germline,germline,GRCh38,NC_000007.14,7,44145599,44145599,na,na,7p13,reviewed by expert panel,3,-,N,ClinGen:CA367398725,2,2136509,44145599,G,T,-,-,-,-,-,-,SCV006084765,-,-,Pathogenic,p.Ala384Glu,A,384.0,E,0.9902,pathogenic,0.96,LoF,chr7:g.44145599G>T
1867985,single nucleotide variant,NM_000162.5(GCK):c.679G>A (p.Gly227Ser),2645,GCK,HGNC:4195,Pathogenic,1,"Sep 26, 2025",2484522183,-,RCV003060103|RCV003329455|RCV005647403,"MedGen:C3661900|Human Phenotype Ontology:HP:0004904,MONDO:MONDO:0018911,MedGen:C0342276,OMIM:PS125850,Orphanet:552|MONDO:MONDO:0015967,MedGen:C3888631,Orphanet:183625",not provided|Maturity-onset diabetes of the young|Monogenic diabetes,germline,germline,GRCh38,NC_000007.14,7,44149760,44149760,na,na,7p13,reviewed by expert panel,3,-,N,ClinGen:CA367401117,2,2136518,44149760,C,T,-,-,-,-,-,-,SCV006336866,-,-,Pathogenic,p.Gly227Ser,G,227.0,S,0.9801,pathogenic,0.913,LoF,chr7:g.44149760C>T
1878008,single nucleotide variant,NM_000352.6(ABCC8):c.4532T>C (p.Ile1511Thr),6833,ABCC8,HGNC:59,Pathogenic,1,"Jul 08, 2025",2133394768,-,RCV003062338|RCV003227081|RCV005930317,"MedGen:C3661900|MONDO:MONDO:0009734,MedGen:C2931832,OMIM:256450,Orphanet:276575,Orphanet:276598|MONDO:MONDO:0017182,MedGen:C3888018,Orphanet:276525","not provided|Hyperinsulinemic hypoglycemia, familial, 1|Familial hyperinsulinism",germline;maternal,germline,GRCh38,NC_000011.10,11,17394279,17394279,na,na,11p15.1,"criteria provided, multiple submitters, no conflicts",3,-,N,ClinGen:CA379782757,2,2137006,17394279,A,G,-,-,-,-,-,-,SCV003439614|SCV007094425,-,-,Pathogenic,p.Ile1511Thr,I,1511.0,T,0.8563,pathogenic,0.927,LoF,chr11:g.17394279A>G
1878022,single nucleotide variant,NM_000352.6(ABCC8):c.19G>C (p.Gly7Arg),6833,ABCC8,HGNC:59,Likely pathogenic,1,"Oct 28, 2023",781059815,-,RCV003058290|RCV003317639|RCV003321969|RCV004529198,"MedGen:C3661900|MONDO:MONDO:0017182,MedGen:C3888018,Orphanet:276525|MONDO:MONDO:0009734,MedGen:C2931832,OMIM:256450,Orphanet:276575,Orphanet:276598|","not provided|Familial hyperinsulinism|Hyperinsulinemic hypoglycemia, familial, 1|ABCC8-related disorder",germline,germline,GRCh38,NC_000011.10,11,17476758,17476758,na,na,11p15.1,"criteria provided, multiple submitters, no conflicts",4,-,N,ClinGen:CA218464119,2,2137020,17476758,C,G,-,-,-,-,-,-,SCV003439711|SCV004020577|SCV004026596|SCV004106406,-,-,Pathogenic,p.Gly7Arg,G,7.0,R,0.9425,pathogenic,0.954,LoF,chr11:g.17476758C>G
2416800,single nucleotide variant,NM_000352.6(ABCC8):c.1819G>A (p.Val607Met),6833,ABCC8,HGNC:59,Likely pathogenic,1,"Jul 01, 2025",377405677,-,RCV003151472|RCV005438173|RCV005047440,"MedGen:C3661900|Human Phenotype Ontology:HP:0004904,MONDO:MONDO:0018911,MedGen:C0342276,OMIM:PS125850,Orphanet:552|MONDO:MONDO:0030088,MedGen:C5394303,OMIM:618857;MONDO:MONDO:0012480,MedGen:C1835887,OMIM:610374,Orphanet:99886;Human Phenotype Ontology:HP:0005965,Human Phenotype Ontology:HP:0005978,Human Phenotype Ontology:HP:0100652,MONDO:MONDO:0005148,MeSH:D003924,MedGen:C0011860,OMIM:125853;MONDO:MONDO:0009415,MedGen:C0271714,OMIM:240800;MONDO:MONDO:0009734,MedGen:C2931832,OMIM:256450,Orphanet:276575,Orphanet:276598","not provided|Maturity-onset diabetes of the young|Diabetes mellitus, permanent neonatal 3;Diabetes mellitus, transient neonatal, 2;Type 2 diabetes mellitus;Leucine-induced hypoglycemia;Hyperinsulinemic hypoglycemia, familial, 1",germline,germline,GRCh38,NC_000011.10,11,17428669,17428669,na,na,11p15.1,"criteria provided, multiple submitters, no conflicts",3,-,N,ClinGen:CA5903419,2,2443080,17428669,C,T,-,-,-,-,-,-,SCV005676385|SCV006110460,-,-,Pathogenic,p.Val607Met,V,607.0,M,0.3161,benign,0.778,LoF,chr11:g.17428669C>T
2478020,single nucleotide variant,NM_000162.5(GCK):c.232G>T (p.Asp78Tyr),2645,GCK,HGNC:4195,Pathogenic,1,"Dec 02, 2024",2484535997,-,RCV003224686|RCV004798038,"MONDO:MONDO:0007453,MedGen:C0342277,OMIM:125851,Orphanet:552;MONDO:MONDO:0100165,MedGen:C5393570,OMIM:606176;Human Phenotype Ontology:HP:0005965,Human Phenotype Ontology:HP:0005978,Human Phenotype Ontology:HP:0100652,MONDO:MONDO:0005148,MeSH:D003924,MedGen:C0011860,OMIM:125853;MONDO:MONDO:0011236,MedGen:C1865290,OMIM:602485,Orphanet:79299|MONDO:MONDO:0015967,MedGen:C3888631,Orphanet:183625",Maturity-onset diabetes of the young type 2;Permanent neonatal diabetes mellitus 1;Type 2 diabetes mellitus;Hyperinsulinism due to glucokinase deficiency|Monogenic diabetes,germline,germline,GRCh38,NC_000007.14,7,44152402,44152402,na,na,7p13,reviewed by expert panel,2,-,N,ClinGen:CA367403044,2,2500039,44152402,C,A,-,-,-,-,-,-,SCV005420249,-,-,Pathogenic,p.Asp78Tyr,D,78.0,Y,0.9838,pathogenic,0.993,GoF,chr7:g.44152402C>A
2729398,single nucleotide variant,NM_000162.5(GCK):c.458C>A (p.Pro153His),2645,GCK,HGNC:4195,Likely pathogenic,1,"Apr 28, 2024",2484529426,-,RCV003283408|RCV004527455,"Human Phenotype Ontology:HP:0004904,MONDO:MONDO:0018911,MedGen:C0342276,OMIM:PS125850,Orphanet:552|MONDO:MONDO:0015967,MedGen:C3888631,Orphanet:183625",Maturity-onset diabetes of the young|Monogenic diabetes,germline,germline,GRCh38,NC_000007.14,7,44150981,44150981,na,na,7p13,reviewed by expert panel,2,-,N,ClinGen:CA367401917,2,2567920,44150981,G,T,-,-,-,-,-,-,SCV005040694,-,-,Pathogenic,p.Pro153His,P,153.0,H,0.9868,pathogenic,0.985,LoF,chr7:g.44150981G>T
2736604,single nucleotide variant,NM_000162.5(GCK):c.1261G>T (p.Glu421Ter),2645,GCK,HGNC:4195,Pathogenic,1,"Jun 25, 2023",2484493563,-,RCV003313366,"MONDO:MONDO:0007453,MedGen:C0342277,OMIM:125851,Orphanet:552",Maturity-onset diabetes of the young type 2,germline,germline,GRCh38,NC_000007.14,7,44145273,44145273,na,na,7p13,reviewed by expert panel,1,-,N,ClinGen:CA367397285,2,2571656,44145273,C,A,-,-,-,-,-,-,SCV004012141,-,-,Pathogenic,p.Glu421Ter,E,421.0,T,0.2308,benign,,LoF,chr7:g.44145273C>A
2748445,single nucleotide variant,NM_000162.5(GCK):c.679G>C (p.Gly227Arg),2645,GCK,HGNC:4195,Pathogenic,1,"Sep 26, 2025",2484522183,-,RCV003330054|RCV004719320|RCV005647407,"Human Phenotype Ontology:HP:0004904,MONDO:MONDO:0018911,MedGen:C0342276,OMIM:PS125850,Orphanet:552|MONDO:MONDO:0007453,MedGen:C0342277,OMIM:125851,Orphanet:552|MONDO:MONDO:0015967,MedGen:C3888631,Orphanet:183625",Maturity-onset diabetes of the young|Maturity-onset diabetes of the young type 2|Monogenic diabetes,germline,germline,GRCh38,NC_000007.14,7,44149760,44149760,na,na,7p13,reviewed by expert panel,3,-,N,ClinGen:CA367401116,2,2580859,44149760,C,G,-,-,-,-,-,-,SCV006336867,-,-,Pathogenic,p.Gly227Arg,G,227.0,R,0.9983,pathogenic,0.967,LoF,chr7:g.44149760C>G
2748449,single nucleotide variant,NM_000162.5(GCK):c.1019G>C (p.Ser340Thr),2645,GCK,HGNC:4195,Pathogenic,1,"Nov 18, 2025",1376631949,-,RCV003330058|RCV005931135,"Human Phenotype Ontology:HP:0004904,MONDO:MONDO:0018911,MedGen:C0342276,OMIM:PS125850,Orphanet:552|MONDO:MONDO:0015967,MedGen:C3888631,Orphanet:183625",Maturity-onset diabetes of the young|Monogenic diabetes,germline,germline,GRCh38,NC_000007.14,7,44146463,44146463,na,na,7p13,reviewed by expert panel,2,-,N,ClinGen:CA367399685,2,2580863,44146463,C,G,-,-,-,-,-,-,SCV007095699,-,-,Pathogenic,p.Ser340Thr,S,340.0,T,0.1717,benign,0.662,LoF,chr7:g.44146463C>G
2831819,single nucleotide variant,NM_000162.5(GCK):c.567C>G (p.Ile189Met),2645,GCK,HGNC:4195,Likely pathogenic,1,"Dec 02, 2023",2128821587,-,RCV003445462|RCV005414293,"MONDO:MONDO:0015967,MedGen:C3888631,Orphanet:183625|MONDO:MONDO:0007453,MedGen:C0342277,OMIM:125851,Orphanet:552",Monogenic diabetes|Maturity-onset diabetes of the young type 2,germline,germline,GRCh38,NC_000007.14,7,44149981,44149981,na,na,7p13,reviewed by expert panel,2,-,N,ClinGen:CA367401545,2,2664364,44149981,G,C,-,-,-,-,-,-,SCV004174238,-,-,Pathogenic,p.Ile189Met,I,189.0,M,0.2773,benign,0.841,LoF,chr7:g.44149981G>C
2831825,single nucleotide variant,NM_000162.5(GCK):c.1133C>A (p.Ala378Asp),2645,GCK,HGNC:4195,Pathogenic,1,"Nov 22, 2023",193929374,-,RCV003445468|RCV003479526,"MONDO:MONDO:0007453,MedGen:C0342277,OMIM:125851,Orphanet:552|MONDO:MONDO:0015967,MedGen:C3888631,Orphanet:183625",Maturity-onset diabetes of the young type 2|Monogenic diabetes,germline,germline,GRCh38,NC_000007.14,7,44145617,44145617,na,na,7p13,reviewed by expert panel,2,-,N,ClinGen:CA367398804,2,2664370,44145617,G,T,-,-,-,-,-,-,SCV004174248,-,-,Pathogenic,p.Ala378Asp,A,378.0,D,0.9942,pathogenic,0.984,LoF,chr7:g.44145617G>T
2835221,single nucleotide variant,NM_000352.6(ABCC8):c.96C>G (p.Asn32Lys),6833,ABCC8,HGNC:59,Pathogenic,1,"Jan 21, 2025",2496930134,-,RCV003463382|RCV003553964|RCV005240778,"Human Phenotype Ontology:HP:0005965,Human Phenotype Ontology:HP:0005978,Human Phenotype Ontology:HP:0100652,MONDO:MONDO:0005148,MeSH:D003924,MedGen:C0011860,OMIM:125853|MedGen:C3661900|MONDO:MONDO:0017182,MedGen:C3888018,Orphanet:276525",Type 2 diabetes mellitus|not provided|Familial hyperinsulinism,germline;unknown,germline,GRCh38,NC_000011.10,11,17476681,17476681,na,na,11p15.1,"criteria provided, multiple submitters, no conflicts",3,-,N,ClinGen:CA379790011,2,2678076,17476681,G,C,-,-,-,-,-,-,SCV004206560|SCV004295396|SCV005887712,-,-,Pathogenic,p.Asn32Lys,N,32.0,K,0.9624,pathogenic,0.654,LoF,chr11:g.17476681G>C
2904897,single nucleotide variant,NM_000162.5(GCK):c.1358C>G (p.Ser453Trp),2645,GCK,HGNC:4195,Pathogenic/Likely pathogenic,1,"Apr 01, 2024",193922283,-,RCV003555319|RCV004786963,"MedGen:C3661900|MONDO:MONDO:0007453,MedGen:C0342277,OMIM:125851,Orphanet:552",not provided|Maturity-onset diabetes of the young type 2,germline,germline,GRCh38,NC_000007.14,7,44145176,44145176,na,na,7p13,"criteria provided, multiple submitters, no conflicts",2,-,N,ClinGen:CA367396875,2,2734985,44145176,G,C,-,-,-,-,-,-,SCV004295118|SCV005399403,-,-,Pathogenic,p.Ser453Trp,S,453.0,W,0.9903,pathogenic,0.877,LoF,chr7:g.44145176G>C
2904903,single nucleotide variant,NM_000162.5(GCK):c.1189C>T (p.Arg397Cys),2645,GCK,HGNC:4195,Likely pathogenic,1,"Sep 08, 2023",370464857,-,RCV003555325|RCV004786964|RCV003883222,"MedGen:C3661900|MONDO:MONDO:0007453,MedGen:C0342277,OMIM:125851,Orphanet:552|MONDO:MONDO:0015967,MedGen:C3888631,Orphanet:183625",not provided|Maturity-onset diabetes of the young type 2|Monogenic diabetes,germline,germline,GRCh38,NC_000007.14,7,44145561,44145561,na,na,7p13,reviewed by expert panel,3,-,N,ClinGen:CA4239418,2,2734991,44145561,G,A,-,-,-,-,-,-,SCV004697898,-,-,Pathogenic,p.Arg397Cys,R,397.0,C,0.3409,ambiguous,0.886,LoF,chr7:g.44145561G>A
2904918,single nucleotide variant,NM_000162.5(GCK):c.753G>A (p.Met251Ile),2645,GCK,HGNC:4195,Pathogenic/Likely pathogenic,1,"Jan 30, 2026",2484514406,-,RCV003555336|RCV004369265,"MedGen:C3661900|Human Phenotype Ontology:HP:0004904,MONDO:MONDO:0018911,MedGen:C0342276,OMIM:PS125850,Orphanet:552",not provided|Maturity-onset diabetes of the young,germline,germline,GRCh38,NC_000007.14,7,44147760,44147760,na,na,7p13,"criteria provided, multiple submitters, no conflicts",2,-,N,ClinGen:CA367400629,2,2735006,44147760,C,T,-,-,-,-,-,-,SCV004295162|SCV005032765,-,-,Pathogenic,p.Met251Ile,M,251.0,I,0.9308,pathogenic,0.941,LoF,chr7:g.44147760C>T
3228174,single nucleotide variant,NM_000162.5(GCK):c.899A>G (p.Glu300Gly),2645,GCK,HGNC:4195,Likely pathogenic,1,"Oct 25, 2024",2484507251,-,RCV003994909|RCV004823249,"MONDO:MONDO:0015967,MedGen:C3888631,Orphanet:183625|Human Phenotype Ontology:HP:0004904,MONDO:MONDO:0018911,MedGen:C0342276,OMIM:PS125850,Orphanet:552",Monogenic diabetes|Maturity-onset diabetes of the young,germline,germline,GRCh38,NC_000007.14,7,44146583,44146583,na,na,7p13,"criteria provided, multiple submitters, no conflicts",2,-,N,ClinGen:CA367400078,2,3068849,44146583,T,C,-,-,-,-,-,-,SCV004813474|SCV005594287,-,-,Pathogenic,p.Glu300Gly,E,300.0,G,0.9664,pathogenic,0.954,LoF,chr7:g.44146583T>C
3393117,single nucleotide variant,NM_000162.5(GCK):c.1234G>A (p.Val412Met),2645,GCK,HGNC:4195,Pathogenic,1,"Apr 27, 2024",2484495767,-,RCV004527570|RCV005038707,"MONDO:MONDO:0015967,MedGen:C3888631,Orphanet:183625|MONDO:MONDO:0100165,MedGen:C5393570,OMIM:606176;MONDO:MONDO:0007453,MedGen:C0342277,OMIM:125851,Orphanet:552;Human Phenotype Ontology:HP:0005965,Human Phenotype Ontology:HP:0005978,Human Phenotype Ontology:HP:0100652,MONDO:MONDO:0005148,MeSH:D003924,MedGen:C0011860,OMIM:125853;MONDO:MONDO:0011236,MedGen:C1865290,OMIM:602485,Orphanet:79299",Monogenic diabetes|Permanent neonatal diabetes mellitus 1;Maturity-onset diabetes of the young type 2;Type 2 diabetes mellitus;Hyperinsulinism due to glucokinase deficiency,germline,germline,GRCh38,NC_000007.14,7,44145516,44145516,na,na,7p13,reviewed by expert panel,2,-,N,ClinGen:CA367398289,2,3233994,44145516,C,T,-,-,-,-,-,-,SCV005040677,-,-,Pathogenic,p.Val412Met,V,412.0,M,0.8712,pathogenic,0.82,GoF,chr7:g.44145516C>T
3856803,single nucleotide variant,NM_000352.6(ABCC8):c.4474G>A (p.Ala1492Thr),6833,ABCC8,HGNC:59,Pathogenic/Likely pathogenic,1,"Jul 15, 2025",-1,-,RCV005200872|RCV005938028,"MedGen:C3661900|MONDO:MONDO:0017182,MedGen:C3888018,Orphanet:276525",not provided|Familial hyperinsulinism,germline,germline,GRCh38,NC_000011.10,11,17394337,17394337,na,na,11p15.1,"criteria provided, multiple submitters, no conflicts",2,-,N,-,2,3721002,17394337,C,T,-,-,-,-,-,-,SCV005836070|SCV007094723,-,-,Pathogenic,p.Ala1492Thr,A,1492.0,T,0.9588,pathogenic,0.965,LoF,chr11:g.17394337C>T
