accession,hgvs_nt,hgvs_splice,hgvs_pro,score,se,df
urn:mavedb:00000096-b-1#1,,,p.Ala10=,1.1084853903611798,0.342970629801738,12
urn:mavedb:00000096-b-1#2,,,p.Ala10Arg,0.8277725837036991,0.3535663602216489,12
urn:mavedb:00000096-b-1#3,,,p.Ala10Asn,1.01533568544052,0.0718004682089833,4
urn:mavedb:00000096-b-1#4,,,p.Ala10Asp,1.02943884509388,0.182621734936538,4
urn:mavedb:00000096-b-1#5,,,p.Ala10Cys,1.09302012690803,0.191815905003754,4
urn:mavedb:00000096-b-1#6,,,p.Ala10Gln,0.8945682398559242,0.0925187367132351,4
urn:mavedb:00000096-b-1#7,,,p.Ala10Glu,1.14071029147423,0.0697659932806345,4
urn:mavedb:00000096-b-1#8,,,p.Ala10Gly,1.2073063596149198,0.0960426953043674,4
urn:mavedb:00000096-b-1#9,,,p.Ala10His,0.837521480556934,0.128994049173764,4
urn:mavedb:00000096-b-1#10,,,p.Ala10Ile,1.03357140762807,0.0608579253028857,4
urn:mavedb:00000096-b-1#11,,,p.Ala10Leu,0.967226397735518,0.349826492752919,12
urn:mavedb:00000096-b-1#12,,,p.Ala10Lys,0.865958918769007,0.0754002611737413,4
urn:mavedb:00000096-b-1#13,,,p.Ala10Met,0.9760116242683928,0.8739992146740171,4
urn:mavedb:00000096-b-1#14,,,p.Ala10Phe,0.9642828883153342,0.117032565692342,4
urn:mavedb:00000096-b-1#15,,,p.Ala10Pro,0.932822408317432,0.154448962311883,8
urn:mavedb:00000096-b-1#16,,,p.Ala10Ser,1.21835667587323,0.140872368926954,8
urn:mavedb:00000096-b-1#17,,,p.Ala10Ter,0.0667688499139366,0.253687787372465,4
urn:mavedb:00000096-b-1#18,,,p.Ala10Thr,1.09258371709504,0.239777526273523,12
urn:mavedb:00000096-b-1#19,,,p.Ala10Trp,0.772237656218085,0.0626555233560339,4
urn:mavedb:00000096-b-1#20,,,p.Ala10Tyr,0.719102186307313,0.0740611748713436,4
urn:mavedb:00000096-b-1#21,,,p.Ala10Val,1.03325178723445,0.20085317371129,12
urn:mavedb:00000096-b-1#22,,,p.Ala11=,0.994969717872505,0.159401786466793,8
urn:mavedb:00000096-b-1#23,,,p.Ala114=,1.2241276414183702,0.112467857127594,8
urn:mavedb:00000096-b-1#24,,,p.Ala114Arg,0.9819710082875172,0.290994730466404,12
urn:mavedb:00000096-b-1#25,,,p.Ala114Asn,0.7625684139159871,0.148328295072953,4
urn:mavedb:00000096-b-1#26,,,p.Ala114Cys,1.0295267816395302,0.063378427976412,4
urn:mavedb:00000096-b-1#27,,,p.Ala114Gln,0.935274683574172,0.382012529270032,4
urn:mavedb:00000096-b-1#28,,,p.Ala114Glu,1.09638115205648,0.0808673548073164,4
urn:mavedb:00000096-b-1#29,,,p.Ala114Gly,0.839062857125923,0.0773334027997291,8
urn:mavedb:00000096-b-1#30,,,p.Ala114His,1.41341037001649,0.170366181171065,4
urn:mavedb:00000096-b-1#31,,,p.Ala114Ile,0.6328670765190121,0.323484648568582,4
urn:mavedb:00000096-b-1#32,,,p.Ala114Leu,1.10969130833,0.2313525095605479,12
urn:mavedb:00000096-b-1#33,,,p.Ala114Lys,1.02492921696231,0.107852605794001,4
urn:mavedb:00000096-b-1#34,,,p.Ala114Met,1.17460423935201,0.8447876452483721,4
urn:mavedb:00000096-b-1#35,,,p.Ala114Phe,0.8642991088459979,0.127682855453189,4
urn:mavedb:00000096-b-1#36,,,p.Ala114Pro,0.5792340859523729,0.253959080667895,8
urn:mavedb:00000096-b-1#37,,,p.Ala114Ser,0.765187152904182,0.332500143764682,12
urn:mavedb:00000096-b-1#38,,,p.Ala114Ter,-0.457027507772753,0.540624851387214,4
urn:mavedb:00000096-b-1#39,,,p.Ala114Thr,0.86534648263639,0.260158655689416,8
urn:mavedb:00000096-b-1#40,,,p.Ala114Trp,0.9944697551885427,0.0765735288898348,4
urn:mavedb:00000096-b-1#41,,,p.Ala114Tyr,0.7798647270364479,0.089796785527903,4
urn:mavedb:00000096-b-1#42,,,p.Ala114Val,1.12012395430195,0.116340844603063,8
urn:mavedb:00000096-b-1#43,,,p.Ala119=,0.912606655459481,0.2397483012127639,12
urn:mavedb:00000096-b-1#44,,,p.Ala119Arg,0.893723906573916,0.3868304452337229,12
urn:mavedb:00000096-b-1#45,,,p.Ala119Asn,0.928502888125338,0.0627159767710666,4
urn:mavedb:00000096-b-1#46,,,p.Ala119Asp,0.7894297911555341,0.157344453264954,4
urn:mavedb:00000096-b-1#47,,,p.Ala119Cys,0.988521673238862,0.0954928769832958,4
urn:mavedb:00000096-b-1#48,,,p.Ala119Gln,1.1162441898923998,0.0579910072245016,4
urn:mavedb:00000096-b-1#49,,,p.Ala119Glu,0.952970411666335,0.2685000955218189,4
urn:mavedb:00000096-b-1#50,,,p.Ala119Gly,0.8803630838317379,0.257788782594547,12
urn:mavedb:00000096-b-1#51,,,p.Ala119His,0.6498719359816839,0.126780131849531,4
urn:mavedb:00000096-b-1#52,,,p.Ala119Ile,0.715629805181495,0.1359172202961659,4
urn:mavedb:00000096-b-1#53,,,p.Ala119Leu,0.865747710803563,0.157165125240875,12
urn:mavedb:00000096-b-1#54,,,p.Ala119Lys,0.908617588714453,0.389267117450656,4
urn:mavedb:00000096-b-1#55,,,p.Ala119Met,0.936296738412966,0.159195205345614,4
urn:mavedb:00000096-b-1#56,,,p.Ala119Phe,1.02841613703211,0.0497447598704596,4
urn:mavedb:00000096-b-1#57,,,p.Ala119Pro,0.815758960337948,0.207888932663062,8
urn:mavedb:00000096-b-1#58,,,p.Ala119Ser,0.834569966403838,0.235517181021291,8
urn:mavedb:00000096-b-1#59,,,p.Ala119Ter,-0.206594142839846,0.8427515092431339,4
urn:mavedb:00000096-b-1#60,,,p.Ala119Thr,0.7524305088392541,0.306945207760937,12
urn:mavedb:00000096-b-1#61,,,p.Ala119Trp,0.667435532742764,0.135199607238712,4
urn:mavedb:00000096-b-1#62,,,p.Ala119Tyr,0.7587083951422792,0.337755400120001,4
urn:mavedb:00000096-b-1#63,,,p.Ala119Val,0.799454718461542,0.257740110160099,12
urn:mavedb:00000096-b-1#64,,,p.Ala11Arg,0.945198623194543,0.4282655466830589,12
urn:mavedb:00000096-b-1#65,,,p.Ala11Asn,0.71341733240306,0.146838138726669,4
urn:mavedb:00000096-b-1#66,,,p.Ala11Asp,1.27408845224793,0.110540825614928,4
urn:mavedb:00000096-b-1#67,,,p.Ala11Gln,1.00276848687032,0.48496964094785,4
urn:mavedb:00000096-b-1#68,,,p.Ala11Glu,0.882542201015547,0.1234408503268109,4
urn:mavedb:00000096-b-1#69,,,p.Ala11Gly,0.898645654680403,0.576414518311573,8
urn:mavedb:00000096-b-1#70,,,p.Ala11His,0.8181743486424449,0.541272572491587,4
urn:mavedb:00000096-b-1#71,,,p.Ala11Ile,1.04260742972076,0.102194272819395,4
urn:mavedb:00000096-b-1#72,,,p.Ala11Leu,1.01747897083063,0.226687962858552,12
urn:mavedb:00000096-b-1#73,,,p.Ala11Lys,0.819577436733485,0.0994527062604064,4
urn:mavedb:00000096-b-1#74,,,p.Ala11Met,0.7995523681814949,0.0830138137056742,4
urn:mavedb:00000096-b-1#75,,,p.Ala11Phe,0.705553641232139,0.167410297603218,4
urn:mavedb:00000096-b-1#76,,,p.Ala11Pro,0.557143476953528,0.3922003481969829,12
urn:mavedb:00000096-b-1#77,,,p.Ala11Ser,0.8058543486644301,0.1865583306230849,12
urn:mavedb:00000096-b-1#78,,,p.Ala11Ter,0.310185962329873,0.2101782388742689,4
urn:mavedb:00000096-b-1#79,,,p.Ala11Thr,1.23309371739251,0.3548230663642979,12
urn:mavedb:00000096-b-1#80,,,p.Ala11Trp,0.8983294573774129,0.134876844118118,4
urn:mavedb:00000096-b-1#81,,,p.Ala11Tyr,1.03907164539198,0.1066734241799149,4
urn:mavedb:00000096-b-1#82,,,p.Ala11Val,1.12122400825986,0.131848402764284,12
urn:mavedb:00000096-b-1#83,,,p.Ala173=,1.15940343929096,0.292304427497614,8
urn:mavedb:00000096-b-1#84,,,p.Ala173Arg,0.86570781175075,0.100183537962579,8
urn:mavedb:00000096-b-1#85,,,p.Ala173Asn,0.9668639704949492,0.0924956984712103,4
urn:mavedb:00000096-b-1#86,,,p.Ala173Asp,0.9533388173539642,0.0782894775419162,4
urn:mavedb:00000096-b-1#87,,,p.Ala173Cys,0.833385860332771,0.046079832608354,4
urn:mavedb:00000096-b-1#88,,,p.Ala173Gln,0.9471336967482492,0.105750366013565,4
urn:mavedb:00000096-b-1#89,,,p.Ala173Glu,0.930959086848432,0.04458618962951,4
urn:mavedb:00000096-b-1#90,,,p.Ala173Gly,0.986982032038784,0.0688643353448257,4
urn:mavedb:00000096-b-1#91,,,p.Ala173His,0.7391964194025681,0.288420296579155,4
urn:mavedb:00000096-b-1#92,,,p.Ala173Ile,0.7457446624071479,0.0897375652537852,4
urn:mavedb:00000096-b-1#93,,,p.Ala173Leu,0.7538353155399041,0.5115186640638529,8
urn:mavedb:00000096-b-1#94,,,p.Ala173Lys,0.952344318611356,0.0679605716531927,4
urn:mavedb:00000096-b-1#95,,,p.Ala173Phe,0.943878796083658,0.0784205253815557,4
urn:mavedb:00000096-b-1#96,,,p.Ala173Pro,0.7610016036520949,0.238321837133793,8
urn:mavedb:00000096-b-1#97,,,p.Ala173Ser,0.9304856398350908,0.107136035309016,12
urn:mavedb:00000096-b-1#98,,,p.Ala173Ter,0.19960941060808,0.0869820070652772,4
urn:mavedb:00000096-b-1#99,,,p.Ala173Thr,1.06485446620591,0.117960053069422,8
urn:mavedb:00000096-b-1#100,,,p.Ala173Trp,0.948144047008648,0.0474681811182211,4
urn:mavedb:00000096-b-1#101,,,p.Ala173Tyr,0.832354135402952,0.1001990438761969,4
urn:mavedb:00000096-b-1#102,,,p.Ala173Val,0.806648976942559,0.136156304555704,8
urn:mavedb:00000096-b-1#103,,,p.Ala176=,1.03312553927338,0.134122164386737,4
urn:mavedb:00000096-b-1#104,,,p.Ala176Arg,0.702179320580429,0.3741077640514469,12
urn:mavedb:00000096-b-1#105,,,p.Ala176Asn,0.8687968863559191,0.336577459140808,4
urn:mavedb:00000096-b-1#106,,,p.Ala176Asp,0.724500896108346,0.508912398064521,4
urn:mavedb:00000096-b-1#107,,,p.Ala176Cys,0.9216841566267142,0.242535423577144,4
urn:mavedb:00000096-b-1#108,,,p.Ala176Gln,1.01933520357526,0.0675886913318268,4
urn:mavedb:00000096-b-1#109,,,p.Ala176Glu,0.43451077322936,0.114651739028099,4
urn:mavedb:00000096-b-1#110,,,p.Ala176Gly,0.824054204923467,0.150214363045974,8
urn:mavedb:00000096-b-1#111,,,p.Ala176His,0.893023883338405,0.454703515414525,4
urn:mavedb:00000096-b-1#112,,,p.Ala176Ile,0.377624165711503,0.2532038468008469,4
urn:mavedb:00000096-b-1#113,,,p.Ala176Leu,1.00719860799276,0.1326294341782899,12
urn:mavedb:00000096-b-1#114,,,p.Ala176Lys,0.6695048730390091,0.477788549556969,4
urn:mavedb:00000096-b-1#115,,,p.Ala176Met,0.924633941491157,0.322939582371751,4
urn:mavedb:00000096-b-1#116,,,p.Ala176Phe,0.72448045319562,0.0792727455302009,4
urn:mavedb:00000096-b-1#117,,,p.Ala176Pro,0.9067451511526,0.282479589960306,8
urn:mavedb:00000096-b-1#118,,,p.Ala176Ser,0.923316881578619,0.229186746454516,12
urn:mavedb:00000096-b-1#119,,,p.Ala176Ter,-0.120125904333221,0.439367057462165,4
urn:mavedb:00000096-b-1#120,,,p.Ala176Thr,0.9385476778933058,0.317733109865983,12
urn:mavedb:00000096-b-1#121,,,p.Ala176Trp,0.7049384067598801,0.210977296062236,4
urn:mavedb:00000096-b-1#122,,,p.Ala176Tyr,0.6432726712731129,0.103338202652805,4
urn:mavedb:00000096-b-1#123,,,p.Ala176Val,0.932491693025963,0.178704172332717,12
urn:mavedb:00000096-b-1#124,,,p.Ala188=,1.04972788182627,0.101490484446569,8
urn:mavedb:00000096-b-1#125,,,p.Ala188Arg,0.4913022980796379,0.306750729828935,12
urn:mavedb:00000096-b-1#126,,,p.Ala188Asn,0.334959084365485,0.0949771037413925,4
urn:mavedb:00000096-b-1#127,,,p.Ala188Cys,0.75577628791905,0.0467920262469316,4
urn:mavedb:00000096-b-1#128,,,p.Ala188Gln,0.421892004385015,0.3827278621535939,4
urn:mavedb:00000096-b-1#129,,,p.Ala188Glu,0.305738158322727,0.2908580188944339,4
urn:mavedb:00000096-b-1#130,,,p.Ala188Gly,0.8096426260133148,0.172477336251759,4
urn:mavedb:00000096-b-1#131,,,p.Ala188His,0.7153392151982629,0.0625482364251898,4
urn:mavedb:00000096-b-1#132,,,p.Ala188Ile,0.746207980466153,0.0555949877254038,4
urn:mavedb:00000096-b-1#133,,,p.Ala188Leu,0.3847419097057679,0.3401213502295119,12
urn:mavedb:00000096-b-1#134,,,p.Ala188Lys,0.383113078165044,0.5295720698571121,4
urn:mavedb:00000096-b-1#135,,,p.Ala188Met,0.501244503579701,0.0884687627725708,4
urn:mavedb:00000096-b-1#136,,,p.Ala188Phe,0.220742268549085,0.0881022643145418,4
urn:mavedb:00000096-b-1#137,,,p.Ala188Pro,0.247648445531288,0.517422295998004,8
urn:mavedb:00000096-b-1#138,,,p.Ala188Ser,0.839132962032886,0.22486000496853,12
urn:mavedb:00000096-b-1#139,,,p.Ala188Ter,-0.152184256089033,0.1536193038246369,4
urn:mavedb:00000096-b-1#140,,,p.Ala188Thr,0.75786764226746,0.314498237310229,8
urn:mavedb:00000096-b-1#141,,,p.Ala188Trp,0.439189706613079,0.0715233364022228,4
urn:mavedb:00000096-b-1#142,,,p.Ala188Tyr,0.5548308247810849,0.395161119112221,4
urn:mavedb:00000096-b-1#143,,,p.Ala188Val,0.5978774219350171,0.243727255612689,8
urn:mavedb:00000096-b-1#144,,,p.Ala201=,0.8710277225359151,0.219786441412701,8
urn:mavedb:00000096-b-1#145,,,p.Ala201Arg,0.80100226263,0.442251124432944,12
urn:mavedb:00000096-b-1#146,,,p.Ala201Cys,0.754556727406864,0.473280005774716,4
urn:mavedb:00000096-b-1#147,,,p.Ala201Gln,0.717860318491881,0.100809845963019,4
urn:mavedb:00000096-b-1#148,,,p.Ala201Glu,0.654552840929355,0.1336492365392959,4
urn:mavedb:00000096-b-1#149,,,p.Ala201Gly,0.9455904736885172,0.110395392187477,8
urn:mavedb:00000096-b-1#150,,,p.Ala201His,0.511848149664649,0.1143324774999269,4
urn:mavedb:00000096-b-1#151,,,p.Ala201Leu,0.8063453471889479,0.196183324241195,12
urn:mavedb:00000096-b-1#152,,,p.Ala201Phe,0.7534065669206619,0.4085230225950589,4
urn:mavedb:00000096-b-1#153,,,p.Ala201Pro,0.86697477888267,0.595785037286061,8
urn:mavedb:00000096-b-1#154,,,p.Ala201Ser,0.996035478474542,0.14485613656241,4
urn:mavedb:00000096-b-1#155,,,p.Ala201Ter,0.4418920040423499,0.3690832786047689,4
urn:mavedb:00000096-b-1#156,,,p.Ala201Thr,-0.0166302361837837,0.3377172519505699,4
urn:mavedb:00000096-b-1#157,,,p.Ala201Trp,0.652006500273592,0.0835401916263917,4
urn:mavedb:00000096-b-1#158,,,p.Ala201Tyr,0.40577165416831,0.223563590933848,4
urn:mavedb:00000096-b-1#159,,,p.Ala201Val,0.911655685626262,0.183076463722955,8
urn:mavedb:00000096-b-1#160,,,p.Ala208=,1.05044641574836,0.2939873086704019,12
urn:mavedb:00000096-b-1#161,,,p.Ala208Arg,0.524322669787492,0.4343472630541359,12
urn:mavedb:00000096-b-1#162,,,p.Ala208Asn,0.1946817355544969,0.224765870760955,4
urn:mavedb:00000096-b-1#163,,,p.Ala208Asp,1.09881724968812,0.323068648942301,4
urn:mavedb:00000096-b-1#164,,,p.Ala208Cys,0.8652795811508159,0.581790433437091,4
urn:mavedb:00000096-b-1#165,,,p.Ala208Gln,0.301112100657592,0.274844539218871,4
urn:mavedb:00000096-b-1#166,,,p.Ala208Glu,0.638705092338861,0.387548042384063,8
urn:mavedb:00000096-b-1#167,,,p.Ala208Gly,0.719771977852249,0.0867022080134478,8
urn:mavedb:00000096-b-1#168,,,p.Ala208His,0.785816497414213,0.191063227770401,4
urn:mavedb:00000096-b-1#169,,,p.Ala208Ile,0.4790421725456379,0.528057552807455,4
urn:mavedb:00000096-b-1#170,,,p.Ala208Leu,0.46671094340808,0.3296591002753229,12
urn:mavedb:00000096-b-1#171,,,p.Ala208Lys,0.3035749263684349,0.244609949473908,4
urn:mavedb:00000096-b-1#172,,,p.Ala208Met,0.531921144193068,0.373986206606747,4
urn:mavedb:00000096-b-1#173,,,p.Ala208Phe,0.2196628633201389,0.152755200305623,4
urn:mavedb:00000096-b-1#174,,,p.Ala208Pro,0.534647588962252,0.2021213910133119,8
urn:mavedb:00000096-b-1#175,,,p.Ala208Ser,0.4049159238043689,0.478678280715258,16
urn:mavedb:00000096-b-1#176,,,p.Ala208Ter,-0.0781521547544682,0.444353991332516,4
urn:mavedb:00000096-b-1#177,,,p.Ala208Thr,0.728543115343965,0.382022076910619,12
urn:mavedb:00000096-b-1#178,,,p.Ala208Trp,1.08110788035895,0.0468752152249019,4
urn:mavedb:00000096-b-1#179,,,p.Ala208Tyr,0.374780418426781,0.159738737357039,4
urn:mavedb:00000096-b-1#180,,,p.Ala208Val,0.713643338058558,0.6900159068634941,12
urn:mavedb:00000096-b-1#181,,,p.Ala21=,1.29483756858342,0.281124896812111,8
urn:mavedb:00000096-b-1#182,,,p.Ala21Arg,0.7855550459959308,0.258227093804045,12
urn:mavedb:00000096-b-1#183,,,p.Ala21Asn,-0.0595606849742069,0.260691016584281,4
urn:mavedb:00000096-b-1#184,,,p.Ala21Asp,1.23514962630648,0.129162507374159,4
urn:mavedb:00000096-b-1#185,,,p.Ala21Cys,1.0901603756002,0.198473969632374,4
urn:mavedb:00000096-b-1#186,,,p.Ala21Gln,0.0454365267834556,0.622752323066047,4
urn:mavedb:00000096-b-1#187,,,p.Ala21Glu,1.08646874903798,0.1138598557531439,4
urn:mavedb:00000096-b-1#188,,,p.Ala21Gly,1.13538217604607,0.220452601864008,4
urn:mavedb:00000096-b-1#189,,,p.Ala21His,1.24278290999943,0.510018949116418,4
urn:mavedb:00000096-b-1#190,,,p.Ala21Ile,-0.122122198802228,0.203139307522499,4
urn:mavedb:00000096-b-1#191,,,p.Ala21Leu,0.6737779822561221,0.452806495773878,12
urn:mavedb:00000096-b-1#192,,,p.Ala21Lys,0.754290316898012,0.445422306633961,4
urn:mavedb:00000096-b-1#193,,,p.Ala21Met,0.8210251997146609,0.0890470241336755,4
urn:mavedb:00000096-b-1#194,,,p.Ala21Pro,-0.16876090311984,0.811912070271399,8
urn:mavedb:00000096-b-1#195,,,p.Ala21Ser,0.750119577001714,0.386200973067673,12
urn:mavedb:00000096-b-1#196,,,p.Ala21Ter,0.224385449217275,0.84006525978648,4
urn:mavedb:00000096-b-1#197,,,p.Ala21Thr,0.6816068194914411,0.503275614245007,12
urn:mavedb:00000096-b-1#198,,,p.Ala21Trp,1.1885714364960902,0.251551383205667,4
urn:mavedb:00000096-b-1#199,,,p.Ala21Tyr,1.27446078950658,0.332561302225668,4
urn:mavedb:00000096-b-1#200,,,p.Ala21Val,1.11871439525514,0.293806299007551,12
urn:mavedb:00000096-b-1#201,,,p.Ala232=,1.22128914144278,0.3307585804600769,8
urn:mavedb:00000096-b-1#202,,,p.Ala232Arg,0.165117862923985,0.447969154685699,12
urn:mavedb:00000096-b-1#203,,,p.Ala232Asn,-0.523331101346333,0.327991258520745,4
urn:mavedb:00000096-b-1#204,,,p.Ala232Asp,0.544270316285028,0.0750648029800178,4
urn:mavedb:00000096-b-1#205,,,p.Ala232Cys,0.8209670349759829,0.0631340182801333,4
urn:mavedb:00000096-b-1#206,,,p.Ala232Gln,-0.0804729791749554,0.299063142818023,4
urn:mavedb:00000096-b-1#207,,,p.Ala232Glu,-0.0673843223495001,0.673441873434304,4
urn:mavedb:00000096-b-1#208,,,p.Ala232Gly,0.341122094925858,0.256584226646573,8
urn:mavedb:00000096-b-1#209,,,p.Ala232His,-0.0341906171944844,0.2428734464444669,4
urn:mavedb:00000096-b-1#210,,,p.Ala232Ile,0.8099320504096171,0.224790013559256,4
urn:mavedb:00000096-b-1#211,,,p.Ala232Leu,1.02215423443127,0.2461457255574189,12
urn:mavedb:00000096-b-1#212,,,p.Ala232Lys,-0.30972538136869,0.330233240415931,4
urn:mavedb:00000096-b-1#213,,,p.Ala232Met,0.92181195101948,0.0596175068688169,4
urn:mavedb:00000096-b-1#214,,,p.Ala232Phe,0.76338291701675,0.0584380526735752,4
urn:mavedb:00000096-b-1#215,,,p.Ala232Pro,0.4067510092714699,0.534784073465782,8
urn:mavedb:00000096-b-1#216,,,p.Ala232Ser,0.7614260796592979,0.231152736806858,12
urn:mavedb:00000096-b-1#217,,,p.Ala232Ter,0.141599237203142,0.253187017723106,4
urn:mavedb:00000096-b-1#218,,,p.Ala232Thr,0.9612564286392592,0.351954755067116,12
urn:mavedb:00000096-b-1#219,,,p.Ala232Trp,0.6873520464423298,0.687404448713261,4
urn:mavedb:00000096-b-1#220,,,p.Ala232Tyr,0.735135806296884,0.0658354049884403,4
urn:mavedb:00000096-b-1#221,,,p.Ala232Val,0.9404909919816892,0.300800619041678,12
urn:mavedb:00000096-b-1#222,,,p.Ala259=,0.962066766572263,0.143593580446865,8
urn:mavedb:00000096-b-1#223,,,p.Ala259Arg,0.94100473378901,0.250997075640753,12
urn:mavedb:00000096-b-1#224,,,p.Ala259Asn,1.06068555384705,0.121081933914513,4
urn:mavedb:00000096-b-1#225,,,p.Ala259Cys,1.07705139157513,0.0430164962729698,4
urn:mavedb:00000096-b-1#226,,,p.Ala259Gln,0.574344186142979,0.427028074163249,4
urn:mavedb:00000096-b-1#227,,,p.Ala259Glu,0.8667414131092841,0.262409955694507,4
urn:mavedb:00000096-b-1#228,,,p.Ala259Gly,0.962436329792355,0.1522879362741009,8
urn:mavedb:00000096-b-1#229,,,p.Ala259His,0.691991054540572,0.467791523083634,4
urn:mavedb:00000096-b-1#230,,,p.Ala259Ile,0.728032682449167,0.126142240637085,4
urn:mavedb:00000096-b-1#231,,,p.Ala259Leu,0.923549848236582,0.243779492447995,12
urn:mavedb:00000096-b-1#232,,,p.Ala259Lys,1.06325007694015,0.0650651238356393,4
urn:mavedb:00000096-b-1#233,,,p.Ala259Met,1.00495564609745,0.0482338848795517,4
urn:mavedb:00000096-b-1#234,,,p.Ala259Phe,1.23694307121632,0.0386755284068097,4
urn:mavedb:00000096-b-1#235,,,p.Ala259Pro,0.8282796172185519,0.13810182511306,8
urn:mavedb:00000096-b-1#236,,,p.Ala259Ser,0.718203630849908,0.249526957695031,8
urn:mavedb:00000096-b-1#237,,,p.Ala259Ter,-0.1847308449512089,0.252493766132697,4
urn:mavedb:00000096-b-1#238,,,p.Ala259Thr,1.02833974628914,0.302662860681018,8
urn:mavedb:00000096-b-1#239,,,p.Ala259Trp,1.05126736172584,0.0392885317452974,4
urn:mavedb:00000096-b-1#240,,,p.Ala259Tyr,1.02052925986674,0.0436552877646685,4
urn:mavedb:00000096-b-1#241,,,p.Ala259Val,0.7469481168038,0.1757247503279149,8
urn:mavedb:00000096-b-1#242,,,p.Ala282=,1.22060621406701,0.293571159222795,8
urn:mavedb:00000096-b-1#243,,,p.Ala282Arg,0.477925938965871,0.370155201002977,8
urn:mavedb:00000096-b-1#244,,,p.Ala282Asn,1.05942166636192,0.3893554878800879,4
urn:mavedb:00000096-b-1#245,,,p.Ala282Cys,0.558979477035903,0.172478854484308,4
urn:mavedb:00000096-b-1#246,,,p.Ala282Gln,-0.0236203152362318,0.3110455734260089,4
urn:mavedb:00000096-b-1#247,,,p.Ala282Glu,0.677141716799635,0.54383090812435,4
urn:mavedb:00000096-b-1#248,,,p.Ala282Gly,0.926643012391112,0.26864144430089,8
urn:mavedb:00000096-b-1#249,,,p.Ala282His,0.326487780442417,0.3962265844803429,4
urn:mavedb:00000096-b-1#250,,,p.Ala282Ile,0.7814897259119359,0.61182590443922,4
urn:mavedb:00000096-b-1#251,,,p.Ala282Leu,0.602568674669857,0.25014673547895,12
urn:mavedb:00000096-b-1#252,,,p.Ala282Lys,0.898409926910999,0.12795909425084,4
urn:mavedb:00000096-b-1#253,,,p.Ala282Met,0.659682156087131,0.114497726062006,4
urn:mavedb:00000096-b-1#254,,,p.Ala282Phe,1.2316156328993302,0.105215127869479,4
urn:mavedb:00000096-b-1#255,,,p.Ala282Pro,0.867749595765712,0.262610084435362,8
urn:mavedb:00000096-b-1#256,,,p.Ala282Ser,0.937911927625002,0.308024604811044,12
urn:mavedb:00000096-b-1#257,,,p.Ala282Thr,1.1240594371601202,0.261023793766272,12
urn:mavedb:00000096-b-1#258,,,p.Ala282Trp,0.7371234941796551,0.1118817284256669,4
urn:mavedb:00000096-b-1#259,,,p.Ala282Tyr,0.688269777529562,0.0947516183106899,4
urn:mavedb:00000096-b-1#260,,,p.Ala282Val,0.9962613254971312,0.187482304154864,12
urn:mavedb:00000096-b-1#261,,,p.Ala320=,1.08369092289962,0.129795570379636,4
urn:mavedb:00000096-b-1#262,,,p.Ala320Arg,0.8843614283864291,0.49149060046099,12
urn:mavedb:00000096-b-1#263,,,p.Ala320Asn,1.22373823781522,0.0606692121614961,4
urn:mavedb:00000096-b-1#264,,,p.Ala320Cys,1.05798357209147,0.2403175671841139,4
urn:mavedb:00000096-b-1#265,,,p.Ala320Gln,0.366231738804798,0.301646694620778,4
urn:mavedb:00000096-b-1#266,,,p.Ala320Glu,0.77564740914992,0.0719052676479934,4
urn:mavedb:00000096-b-1#267,,,p.Ala320Gly,1.14026221946689,0.12522237799421,8
urn:mavedb:00000096-b-1#268,,,p.Ala320His,1.07928339569629,0.0736841675383427,4
urn:mavedb:00000096-b-1#269,,,p.Ala320Ile,0.975395393018597,0.0589974228891799,4
urn:mavedb:00000096-b-1#270,,,p.Ala320Leu,0.618513537790229,0.173512316755816,8
urn:mavedb:00000096-b-1#271,,,p.Ala320Lys,1.10478017011183,0.0748886361858367,4
urn:mavedb:00000096-b-1#272,,,p.Ala320Met,0.673052012690558,0.0820122188038354,4
urn:mavedb:00000096-b-1#273,,,p.Ala320Pro,1.1544321582376298,0.255668320772455,8
urn:mavedb:00000096-b-1#274,,,p.Ala320Ser,1.00676133991068,0.336755126120584,12
urn:mavedb:00000096-b-1#275,,,p.Ala320Ter,-0.2366536594584899,0.4735120129545139,4
urn:mavedb:00000096-b-1#276,,,p.Ala320Thr,0.863813966469419,0.269312901808472,8
urn:mavedb:00000096-b-1#277,,,p.Ala320Trp,0.801279732573126,0.3683962136498599,4
urn:mavedb:00000096-b-1#278,,,p.Ala320Tyr,0.567086200232306,0.0925673499603979,4
urn:mavedb:00000096-b-1#279,,,p.Ala320Val,0.957419647655963,0.0899902444023909,4
urn:mavedb:00000096-b-1#280,,,p.Ala329=,0.926986205359634,0.2177626120080779,8
urn:mavedb:00000096-b-1#281,,,p.Ala329Arg,0.917070963861186,0.348937782404101,12
urn:mavedb:00000096-b-1#282,,,p.Ala329Asn,0.59602696410895,0.54093319817997,4
urn:mavedb:00000096-b-1#283,,,p.Ala329Asp,0.993517536304182,0.560067578341601,4
urn:mavedb:00000096-b-1#284,,,p.Ala329Cys,0.9749352305690072,0.287629691953907,4
urn:mavedb:00000096-b-1#285,,,p.Ala329Gln,0.0667190132902078,0.226559541314678,4
urn:mavedb:00000096-b-1#286,,,p.Ala329Glu,0.8974462275588679,0.5548435684691619,4
urn:mavedb:00000096-b-1#287,,,p.Ala329Gly,1.0375149600878,0.0927588819588848,8
urn:mavedb:00000096-b-1#288,,,p.Ala329His,0.318415426948118,0.3975941130576589,4
urn:mavedb:00000096-b-1#289,,,p.Ala329Ile,1.0912057116795,0.220612861572973,4
urn:mavedb:00000096-b-1#290,,,p.Ala329Leu,0.685602297125838,0.2093744833185619,12
urn:mavedb:00000096-b-1#291,,,p.Ala329Lys,0.605001175141667,0.103508306229824,4
urn:mavedb:00000096-b-1#292,,,p.Ala329Met,0.7663247401788209,0.1856028798074289,4
urn:mavedb:00000096-b-1#293,,,p.Ala329Phe,1.23500466640506,0.2467170228510319,4
urn:mavedb:00000096-b-1#294,,,p.Ala329Pro,0.523250086890342,0.1220992745950719,4
urn:mavedb:00000096-b-1#295,,,p.Ala329Ser,0.681425976531379,0.427969556716664,12
urn:mavedb:00000096-b-1#296,,,p.Ala329Ter,-0.2206193161557849,0.298135691725057,4
urn:mavedb:00000096-b-1#297,,,p.Ala329Thr,1.24010131998249,0.293446184100881,12
urn:mavedb:00000096-b-1#298,,,p.Ala329Trp,0.536619087572732,0.276446952245692,4
urn:mavedb:00000096-b-1#299,,,p.Ala329Tyr,0.520040764423793,0.1249479529848319,4
urn:mavedb:00000096-b-1#300,,,p.Ala329Val,0.987634742001461,0.324193323874145,12
urn:mavedb:00000096-b-1#301,,,p.Ala370=,0.920080566851344,0.310156452429898,12
urn:mavedb:00000096-b-1#302,,,p.Ala370Arg,-0.12654954379826,0.5261282445643171,12
urn:mavedb:00000096-b-1#303,,,p.Ala370Cys,0.7234014070020041,0.1622197000405919,4
urn:mavedb:00000096-b-1#304,,,p.Ala370Gln,0.194171058374554,0.155382733394694,4
urn:mavedb:00000096-b-1#305,,,p.Ala370Glu,-0.055430686570286,0.311854407989266,4
urn:mavedb:00000096-b-1#306,,,p.Ala370Gly,0.518853314993619,0.16460945984175,8
urn:mavedb:00000096-b-1#307,,,p.Ala370His,0.169502397511488,0.735000923808742,4
urn:mavedb:00000096-b-1#308,,,p.Ala370Ile,0.8807874372613891,0.0605964355160747,4
urn:mavedb:00000096-b-1#309,,,p.Ala370Leu,0.8806161133165831,0.217474440161126,12
urn:mavedb:00000096-b-1#310,,,p.Ala370Lys,-0.2643703856991979,0.472630035210127,4
urn:mavedb:00000096-b-1#311,,,p.Ala370Met,0.385160049982808,0.3071146498600869,4
urn:mavedb:00000096-b-1#312,,,p.Ala370Phe,0.466770772071186,0.0844866413162875,4
urn:mavedb:00000096-b-1#313,,,p.Ala370Pro,-0.654755306819166,0.348388253922412,4
urn:mavedb:00000096-b-1#314,,,p.Ala370Ser,0.562584100957161,0.3340643990444339,8
urn:mavedb:00000096-b-1#315,,,p.Ala370Ter,0.241429791561325,0.4812253421171,4
urn:mavedb:00000096-b-1#316,,,p.Ala370Thr,0.844062073409353,0.2934882645046189,8
urn:mavedb:00000096-b-1#317,,,p.Ala370Trp,-0.1941170912279839,0.142679042046948,4
urn:mavedb:00000096-b-1#318,,,p.Ala370Tyr,-0.0859613808279105,0.285932631281632,4
urn:mavedb:00000096-b-1#319,,,p.Ala370Val,0.850710907212013,0.1208369179451769,8
urn:mavedb:00000096-b-1#320,,,p.Ala378=,0.960050982839645,0.200818027270879,8
urn:mavedb:00000096-b-1#321,,,p.Ala378Arg,0.4224258876522589,0.30365273938442,12
urn:mavedb:00000096-b-1#322,,,p.Ala378Asn,0.6718888539382939,0.5517896857551899,4
urn:mavedb:00000096-b-1#323,,,p.Ala378Cys,1.02642635930383,0.4674290892919849,4
urn:mavedb:00000096-b-1#324,,,p.Ala378Gln,0.990670976498838,0.249746312183754,4
urn:mavedb:00000096-b-1#325,,,p.Ala378Glu,0.272951266859244,0.142758910638634,4
urn:mavedb:00000096-b-1#326,,,p.Ala378Gly,0.96109736357161,0.1753393741935399,8
urn:mavedb:00000096-b-1#327,,,p.Ala378His,0.3057953235243499,0.1072210553218319,4
urn:mavedb:00000096-b-1#328,,,p.Ala378Ile,0.601707182659339,0.0723189046378629,4
urn:mavedb:00000096-b-1#329,,,p.Ala378Leu,0.76760325285907,0.236173837611007,12
urn:mavedb:00000096-b-1#330,,,p.Ala378Lys,0.364030938177089,0.5725274321122579,4
urn:mavedb:00000096-b-1#331,,,p.Ala378Met,0.86092926043663,0.1029388635005159,4
urn:mavedb:00000096-b-1#332,,,p.Ala378Phe,0.311338438048393,0.0928702349890775,4
urn:mavedb:00000096-b-1#333,,,p.Ala378Pro,0.0771447396073061,0.301473182982321,4
urn:mavedb:00000096-b-1#334,,,p.Ala378Ser,0.8007924159332921,0.100039123567903,8
urn:mavedb:00000096-b-1#335,,,p.Ala378Ter,-0.9260589894938648,0.335242595869443,4
urn:mavedb:00000096-b-1#336,,,p.Ala378Thr,0.485842974396589,0.135347939837752,4
urn:mavedb:00000096-b-1#337,,,p.Ala378Trp,0.5666545536700041,0.5227321911317361,4
urn:mavedb:00000096-b-1#338,,,p.Ala378Tyr,-0.0002830631110699,0.154313359820787,4
urn:mavedb:00000096-b-1#339,,,p.Ala378Val,0.703555183371063,0.148450922177549,8
urn:mavedb:00000096-b-1#340,,,p.Ala379=,0.961275874150375,0.361013283382072,8
urn:mavedb:00000096-b-1#341,,,p.Ala379Arg,-0.0696629666462354,0.329877306520396,12
urn:mavedb:00000096-b-1#342,,,p.Ala379Asn,0.4716473239577871,0.2929096915107689,4
urn:mavedb:00000096-b-1#343,,,p.Ala379Asp,0.0252572788413846,0.119725780728139,4
urn:mavedb:00000096-b-1#344,,,p.Ala379Cys,0.947418007330934,0.0404927799068581,4
urn:mavedb:00000096-b-1#345,,,p.Ala379Gln,-0.126369645823608,0.197324131331248,4
urn:mavedb:00000096-b-1#346,,,p.Ala379Gly,0.8914840682209619,0.2018885404985519,8
urn:mavedb:00000096-b-1#347,,,p.Ala379His,-0.0888349290051605,0.131721126130275,4
urn:mavedb:00000096-b-1#348,,,p.Ala379Ile,0.7511134137417091,0.3458716081468679,4
urn:mavedb:00000096-b-1#349,,,p.Ala379Leu,0.878489486690029,0.246407716027882,12
urn:mavedb:00000096-b-1#350,,,p.Ala379Lys,-0.179097949474934,0.129166793377036,4
urn:mavedb:00000096-b-1#351,,,p.Ala379Met,0.790203931358918,0.457776657458371,4
urn:mavedb:00000096-b-1#352,,,p.Ala379Phe,0.5135119371714311,0.111991213104592,4
urn:mavedb:00000096-b-1#353,,,p.Ala379Pro,-0.197258580474131,0.232340981027487,8
urn:mavedb:00000096-b-1#354,,,p.Ala379Ser,1.01956959323865,0.345947815604214,12
urn:mavedb:00000096-b-1#355,,,p.Ala379Ter,0.170709795655354,0.0898282104342993,4
urn:mavedb:00000096-b-1#356,,,p.Ala379Thr,0.7650558711486299,0.319434399868863,12
urn:mavedb:00000096-b-1#357,,,p.Ala379Trp,0.0574222417173785,0.0758282084916083,4
urn:mavedb:00000096-b-1#358,,,p.Ala379Tyr,0.135490944480537,0.0971749251964871,4
urn:mavedb:00000096-b-1#359,,,p.Ala379Val,0.7692322944328629,0.17815381213967,12
urn:mavedb:00000096-b-1#360,,,p.Ala384=,1.0440922686686,0.215063653362708,12
urn:mavedb:00000096-b-1#361,,,p.Ala384Arg,-0.117159636306217,0.207664100046487,12
urn:mavedb:00000096-b-1#362,,,p.Ala384Asn,0.0328343247500825,0.12133547953983,4
urn:mavedb:00000096-b-1#363,,,p.Ala384Cys,1.0850729277138,0.0374673964597742,4
urn:mavedb:00000096-b-1#364,,,p.Ala384Gln,-0.0039015510250005,0.110173654165934,4
urn:mavedb:00000096-b-1#365,,,p.Ala384Glu,0.0919854883827273,0.1866026546625969,4
urn:mavedb:00000096-b-1#366,,,p.Ala384Gly,0.8262359304816399,0.111411296554075,8
urn:mavedb:00000096-b-1#367,,,p.Ala384His,-0.0669302473072214,0.211856515132612,4
urn:mavedb:00000096-b-1#368,,,p.Ala384Ile,0.846840614270325,0.0802252375683199,4
urn:mavedb:00000096-b-1#369,,,p.Ala384Leu,0.90972074141579,0.188844767049817,12
urn:mavedb:00000096-b-1#370,,,p.Ala384Lys,-0.7070561189679241,0.51524132444714,4
urn:mavedb:00000096-b-1#371,,,p.Ala384Met,0.5777799729223699,0.178511175632551,4
urn:mavedb:00000096-b-1#372,,,p.Ala384Phe,0.637365263542913,0.400714046304373,4
urn:mavedb:00000096-b-1#373,,,p.Ala384Pro,0.1071858495136319,0.422295670567254,8
urn:mavedb:00000096-b-1#374,,,p.Ala384Ser,0.73939729158085,0.173033181367158,12
urn:mavedb:00000096-b-1#375,,,p.Ala384Ter,0.0491872027135817,0.102239790252258,4
urn:mavedb:00000096-b-1#376,,,p.Ala384Thr,0.942233250903826,0.134737369395111,8
urn:mavedb:00000096-b-1#377,,,p.Ala384Trp,-0.235415617902021,0.262820741367591,4
urn:mavedb:00000096-b-1#378,,,p.Ala384Tyr,-0.294955140335612,0.171975123058346,4
urn:mavedb:00000096-b-1#379,,,p.Ala384Val,0.963046106118823,0.0414010362702989,8
urn:mavedb:00000096-b-1#380,,,p.Ala387=,1.10636360102293,0.200052175022238,12
urn:mavedb:00000096-b-1#381,,,p.Ala387Arg,-0.217501658673123,0.345969172193583,12
urn:mavedb:00000096-b-1#382,,,p.Ala387Asn,0.3187211934124199,0.280347118671592,4
urn:mavedb:00000096-b-1#383,,,p.Ala387Asp,-0.1324506811957209,0.4648851233066989,4
urn:mavedb:00000096-b-1#384,,,p.Ala387Cys,0.943821101063153,0.118416668588053,4
urn:mavedb:00000096-b-1#385,,,p.Ala387Gln,0.292659936941656,0.0907041247955491,4
urn:mavedb:00000096-b-1#386,,,p.Ala387Glu,-0.106697788432006,0.127432735892251,4
urn:mavedb:00000096-b-1#387,,,p.Ala387Gly,0.696829148581932,0.266705002132813,4
urn:mavedb:00000096-b-1#388,,,p.Ala387His,-0.481640999736153,0.207510686650276,4
urn:mavedb:00000096-b-1#389,,,p.Ala387Ile,-0.146764268758022,0.257474139295063,4
urn:mavedb:00000096-b-1#390,,,p.Ala387Leu,0.240505621265733,0.551299024911623,12
urn:mavedb:00000096-b-1#391,,,p.Ala387Lys,0.1744470485351379,0.470741686460315,4
urn:mavedb:00000096-b-1#392,,,p.Ala387Met,0.0272337692852829,0.107480530134399,4
urn:mavedb:00000096-b-1#393,,,p.Ala387Phe,-0.0894498911214723,0.0973609133474705,4
urn:mavedb:00000096-b-1#394,,,p.Ala387Pro,-0.6002781889909661,0.385668049828534,8
urn:mavedb:00000096-b-1#395,,,p.Ala387Ser,0.8491850002085671,0.242929562885496,12
urn:mavedb:00000096-b-1#396,,,p.Ala387Ter,-0.3464136508411,0.308050145711042,4
urn:mavedb:00000096-b-1#397,,,p.Ala387Thr,0.249435288329088,0.454094002678483,12
urn:mavedb:00000096-b-1#398,,,p.Ala387Trp,-0.43472750106311,0.146378520470762,4
urn:mavedb:00000096-b-1#399,,,p.Ala387Tyr,-0.9501939169789392,0.309467183132851,4
urn:mavedb:00000096-b-1#400,,,p.Ala387Val,0.448152352638183,0.231355063681653,12
urn:mavedb:00000096-b-1#401,,,p.Ala425=,1.05290424847242,0.222599986867058,8
urn:mavedb:00000096-b-1#402,,,p.Ala425Arg,0.444484606857952,0.4452689158257079,12
urn:mavedb:00000096-b-1#403,,,p.Ala425Asp,0.8746261573864951,0.1028828620872509,4
urn:mavedb:00000096-b-1#404,,,p.Ala425Cys,1.02138459130403,0.729893996280001,4
urn:mavedb:00000096-b-1#405,,,p.Ala425Gln,0.892448623961338,0.591869549583265,4
urn:mavedb:00000096-b-1#406,,,p.Ala425Glu,0.747495878204298,0.317745960466138,8
urn:mavedb:00000096-b-1#407,,,p.Ala425Gly,0.790893099115412,0.297617848068867,4
urn:mavedb:00000096-b-1#408,,,p.Ala425His,0.6147063645842621,0.8058602851892471,4
urn:mavedb:00000096-b-1#409,,,p.Ala425Leu,0.209959113426417,0.314861461631708,8
urn:mavedb:00000096-b-1#410,,,p.Ala425Lys,0.421833854718352,0.416999302386188,4
urn:mavedb:00000096-b-1#411,,,p.Ala425Met,0.934764663170634,0.701907987610846,4
urn:mavedb:00000096-b-1#412,,,p.Ala425Phe,0.431555840229123,0.227639132274822,4
urn:mavedb:00000096-b-1#413,,,p.Ala425Pro,0.369719012941752,0.536562740934573,8
urn:mavedb:00000096-b-1#414,,,p.Ala425Ser,0.7608485808989449,0.420277611867289,12
urn:mavedb:00000096-b-1#415,,,p.Ala425Ter,0.103805904400759,0.1412312453304429,4
urn:mavedb:00000096-b-1#416,,,p.Ala425Thr,0.7925636729090341,0.3170155288177669,12
urn:mavedb:00000096-b-1#417,,,p.Ala425Trp,0.417238147205751,0.539177670313526,4
urn:mavedb:00000096-b-1#418,,,p.Ala425Val,0.714178349605611,0.2124734429728079,12
urn:mavedb:00000096-b-1#419,,,p.Ala449=,1.04355696354542,0.0795608282182069,8
urn:mavedb:00000096-b-1#420,,,p.Ala449Arg,0.6818623386131589,0.278659412524791,8
urn:mavedb:00000096-b-1#421,,,p.Ala449Asn,0.8070715760752231,0.0609985118525373,4
urn:mavedb:00000096-b-1#422,,,p.Ala449Asp,0.8423564610101519,0.159833162639483,4
urn:mavedb:00000096-b-1#423,,,p.Ala449Cys,1.18306007839327,0.0852604118943132,4
urn:mavedb:00000096-b-1#424,,,p.Ala449Gln,0.719200600674741,0.0658548050738475,4
urn:mavedb:00000096-b-1#425,,,p.Ala449Glu,0.7345664987211791,0.0482667425650892,4
urn:mavedb:00000096-b-1#426,,,p.Ala449Gly,0.990147375179825,0.0603154757097613,8
urn:mavedb:00000096-b-1#427,,,p.Ala449His,0.7675969606808041,0.110896102795133,4
urn:mavedb:00000096-b-1#428,,,p.Ala449Ile,0.932271025122307,0.0571679561094284,4
urn:mavedb:00000096-b-1#429,,,p.Ala449Leu,0.676268759308929,0.175006808080764,12
urn:mavedb:00000096-b-1#430,,,p.Ala449Lys,0.51745285142861,0.0725702541970184,4
urn:mavedb:00000096-b-1#431,,,p.Ala449Met,0.83141730183574,0.328838319472688,4
urn:mavedb:00000096-b-1#432,,,p.Ala449Phe,0.978776175417002,0.0969374668806718,4
urn:mavedb:00000096-b-1#433,,,p.Ala449Pro,0.719014069269679,0.0953023177903804,8
urn:mavedb:00000096-b-1#434,,,p.Ala449Ser,0.941106795853885,0.1904574642173599,12
urn:mavedb:00000096-b-1#435,,,p.Ala449Ter,0.4572062122590321,0.245224409923185,4
urn:mavedb:00000096-b-1#436,,,p.Ala449Thr,1.12258658584021,0.186017105708534,12
urn:mavedb:00000096-b-1#437,,,p.Ala449Trp,1.01159398971042,0.0478412854383685,4
urn:mavedb:00000096-b-1#438,,,p.Ala449Tyr,0.443904983798742,0.0662246932891484,4
urn:mavedb:00000096-b-1#439,,,p.Ala449Val,0.8460378897850029,0.144779436624885,12
urn:mavedb:00000096-b-1#440,,,p.Ala450=,1.06787541560453,0.031215433127076,4
urn:mavedb:00000096-b-1#441,,,p.Ala450Arg,0.7201750390423921,0.153067728553634,12
urn:mavedb:00000096-b-1#442,,,p.Ala450Asn,0.760251968578874,0.0988416344647629,4
urn:mavedb:00000096-b-1#443,,,p.Ala450Cys,0.852983188207148,0.0424732944016879,4
urn:mavedb:00000096-b-1#444,,,p.Ala450Gln,0.8481343551694991,0.0522421616778287,4
urn:mavedb:00000096-b-1#445,,,p.Ala450Glu,0.967751145564456,0.1386544032739899,4
urn:mavedb:00000096-b-1#446,,,p.Ala450Gly,0.9757756564925352,0.0569627303962024,8
urn:mavedb:00000096-b-1#447,,,p.Ala450His,0.811994934025798,0.0522097816339335,4
urn:mavedb:00000096-b-1#448,,,p.Ala450Ile,0.658533114958609,0.0553264196945802,4
urn:mavedb:00000096-b-1#449,,,p.Ala450Leu,0.8105447316190609,0.0893155915144858,12
urn:mavedb:00000096-b-1#450,,,p.Ala450Lys,1.18001279796338,0.041413842555003,4
urn:mavedb:00000096-b-1#451,,,p.Ala450Met,0.8964522912301759,0.0661478630150287,4
urn:mavedb:00000096-b-1#452,,,p.Ala450Phe,1.00380147835622,0.0387892313220948,4
urn:mavedb:00000096-b-1#453,,,p.Ala450Pro,0.6799682020693779,0.1202333996454299,8
urn:mavedb:00000096-b-1#454,,,p.Ala450Ser,0.885342087440408,0.1029027646348259,12
urn:mavedb:00000096-b-1#455,,,p.Ala450Ter,0.636168302624079,0.32265709708283,4
urn:mavedb:00000096-b-1#456,,,p.Ala450Thr,0.9056612071914028,0.0801175103988385,4
urn:mavedb:00000096-b-1#457,,,p.Ala450Trp,1.07968105604019,0.112384335857738,4
urn:mavedb:00000096-b-1#458,,,p.Ala450Tyr,1.06518396848601,0.0970325933680087,4
urn:mavedb:00000096-b-1#459,,,p.Ala450Val,0.922213400266341,0.122210912305638,4
urn:mavedb:00000096-b-1#460,,,p.Ala454=,1.22308850120713,0.24518248278617,12
urn:mavedb:00000096-b-1#461,,,p.Ala454Arg,1.14769027962917,0.0918585846759238,8
urn:mavedb:00000096-b-1#462,,,p.Ala454Asn,1.05666069315387,0.0819984083936495,4
urn:mavedb:00000096-b-1#463,,,p.Ala454Asp,1.01543182521884,0.376968256393534,4
urn:mavedb:00000096-b-1#464,,,p.Ala454Cys,0.984290068386854,0.180023599094118,4
urn:mavedb:00000096-b-1#465,,,p.Ala454Gln,1.00268870775299,0.1173234864871349,4
urn:mavedb:00000096-b-1#466,,,p.Ala454Glu,1.04420312612802,0.112512181384625,4
urn:mavedb:00000096-b-1#467,,,p.Ala454Gly,0.8814156668936161,0.211420676027327,8
urn:mavedb:00000096-b-1#468,,,p.Ala454His,0.8351895957339409,0.1504002059612959,4
urn:mavedb:00000096-b-1#469,,,p.Ala454Ile,0.668813151287021,0.0671059099358087,4
urn:mavedb:00000096-b-1#470,,,p.Ala454Leu,0.803604179259719,0.105795247631684,12
urn:mavedb:00000096-b-1#471,,,p.Ala454Lys,0.67040086969792,0.062903011098936,4
urn:mavedb:00000096-b-1#472,,,p.Ala454Met,0.9660665105122472,0.142324908394655,4
urn:mavedb:00000096-b-1#473,,,p.Ala454Phe,0.925499488016035,0.0480685401859315,4
urn:mavedb:00000096-b-1#474,,,p.Ala454Pro,0.4807957840013929,0.1803159340795419,8
urn:mavedb:00000096-b-1#475,,,p.Ala454Ser,1.05637354838906,0.260962305863799,12
urn:mavedb:00000096-b-1#476,,,p.Ala454Ter,0.667119518678141,0.120641241699893,4
urn:mavedb:00000096-b-1#477,,,p.Ala454Thr,0.939422346779366,0.205585184639355,8
urn:mavedb:00000096-b-1#478,,,p.Ala454Trp,0.699630778686131,0.0804719383214607,4
urn:mavedb:00000096-b-1#479,,,p.Ala454Val,0.7936179755231171,0.0879994287617946,8
urn:mavedb:00000096-b-1#480,,,p.Ala456=,1.0909818132790898,0.235114672921094,12
urn:mavedb:00000096-b-1#481,,,p.Ala456Arg,0.934041677397162,0.143620338561838,12
urn:mavedb:00000096-b-1#482,,,p.Ala456Asn,0.7704622702371771,0.136117247377433,4
urn:mavedb:00000096-b-1#483,,,p.Ala456Asp,0.0589367266641134,1.08744292771485,4
urn:mavedb:00000096-b-1#484,,,p.Ala456Cys,1.02562869041623,0.0474425081409349,4
urn:mavedb:00000096-b-1#485,,,p.Ala456Gln,0.880469520176371,0.149241117094794,4
urn:mavedb:00000096-b-1#486,,,p.Ala456Gly,0.8241992292090179,0.0775639182197756,8
urn:mavedb:00000096-b-1#487,,,p.Ala456His,0.7855823798921271,0.20588297746431,4
urn:mavedb:00000096-b-1#488,,,p.Ala456Ile,0.952151687277912,0.255698059564989,4
urn:mavedb:00000096-b-1#489,,,p.Ala456Leu,0.6911192332010939,0.2069241601837039,12
urn:mavedb:00000096-b-1#490,,,p.Ala456Lys,1.11579146333613,0.48927163787354,4
urn:mavedb:00000096-b-1#491,,,p.Ala456Phe,0.825906516243322,0.0757483772976493,4
urn:mavedb:00000096-b-1#492,,,p.Ala456Pro,0.5213409962452371,0.225643810776021,8
urn:mavedb:00000096-b-1#493,,,p.Ala456Ser,0.8101080471221991,0.2351365771444419,8
urn:mavedb:00000096-b-1#494,,,p.Ala456Ter,0.4374078808696779,0.347571375008278,4
urn:mavedb:00000096-b-1#495,,,p.Ala456Thr,0.7495061131294071,0.186037195644082,8
urn:mavedb:00000096-b-1#496,,,p.Ala456Trp,0.7353795407707059,0.319325322023743,4
urn:mavedb:00000096-b-1#497,,,p.Ala456Val,0.8998273635872349,0.0968388991455556,8
urn:mavedb:00000096-b-1#498,,,p.Ala460=,0.9006960542897541,0.277964957452977,8
urn:mavedb:00000096-b-1#499,,,p.Ala460Arg,0.8638956050755151,0.142567656769428,12
urn:mavedb:00000096-b-1#500,,,p.Ala460Asn,0.947331704471552,0.10826540391344,4
urn:mavedb:00000096-b-1#501,,,p.Ala460Cys,1.081105664416,0.0607080810334804,4
urn:mavedb:00000096-b-1#502,,,p.Ala460Gln,0.955379402389504,0.0721218681795746,4
urn:mavedb:00000096-b-1#503,,,p.Ala460Glu,1.04399878527175,0.102778872249298,4
urn:mavedb:00000096-b-1#504,,,p.Ala460Gly,1.02108785568454,0.167638052930973,8
urn:mavedb:00000096-b-1#505,,,p.Ala460His,0.669996651018341,0.495359591795696,4
urn:mavedb:00000096-b-1#506,,,p.Ala460Ile,0.955205081647515,0.394397079958213,4
urn:mavedb:00000096-b-1#507,,,p.Ala460Leu,0.8761238416334671,0.135663689466984,8
urn:mavedb:00000096-b-1#508,,,p.Ala460Lys,0.616716717492451,0.581871843508058,4
urn:mavedb:00000096-b-1#509,,,p.Ala460Met,0.9690799688656492,0.106301869649189,4
urn:mavedb:00000096-b-1#510,,,p.Ala460Phe,1.06011886344687,0.131455568059445,4
urn:mavedb:00000096-b-1#511,,,p.Ala460Pro,0.5645943689766341,0.245507014298644,8
urn:mavedb:00000096-b-1#512,,,p.Ala460Ser,0.7997122451194321,0.6056416741539399,8
urn:mavedb:00000096-b-1#513,,,p.Ala460Thr,0.989509513308303,0.115492850275703,4
urn:mavedb:00000096-b-1#514,,,p.Ala460Trp,0.824964650238881,0.0953828929328424,4
urn:mavedb:00000096-b-1#515,,,p.Ala460Tyr,0.934206128532848,0.5227985443969121,4
urn:mavedb:00000096-b-1#516,,,p.Ala460Val,0.92818838276426,0.101464373529124,8
urn:mavedb:00000096-b-1#517,,,p.Ala53=,1.15385294119035,0.5607474976511391,4
urn:mavedb:00000096-b-1#518,,,p.Ala53Arg,0.345597837588834,0.194579234034823,12
urn:mavedb:00000096-b-1#519,,,p.Ala53Asn,0.319071997627336,0.137484884607605,4
urn:mavedb:00000096-b-1#520,,,p.Ala53Cys,0.7908653318037709,0.5791966191671071,4
urn:mavedb:00000096-b-1#521,,,p.Ala53Gln,0.0444324520463667,0.1773827435044019,4
urn:mavedb:00000096-b-1#522,,,p.Ala53Glu,0.0278523340200566,0.8290756928904691,4
urn:mavedb:00000096-b-1#523,,,p.Ala53Gly,0.51660216712827,0.38265491884141,8
urn:mavedb:00000096-b-1#524,,,p.Ala53His,0.344225492371623,0.281030841242354,4
urn:mavedb:00000096-b-1#525,,,p.Ala53Ile,0.12983133446174,0.1396970483593559,4
urn:mavedb:00000096-b-1#526,,,p.Ala53Leu,-0.3354738611495869,0.204214574953241,8
urn:mavedb:00000096-b-1#527,,,p.Ala53Lys,0.438395341407387,0.146325238535794,4
urn:mavedb:00000096-b-1#528,,,p.Ala53Met,0.6115310296379711,0.840663269876827,4
urn:mavedb:00000096-b-1#529,,,p.Ala53Phe,0.428908954192218,0.122031774519246,4
urn:mavedb:00000096-b-1#530,,,p.Ala53Pro,0.123751479705919,0.4621071669802349,8
urn:mavedb:00000096-b-1#531,,,p.Ala53Ser,0.4391162057714989,0.377704112194062,12
urn:mavedb:00000096-b-1#532,,,p.Ala53Ter,-0.0983049041529062,0.782517415680685,4
urn:mavedb:00000096-b-1#533,,,p.Ala53Thr,0.821596644154038,0.553091035190109,8
urn:mavedb:00000096-b-1#534,,,p.Ala53Trp,-0.134000547340266,0.125965705958612,4
urn:mavedb:00000096-b-1#535,,,p.Ala53Tyr,0.1810865139951799,0.284982888298448,4
urn:mavedb:00000096-b-1#536,,,p.Ala53Val,0.566144670335152,0.3577719805269489,8
urn:mavedb:00000096-b-1#537,,,p.Ala6=,0.898773166842722,0.131904121087635,8
urn:mavedb:00000096-b-1#538,,,p.Ala6Arg,0.877095782514176,0.192457164296421,12
urn:mavedb:00000096-b-1#539,,,p.Ala6Asn,1.18756902116941,0.0624184599308249,4
urn:mavedb:00000096-b-1#540,,,p.Ala6Asp,1.2568839277036998,0.3643453873283779,4
urn:mavedb:00000096-b-1#541,,,p.Ala6Gln,0.788264379025961,0.442083034158972,4
urn:mavedb:00000096-b-1#542,,,p.Ala6Glu,1.0588574173764,0.348979741178136,4
urn:mavedb:00000096-b-1#543,,,p.Ala6Gly,0.823153064613519,0.198506708168311,8
urn:mavedb:00000096-b-1#544,,,p.Ala6His,0.476028772090569,0.147788049506958,4
urn:mavedb:00000096-b-1#545,,,p.Ala6Leu,0.8660346921646491,0.1456624580294369,12
urn:mavedb:00000096-b-1#546,,,p.Ala6Lys,0.7420076187430992,0.2474106962844599,4
urn:mavedb:00000096-b-1#547,,,p.Ala6Met,1.20193885012517,0.107635775642443,4
urn:mavedb:00000096-b-1#548,,,p.Ala6Phe,0.8709806576212191,0.0573930009666182,4
urn:mavedb:00000096-b-1#549,,,p.Ala6Pro,0.788094918699854,0.359931832628182,8
urn:mavedb:00000096-b-1#550,,,p.Ala6Ser,1.00265229525136,0.149669604709598,12
urn:mavedb:00000096-b-1#551,,,p.Ala6Ter,0.260464826597502,0.949814018816768,4
urn:mavedb:00000096-b-1#552,,,p.Ala6Thr,0.8415155236710891,0.2322791865602,12
urn:mavedb:00000096-b-1#553,,,p.Ala6Trp,0.691175183913548,0.1889234872395379,4
urn:mavedb:00000096-b-1#554,,,p.Ala6Tyr,0.948279798116174,0.183317199803225,4
urn:mavedb:00000096-b-1#555,,,p.Ala6Val,0.9982856566026228,0.191007622247211,12
urn:mavedb:00000096-b-1#556,,,p.Arg155=,1.10585044058475,0.186231489541563,12
urn:mavedb:00000096-b-1#557,,,p.Arg155Ala,0.763680781598992,0.233093742756478,8
urn:mavedb:00000096-b-1#558,,,p.Arg155Asn,0.766636646117658,0.0898445300850027,4
urn:mavedb:00000096-b-1#559,,,p.Arg155Asp,1.37396299588198,0.2018862742722769,4
urn:mavedb:00000096-b-1#560,,,p.Arg155Cys,0.7046094681800841,0.275742124486896,4
urn:mavedb:00000096-b-1#561,,,p.Arg155Gln,0.881275165466188,0.2182788293189239,4
urn:mavedb:00000096-b-1#562,,,p.Arg155Glu,0.951888900221903,0.0716560938338451,4
urn:mavedb:00000096-b-1#563,,,p.Arg155Gly,0.793708620232923,0.126700398822119,4
urn:mavedb:00000096-b-1#564,,,p.Arg155His,0.776168264167721,0.212234296470617,4
urn:mavedb:00000096-b-1#565,,,p.Arg155Ile,0.965798848612606,0.0833493682439996,4
urn:mavedb:00000096-b-1#566,,,p.Arg155Leu,0.8898239402682571,0.250709312140671,8
urn:mavedb:00000096-b-1#567,,,p.Arg155Lys,0.9148105439304572,0.198411658131385,4
urn:mavedb:00000096-b-1#568,,,p.Arg155Met,0.739534982332592,0.623387065048062,4
urn:mavedb:00000096-b-1#569,,,p.Arg155Phe,1.09001558106814,0.128864116994523,4
urn:mavedb:00000096-b-1#570,,,p.Arg155Pro,0.587852730061193,0.206434846147047,8
urn:mavedb:00000096-b-1#571,,,p.Arg155Ser,1.19712438831914,0.527816627584157,12
urn:mavedb:00000096-b-1#572,,,p.Arg155Ter,-0.461470550645897,0.223353326587226,4
urn:mavedb:00000096-b-1#573,,,p.Arg155Thr,0.7831941933375379,0.139073057267522,8
urn:mavedb:00000096-b-1#574,,,p.Arg155Trp,0.826799630074293,0.0655904593649117,4
urn:mavedb:00000096-b-1#575,,,p.Arg155Tyr,1.37035196042885,0.274689291870116,4
urn:mavedb:00000096-b-1#576,,,p.Arg155Val,0.904489231306114,0.172767190012519,8
urn:mavedb:00000096-b-1#577,,,p.Arg186=,0.7834883649220359,0.292988075086572,12
urn:mavedb:00000096-b-1#578,,,p.Arg186Ala,0.9141430833810942,0.4853634624345329,8
urn:mavedb:00000096-b-1#579,,,p.Arg186Asn,0.50382021220689,0.0912483885861806,4
urn:mavedb:00000096-b-1#580,,,p.Arg186Asp,0.7054872082893071,0.188227785225515,4
urn:mavedb:00000096-b-1#581,,,p.Arg186Cys,0.6533687834226739,0.40387040071169,4
urn:mavedb:00000096-b-1#582,,,p.Arg186Gln,1.29841564720723,0.387221938521032,4
urn:mavedb:00000096-b-1#583,,,p.Arg186Glu,1.0361108655341,0.0545834030920363,4
urn:mavedb:00000096-b-1#584,,,p.Arg186Gly,0.890633344998491,0.100989583445014,4
urn:mavedb:00000096-b-1#585,,,p.Arg186His,0.916909593963957,0.3410258066562839,4
urn:mavedb:00000096-b-1#586,,,p.Arg186Ile,0.598318708728361,0.130300086148593,4
urn:mavedb:00000096-b-1#587,,,p.Arg186Leu,0.7966839004820191,0.231719032212419,12
urn:mavedb:00000096-b-1#588,,,p.Arg186Lys,0.9311340561771552,0.0579296153220081,4
urn:mavedb:00000096-b-1#589,,,p.Arg186Met,1.08770361032,0.0839024806253944,4
urn:mavedb:00000096-b-1#590,,,p.Arg186Phe,0.6058948103546961,0.0798775911728344,4
urn:mavedb:00000096-b-1#591,,,p.Arg186Pro,0.549445999368217,0.441006514477159,8
urn:mavedb:00000096-b-1#592,,,p.Arg186Ser,0.7315556062743671,0.333817664279019,12
urn:mavedb:00000096-b-1#593,,,p.Arg186Ter,-0.129330472480206,0.224414006724498,4
urn:mavedb:00000096-b-1#594,,,p.Arg186Thr,0.629123701331004,0.243203888782218,8
urn:mavedb:00000096-b-1#595,,,p.Arg186Trp,0.7033259024808041,0.0875571303136793,4
urn:mavedb:00000096-b-1#596,,,p.Arg186Tyr,0.7757171569966259,0.147597768022159,4
urn:mavedb:00000096-b-1#597,,,p.Arg186Val,0.8503023968480881,0.2066499729168839,8
urn:mavedb:00000096-b-1#598,,,p.Arg191=,0.996563376155202,0.133728940652438,8
urn:mavedb:00000096-b-1#599,,,p.Arg191Ala,0.368956603687303,0.123336926526569,8
urn:mavedb:00000096-b-1#600,,,p.Arg191Asn,0.5953563755643589,0.0944296366140953,4
urn:mavedb:00000096-b-1#601,,,p.Arg191Asp,0.668603012623157,0.441107249553035,4
urn:mavedb:00000096-b-1#602,,,p.Arg191Cys,0.5973160229501421,0.0634153446179439,4
urn:mavedb:00000096-b-1#603,,,p.Arg191Gln,0.5337965332643889,0.1372841033643969,4
urn:mavedb:00000096-b-1#604,,,p.Arg191Glu,0.876673761526696,0.4752946393951819,4
urn:mavedb:00000096-b-1#605,,,p.Arg191Gly,0.586164006279909,0.48658007083542,12
urn:mavedb:00000096-b-1#606,,,p.Arg191His,0.561394093403853,0.106637054145795,4
urn:mavedb:00000096-b-1#607,,,p.Arg191Ile,0.361837197429217,0.103569076522674,4
urn:mavedb:00000096-b-1#608,,,p.Arg191Leu,0.658307692097312,0.2595799591809439,12
urn:mavedb:00000096-b-1#609,,,p.Arg191Lys,0.94328897296163,0.0945420852754336,4
urn:mavedb:00000096-b-1#610,,,p.Arg191Met,1.043966407334,0.5823708040567379,4
urn:mavedb:00000096-b-1#611,,,p.Arg191Phe,0.582812863602805,0.0663426731242833,4
urn:mavedb:00000096-b-1#612,,,p.Arg191Pro,0.17208331097929,0.412785307054612,8
urn:mavedb:00000096-b-1#613,,,p.Arg191Ser,0.388608149532649,0.3924950761905479,8
urn:mavedb:00000096-b-1#614,,,p.Arg191Ter,-0.5573388665929979,0.356126578779694,4
urn:mavedb:00000096-b-1#615,,,p.Arg191Thr,0.557093057617289,0.240609717000512,12
urn:mavedb:00000096-b-1#616,,,p.Arg191Trp,0.261710878559761,0.0947599754283045,4
urn:mavedb:00000096-b-1#617,,,p.Arg191Tyr,0.3279042633178129,0.52337068252911,4
urn:mavedb:00000096-b-1#618,,,p.Arg191Val,0.581662302747111,0.218536498138866,8
urn:mavedb:00000096-b-1#619,,,p.Arg192=,0.8428441106410479,0.2966875964216469,16
urn:mavedb:00000096-b-1#620,,,p.Arg192Ala,0.912832160926351,0.0812109581100559,8
urn:mavedb:00000096-b-1#621,,,p.Arg192Asn,0.510936917062235,0.146798816340015,4
urn:mavedb:00000096-b-1#622,,,p.Arg192Asp,0.3852510265917109,0.628624988637725,4
urn:mavedb:00000096-b-1#623,,,p.Arg192Cys,0.1826253406874239,0.663249230504672,4
urn:mavedb:00000096-b-1#624,,,p.Arg192Gln,0.695296761842279,0.1203119204928969,4
urn:mavedb:00000096-b-1#625,,,p.Arg192Glu,-0.0373528049151682,0.272344979739467,4
urn:mavedb:00000096-b-1#626,,,p.Arg192Gly,0.560779526613436,0.4499814894860039,8
urn:mavedb:00000096-b-1#627,,,p.Arg192His,0.9381985936507892,0.1482905208264169,4
urn:mavedb:00000096-b-1#628,,,p.Arg192Ile,0.978166649404131,0.170532970443518,4
urn:mavedb:00000096-b-1#629,,,p.Arg192Leu,0.7986285564680329,0.2231989989350939,12
urn:mavedb:00000096-b-1#630,,,p.Arg192Lys,0.907201834882516,0.27461403885895,4
urn:mavedb:00000096-b-1#631,,,p.Arg192Met,0.666898778572386,0.439794513851514,4
urn:mavedb:00000096-b-1#632,,,p.Arg192Phe,0.4971899792693139,0.668175174977197,4
urn:mavedb:00000096-b-1#633,,,p.Arg192Pro,0.5156527436538779,0.310587154761016,8
urn:mavedb:00000096-b-1#634,,,p.Arg192Ser,0.5849460277934321,0.339009793964058,8
urn:mavedb:00000096-b-1#635,,,p.Arg192Ter,0.0408752335312961,0.210021713320849,4
urn:mavedb:00000096-b-1#636,,,p.Arg192Thr,0.606066594713177,0.168037408965282,8
urn:mavedb:00000096-b-1#637,,,p.Arg192Trp,0.426945654139191,0.7196665210573091,4
urn:mavedb:00000096-b-1#638,,,p.Arg192Tyr,0.270177170960274,0.233988685821422,4
urn:mavedb:00000096-b-1#639,,,p.Arg192Val,0.951597330054435,0.242634680758974,8
urn:mavedb:00000096-b-1#640,,,p.Arg250=,0.905217179376814,0.26452257223913,12
urn:mavedb:00000096-b-1#641,,,p.Arg250Ala,0.6510545196358549,0.37273858224,8
urn:mavedb:00000096-b-1#642,,,p.Arg250Asn,0.8301315773396529,0.185721918599737,4
urn:mavedb:00000096-b-1#643,,,p.Arg250Asp,-0.144065558548344,0.323544678254621,4
urn:mavedb:00000096-b-1#644,,,p.Arg250Cys,0.193907466067361,0.526001515381274,4
urn:mavedb:00000096-b-1#645,,,p.Arg250Gln,0.8470814060716501,0.492829692040827,4
urn:mavedb:00000096-b-1#646,,,p.Arg250Glu,0.154965239859203,0.35361064937971,4
urn:mavedb:00000096-b-1#647,,,p.Arg250Gly,0.144650865202489,0.296800830694464,8
urn:mavedb:00000096-b-1#648,,,p.Arg250His,0.906992270060771,0.324464298461055,4
urn:mavedb:00000096-b-1#649,,,p.Arg250Ile,0.5931288469841229,0.67897348024886,8
urn:mavedb:00000096-b-1#650,,,p.Arg250Leu,0.979093721150718,0.23368172694459,12
urn:mavedb:00000096-b-1#651,,,p.Arg250Lys,0.8977549363287471,0.487926951639091,4
urn:mavedb:00000096-b-1#652,,,p.Arg250Met,1.12783756976394,0.603420494580146,4
urn:mavedb:00000096-b-1#653,,,p.Arg250Phe,0.850772254545881,0.160928436401211,4
urn:mavedb:00000096-b-1#654,,,p.Arg250Pro,0.97971139940981,0.4675946607818079,4
urn:mavedb:00000096-b-1#655,,,p.Arg250Ser,0.404381505957872,0.169896528664244,8
urn:mavedb:00000096-b-1#656,,,p.Arg250Ter,-0.202639771256761,0.298860731258397,4
urn:mavedb:00000096-b-1#657,,,p.Arg250Thr,0.682129241582235,0.171506771917209,8
urn:mavedb:00000096-b-1#658,,,p.Arg250Trp,0.568659995203573,0.205437476274042,4
urn:mavedb:00000096-b-1#659,,,p.Arg250Tyr,1.27803097830705,0.0960173861413042,4
urn:mavedb:00000096-b-1#660,,,p.Arg250Val,0.703404568757946,0.451191828798699,8
urn:mavedb:00000096-b-1#661,,,p.Arg275=,0.941986113205463,0.294029015635323,12
urn:mavedb:00000096-b-1#662,,,p.Arg275Ala,0.9631759516854592,0.243848112534545,8
urn:mavedb:00000096-b-1#663,,,p.Arg275Asn,0.990953401221277,0.640515301342625,4
urn:mavedb:00000096-b-1#664,,,p.Arg275Asp,1.20956118300295,0.120617717281725,4
urn:mavedb:00000096-b-1#665,,,p.Arg275Cys,0.914701742984478,0.0541611359267828,4
urn:mavedb:00000096-b-1#666,,,p.Arg275Gln,1.21057599876523,0.27300307001502,4
urn:mavedb:00000096-b-1#667,,,p.Arg275Glu,0.7262305579934871,0.0853364202977263,4
urn:mavedb:00000096-b-1#668,,,p.Arg275Gly,0.7247289867750161,0.329831509731111,8
urn:mavedb:00000096-b-1#669,,,p.Arg275His,0.840241592416254,0.393099948346055,4
urn:mavedb:00000096-b-1#670,,,p.Arg275Ile,0.8757036544925959,0.0550363215349955,4
urn:mavedb:00000096-b-1#671,,,p.Arg275Leu,0.8491756074620379,0.133773383497442,8
urn:mavedb:00000096-b-1#672,,,p.Arg275Lys,0.9837619967061948,0.186205734543124,8
urn:mavedb:00000096-b-1#673,,,p.Arg275Met,0.8287092237747601,0.131953250844437,4
urn:mavedb:00000096-b-1#674,,,p.Arg275Phe,0.879142434268261,0.539822761351809,4
urn:mavedb:00000096-b-1#675,,,p.Arg275Pro,0.489052001335704,0.4025296705117689,8
urn:mavedb:00000096-b-1#676,,,p.Arg275Ser,1.08577020454144,0.1693857199022369,12
urn:mavedb:00000096-b-1#677,,,p.Arg275Ter,0.2533554493753749,0.231205602613941,4
urn:mavedb:00000096-b-1#678,,,p.Arg275Thr,0.8214387890253421,0.542303746565617,8
urn:mavedb:00000096-b-1#679,,,p.Arg275Trp,0.338161666404721,0.103687717093306,4
urn:mavedb:00000096-b-1#680,,,p.Arg275Tyr,0.946888088974654,0.0943064297666517,4
urn:mavedb:00000096-b-1#681,,,p.Arg275Val,0.951880344370542,0.262822522673759,8
urn:mavedb:00000096-b-1#682,,,p.Arg303=,0.8477057964136321,0.108884030629511,12
urn:mavedb:00000096-b-1#683,,,p.Arg303Ala,0.26026715680368,0.5197819447370761,8
urn:mavedb:00000096-b-1#684,,,p.Arg303Asn,-0.0239722022167962,0.260739210430766,4
urn:mavedb:00000096-b-1#685,,,p.Arg303Asp,0.0370566516892305,0.576522235806971,4
urn:mavedb:00000096-b-1#686,,,p.Arg303Cys,0.236584854596029,0.378230574195085,4
urn:mavedb:00000096-b-1#687,,,p.Arg303Gln,0.746678871811154,0.267244739168582,4
urn:mavedb:00000096-b-1#688,,,p.Arg303Glu,-0.361881941038091,0.398728203940647,4
urn:mavedb:00000096-b-1#689,,,p.Arg303Gly,-0.141510035859029,0.164406047613161,8
urn:mavedb:00000096-b-1#690,,,p.Arg303His,0.240493588412776,0.1122723942500819,4
urn:mavedb:00000096-b-1#691,,,p.Arg303Ile,0.0905633245428271,0.3288973831969199,4
urn:mavedb:00000096-b-1#692,,,p.Arg303Leu,-0.194149023996932,0.483045456321909,12
urn:mavedb:00000096-b-1#693,,,p.Arg303Lys,0.35918970934678,0.087998685535012,4
urn:mavedb:00000096-b-1#694,,,p.Arg303Met,0.0848443862061175,0.224469794687724,4
urn:mavedb:00000096-b-1#695,,,p.Arg303Phe,0.131671282503104,0.0913200836436409,4
urn:mavedb:00000096-b-1#696,,,p.Arg303Pro,0.393479907842325,0.25333846396667,8
urn:mavedb:00000096-b-1#697,,,p.Arg303Ser,0.222009959087621,0.218464139577725,12
urn:mavedb:00000096-b-1#698,,,p.Arg303Ter,-0.0248596630534514,0.0936011468128013,4
urn:mavedb:00000096-b-1#699,,,p.Arg303Thr,0.0445014779467643,0.3866109233113239,8
urn:mavedb:00000096-b-1#700,,,p.Arg303Trp,0.0228417097677071,0.099238319562056,4
urn:mavedb:00000096-b-1#701,,,p.Arg303Tyr,-0.0064834445948928,0.2151408972389689,4
urn:mavedb:00000096-b-1#702,,,p.Arg303Val,0.23437261429185,0.411593315260284,8
urn:mavedb:00000096-b-1#703,,,p.Arg308=,0.847445460784585,0.0851541795202537,8
urn:mavedb:00000096-b-1#704,,,p.Arg308Ala,0.851242397737885,0.152903170980834,8
urn:mavedb:00000096-b-1#705,,,p.Arg308Asn,0.592539813037607,0.4377528948450639,4
urn:mavedb:00000096-b-1#706,,,p.Arg308Asp,0.605617360714636,0.2119589972921269,4
urn:mavedb:00000096-b-1#707,,,p.Arg308Cys,0.8735031813000681,0.0526240990137801,4
urn:mavedb:00000096-b-1#708,,,p.Arg308Glu,0.7709954672752909,0.2307811184698839,4
urn:mavedb:00000096-b-1#709,,,p.Arg308Gly,0.711428800559897,0.084250064434872,8
urn:mavedb:00000096-b-1#710,,,p.Arg308Ile,0.473240653046412,0.132971810115664,4
urn:mavedb:00000096-b-1#711,,,p.Arg308Leu,0.263597367162923,0.312544177794271,12
urn:mavedb:00000096-b-1#712,,,p.Arg308Lys,0.7250180206246101,0.072727252096167,4
urn:mavedb:00000096-b-1#713,,,p.Arg308Met,0.143101630720269,0.134867249168416,4
urn:mavedb:00000096-b-1#714,,,p.Arg308Phe,0.5156002208479791,0.408633157725591,4
urn:mavedb:00000096-b-1#715,,,p.Arg308Pro,-0.0102051264591923,0.280941869649361,8
urn:mavedb:00000096-b-1#716,,,p.Arg308Ser,0.656871558945821,0.3971686078795829,12
urn:mavedb:00000096-b-1#717,,,p.Arg308Ter,-0.114254628064776,0.284378698032034,4
urn:mavedb:00000096-b-1#718,,,p.Arg308Thr,0.6883258910036129,0.4165773645928149,4
urn:mavedb:00000096-b-1#719,,,p.Arg308Trp,0.320234735493843,0.506984695626195,4
urn:mavedb:00000096-b-1#720,,,p.Arg308Val,0.878805470439125,0.235697603262647,8
urn:mavedb:00000096-b-1#721,,,p.Arg325=,0.8322847492287699,0.1732064151804389,12
urn:mavedb:00000096-b-1#722,,,p.Arg325Ala,1.04523141568476,0.386878001911972,4
urn:mavedb:00000096-b-1#723,,,p.Arg325Asp,0.629523391953033,0.0727517708131042,4
urn:mavedb:00000096-b-1#724,,,p.Arg325Cys,0.8822822950112891,0.110883071029856,4
urn:mavedb:00000096-b-1#725,,,p.Arg325Gln,0.8856298026974209,0.0912808631981999,4
urn:mavedb:00000096-b-1#726,,,p.Arg325Glu,1.03285619776186,0.136943407858381,4
urn:mavedb:00000096-b-1#727,,,p.Arg325Gly,0.9560123490699028,0.209066137189215,12
urn:mavedb:00000096-b-1#728,,,p.Arg325His,1.18623778153631,0.114280755101378,4
urn:mavedb:00000096-b-1#729,,,p.Arg325Ile,1.09130229774426,0.0837961107935388,4
urn:mavedb:00000096-b-1#730,,,p.Arg325Leu,0.995963305693498,0.0687235574221645,8
urn:mavedb:00000096-b-1#731,,,p.Arg325Lys,1.0630581763026898,0.20900345580704,8
urn:mavedb:00000096-b-1#732,,,p.Arg325Met,1.21148916639616,0.138287993183658,4
urn:mavedb:00000096-b-1#733,,,p.Arg325Phe,1.16027987183922,0.113770373030532,4
urn:mavedb:00000096-b-1#734,,,p.Arg325Pro,0.412939087121128,0.309498122316475,8
urn:mavedb:00000096-b-1#735,,,p.Arg325Ser,1.0224893749127,0.179808798756668,12
urn:mavedb:00000096-b-1#736,,,p.Arg325Ter,-0.230167966820398,0.318882516858276,4
urn:mavedb:00000096-b-1#737,,,p.Arg325Thr,0.992980287063692,0.24373213588613,8
urn:mavedb:00000096-b-1#738,,,p.Arg325Trp,0.658622001255366,0.0583384984482667,4
urn:mavedb:00000096-b-1#739,,,p.Arg325Tyr,0.938050599388709,0.0519264450097867,4
urn:mavedb:00000096-b-1#740,,,p.Arg325Val,0.83047291190955,0.182395570963271,8
urn:mavedb:00000096-b-1#741,,,p.Arg327=,0.9552715398062328,0.184986679068431,12
urn:mavedb:00000096-b-1#742,,,p.Arg327Ala,1.08820702341691,0.130073282371696,8
urn:mavedb:00000096-b-1#743,,,p.Arg327Asn,0.999572209522273,0.4305695904809221,4
urn:mavedb:00000096-b-1#744,,,p.Arg327Asp,1.14217830562469,0.155543195268375,4
urn:mavedb:00000096-b-1#745,,,p.Arg327Cys,1.00741859033198,0.152328057544531,4
urn:mavedb:00000096-b-1#746,,,p.Arg327Gln,1.24096523174539,0.405935751275168,4
urn:mavedb:00000096-b-1#747,,,p.Arg327Glu,0.693917465112798,0.0668376447715435,4
urn:mavedb:00000096-b-1#748,,,p.Arg327Gly,0.9696291997963672,0.153601795755535,8
urn:mavedb:00000096-b-1#749,,,p.Arg327His,0.8648629392962142,0.0802796148066331,4
urn:mavedb:00000096-b-1#750,,,p.Arg327Ile,0.983297449877124,0.106621520175744,4
urn:mavedb:00000096-b-1#751,,,p.Arg327Leu,1.06858761407388,0.129060144861671,12
urn:mavedb:00000096-b-1#752,,,p.Arg327Lys,1.1578691031806,0.252170412779919,4
urn:mavedb:00000096-b-1#753,,,p.Arg327Met,0.585604606241009,0.0836363191666701,4
urn:mavedb:00000096-b-1#754,,,p.Arg327Phe,1.00412099925196,0.0437554604712434,4
urn:mavedb:00000096-b-1#755,,,p.Arg327Pro,0.884979622149025,0.18959806649065,8
urn:mavedb:00000096-b-1#756,,,p.Arg327Ser,1.07453195369082,0.253324559142993,12
urn:mavedb:00000096-b-1#757,,,p.Arg327Ter,0.1125316370090339,0.112546138834115,4
urn:mavedb:00000096-b-1#758,,,p.Arg327Thr,1.02488352519292,0.203433266535391,8
urn:mavedb:00000096-b-1#759,,,p.Arg327Trp,0.9533745457382928,0.115525394771022,4
urn:mavedb:00000096-b-1#760,,,p.Arg327Tyr,0.96335320544592,0.306460959849317,4
urn:mavedb:00000096-b-1#761,,,p.Arg327Val,1.05560513821832,0.1116164181345599,8
urn:mavedb:00000096-b-1#762,,,p.Arg333=,1.10949528579146,0.298489509901156,16
urn:mavedb:00000096-b-1#763,,,p.Arg333Ala,0.663820108348931,0.5847506410505849,8
urn:mavedb:00000096-b-1#764,,,p.Arg333Asn,1.1833004093993502,0.446104333968799,4
urn:mavedb:00000096-b-1#765,,,p.Arg333Asp,1.03652880711749,0.253226238817029,4
urn:mavedb:00000096-b-1#766,,,p.Arg333Cys,0.815636285901728,0.556443023283502,4
urn:mavedb:00000096-b-1#767,,,p.Arg333Gln,0.6138591408105201,0.500151475021511,4
urn:mavedb:00000096-b-1#768,,,p.Arg333Glu,0.95893263293728,0.0902599987306904,4
urn:mavedb:00000096-b-1#769,,,p.Arg333Gly,0.860401676129096,0.180108863062253,12
urn:mavedb:00000096-b-1#770,,,p.Arg333His,0.7256282488709341,0.407893423097316,4
urn:mavedb:00000096-b-1#771,,,p.Arg333Ile,0.524024782152205,0.2188398063545319,4
urn:mavedb:00000096-b-1#772,,,p.Arg333Leu,0.7466388154836221,0.23455966528938,12
urn:mavedb:00000096-b-1#773,,,p.Arg333Met,0.96250001150677,0.460491857009047,4
urn:mavedb:00000096-b-1#774,,,p.Arg333Phe,0.626124727900103,0.0828982888262751,4
urn:mavedb:00000096-b-1#775,,,p.Arg333Pro,0.994840224149637,0.2281818424127699,8
urn:mavedb:00000096-b-1#776,,,p.Arg333Ser,0.8281766593706199,0.159796387857464,12
urn:mavedb:00000096-b-1#777,,,p.Arg333Ter,-0.009275428765828,0.168350226508647,4
urn:mavedb:00000096-b-1#778,,,p.Arg333Thr,0.329547838241612,0.189787540456397,8
urn:mavedb:00000096-b-1#779,,,p.Arg333Trp,0.984459001636509,0.0536236276723416,4
urn:mavedb:00000096-b-1#780,,,p.Arg333Tyr,0.755663167425195,0.493906911412429,4
urn:mavedb:00000096-b-1#781,,,p.Arg333Val,0.8132608579604201,0.20324139257236,8
urn:mavedb:00000096-b-1#782,,,p.Arg345=,1.01782664818046,0.187507697018797,16
urn:mavedb:00000096-b-1#783,,,p.Arg345Ala,1.04567197873397,0.0791844159824027,8
urn:mavedb:00000096-b-1#784,,,p.Arg345Asp,1.28297136445445,0.1143365015814,4
urn:mavedb:00000096-b-1#785,,,p.Arg345Cys,1.1020809767088502,0.0705618579688398,4
urn:mavedb:00000096-b-1#786,,,p.Arg345Gln,1.2223872885449498,0.132737701399617,4
urn:mavedb:00000096-b-1#787,,,p.Arg345Glu,0.8836969246633231,0.128353621963862,4
urn:mavedb:00000096-b-1#788,,,p.Arg345Gly,1.00631189227677,0.0897573351460005,8
urn:mavedb:00000096-b-1#789,,,p.Arg345Ile,0.736441680583384,0.2428804490399019,8
urn:mavedb:00000096-b-1#790,,,p.Arg345Leu,0.958957489434121,0.101549970501951,8
urn:mavedb:00000096-b-1#791,,,p.Arg345Lys,0.945354839769933,0.0694140483406496,4
urn:mavedb:00000096-b-1#792,,,p.Arg345Met,0.8864316194012299,0.193964589189987,4
urn:mavedb:00000096-b-1#793,,,p.Arg345Phe,1.00731566254462,0.0763504825231126,4
urn:mavedb:00000096-b-1#794,,,p.Arg345Pro,0.8298810470780971,0.211808042565223,8
urn:mavedb:00000096-b-1#795,,,p.Arg345Ser,0.8625360705377328,0.107201760712589,12
urn:mavedb:00000096-b-1#796,,,p.Arg345Ter,-0.25703521115022,0.379842822811095,4
urn:mavedb:00000096-b-1#797,,,p.Arg345Thr,1.09445012232831,0.2284164021223389,8
urn:mavedb:00000096-b-1#798,,,p.Arg345Trp,0.9712314295404252,0.0431471777043249,4
urn:mavedb:00000096-b-1#799,,,p.Arg345Tyr,1.1457358532933402,0.160765101028667,4
urn:mavedb:00000096-b-1#800,,,p.Arg345Val,1.08747921732035,0.14847813632746,8
urn:mavedb:00000096-b-1#801,,,p.Arg358=,0.9477436396809128,0.213713448810366,16
urn:mavedb:00000096-b-1#802,,,p.Arg358Ala,0.908829331198921,0.170922835617734,8
urn:mavedb:00000096-b-1#803,,,p.Arg358Asn,0.96302662625877,0.3512621187177819,4
urn:mavedb:00000096-b-1#804,,,p.Arg358Asp,0.80191493555226,0.323408612681215,4
urn:mavedb:00000096-b-1#805,,,p.Arg358Gln,1.03493455598073,0.214729745158173,4
urn:mavedb:00000096-b-1#806,,,p.Arg358Glu,1.1358677345911998,0.1967449931740849,4
urn:mavedb:00000096-b-1#807,,,p.Arg358Gly,0.898869430672362,0.1704756717042259,8
urn:mavedb:00000096-b-1#808,,,p.Arg358His,0.7918389878248822,0.149710216856383,4
urn:mavedb:00000096-b-1#809,,,p.Arg358Ile,0.767394529406739,0.304260107602081,4
urn:mavedb:00000096-b-1#810,,,p.Arg358Leu,0.498604687212311,0.338060676317896,12
urn:mavedb:00000096-b-1#811,,,p.Arg358Met,0.8075888390233001,0.1374748574150759,4
urn:mavedb:00000096-b-1#812,,,p.Arg358Phe,0.643680601780099,0.0597915006049656,4
urn:mavedb:00000096-b-1#813,,,p.Arg358Pro,0.384390087536674,0.371183537098071,8
urn:mavedb:00000096-b-1#814,,,p.Arg358Ser,0.959732225020794,0.193527661453585,12
urn:mavedb:00000096-b-1#815,,,p.Arg358Ter,0.300879270318084,0.8094969397413659,8
urn:mavedb:00000096-b-1#816,,,p.Arg358Thr,0.882243398319055,0.365955528590039,8
urn:mavedb:00000096-b-1#817,,,p.Arg358Trp,0.557728319263065,0.134839070080408,4
urn:mavedb:00000096-b-1#818,,,p.Arg358Tyr,0.9536467463622892,0.7565050065007651,4
urn:mavedb:00000096-b-1#819,,,p.Arg358Val,0.9432958141501552,0.20720526239372,8
urn:mavedb:00000096-b-1#820,,,p.Arg35Gly,1.17226250065028,0.139666694935593,4
urn:mavedb:00000096-b-1#821,,,p.Arg35Thr,0.9364127287593892,1.00661850903695,4
urn:mavedb:00000096-b-1#822,,,p.Arg36=,0.7989508966071039,0.129007830929072,12
urn:mavedb:00000096-b-1#823,,,p.Arg368=,0.8837442223664731,0.2016771512484119,12
urn:mavedb:00000096-b-1#824,,,p.Arg368Ala,0.745791175528109,0.0768246949361027,8
urn:mavedb:00000096-b-1#825,,,p.Arg368Asp,0.2516871249038599,0.393712331706445,4
urn:mavedb:00000096-b-1#826,,,p.Arg368Cys,0.9394963185222271,0.0441202119003379,4
urn:mavedb:00000096-b-1#827,,,p.Arg368Gln,0.981715958617574,0.127497903660791,4
urn:mavedb:00000096-b-1#828,,,p.Arg368Glu,0.347945481149166,0.0972708753500701,4
urn:mavedb:00000096-b-1#829,,,p.Arg368Gly,0.780391224541022,0.205702254635381,8
urn:mavedb:00000096-b-1#830,,,p.Arg368His,0.629943531998952,0.259397912457926,4
urn:mavedb:00000096-b-1#831,,,p.Arg368Leu,0.9853031008546792,0.171047422278447,12
urn:mavedb:00000096-b-1#832,,,p.Arg368Lys,0.586939043175198,0.0988883605674955,4
urn:mavedb:00000096-b-1#833,,,p.Arg368Met,1.07601952992902,0.0626487893246289,4
urn:mavedb:00000096-b-1#834,,,p.Arg368Phe,0.8091196119272509,0.0586730186249017,4
urn:mavedb:00000096-b-1#835,,,p.Arg368Pro,0.183160429358126,0.275035178559024,8
urn:mavedb:00000096-b-1#836,,,p.Arg368Ser,0.9224387045343148,0.196346082752264,12
urn:mavedb:00000096-b-1#837,,,p.Arg368Ter,0.152524692274298,0.449065534213745,4
urn:mavedb:00000096-b-1#838,,,p.Arg368Thr,0.9360210301233548,0.6188380776896619,8
urn:mavedb:00000096-b-1#839,,,p.Arg368Trp,0.944080014443125,0.0549376025106008,4
urn:mavedb:00000096-b-1#840,,,p.Arg368Tyr,0.999789037263616,0.0595798780357833,4
urn:mavedb:00000096-b-1#841,,,p.Arg368Val,1.03227611592208,0.1242735183691269,8
urn:mavedb:00000096-b-1#842,,,p.Arg369=,1.02424765484533,0.263068917046189,12
urn:mavedb:00000096-b-1#843,,,p.Arg369Ala,0.8769028840831129,0.11181835667246,8
urn:mavedb:00000096-b-1#844,,,p.Arg369Asn,0.783530576166237,0.44013187103298,4
urn:mavedb:00000096-b-1#845,,,p.Arg369Asp,0.8550291411677471,0.724520928444252,4
urn:mavedb:00000096-b-1#846,,,p.Arg369Cys,0.7333722382019101,0.0846250501332586,4
urn:mavedb:00000096-b-1#847,,,p.Arg369Gln,0.8605103859110941,0.272065764039791,4
urn:mavedb:00000096-b-1#848,,,p.Arg369Glu,0.9066140758127448,0.0810415094503383,4
urn:mavedb:00000096-b-1#849,,,p.Arg369Gly,0.8068811845226759,0.157045003429995,8
urn:mavedb:00000096-b-1#850,,,p.Arg369His,0.567839631435788,0.179979941949599,4
urn:mavedb:00000096-b-1#851,,,p.Arg369Ile,0.41402713577831,0.0630149917595961,4
urn:mavedb:00000096-b-1#852,,,p.Arg369Leu,0.907142256607326,0.115323903822579,12
urn:mavedb:00000096-b-1#853,,,p.Arg369Lys,0.7921663568048571,0.071091821735724,4
urn:mavedb:00000096-b-1#854,,,p.Arg369Met,1.06661466634623,0.194479024564153,4
urn:mavedb:00000096-b-1#855,,,p.Arg369Phe,0.7627218160826351,0.0541214594093142,4
urn:mavedb:00000096-b-1#856,,,p.Arg369Pro,-0.571413688659232,0.467307247726503,8
urn:mavedb:00000096-b-1#857,,,p.Arg369Ser,0.918967077932899,0.263709106919875,12
urn:mavedb:00000096-b-1#858,,,p.Arg369Ter,-0.285509055633332,0.124799367016541,4
urn:mavedb:00000096-b-1#859,,,p.Arg369Thr,0.900209844786854,0.118734311838785,8
urn:mavedb:00000096-b-1#860,,,p.Arg369Trp,0.7291318710289558,0.12154948910473,4
urn:mavedb:00000096-b-1#861,,,p.Arg369Tyr,0.723723259888231,0.057473920308816,4
urn:mavedb:00000096-b-1#862,,,p.Arg369Val,0.7676775043281031,0.1131318532022609,8
urn:mavedb:00000096-b-1#863,,,p.Arg36Ala,0.924066413270578,0.1061246055019269,8
urn:mavedb:00000096-b-1#864,,,p.Arg36Asn,0.933852456041365,0.319493005148912,4
urn:mavedb:00000096-b-1#865,,,p.Arg36Cys,0.7925392936130601,0.146619172190645,4
urn:mavedb:00000096-b-1#866,,,p.Arg36Gln,0.9639217040324392,0.103486655928473,4
urn:mavedb:00000096-b-1#867,,,p.Arg36Glu,0.429796462520526,0.244714199201218,4
urn:mavedb:00000096-b-1#868,,,p.Arg36Gly,0.650761502498843,0.0889793614475016,8
urn:mavedb:00000096-b-1#869,,,p.Arg36His,0.7605625641681659,0.0805960950216696,4
urn:mavedb:00000096-b-1#870,,,p.Arg36Ile,0.73880768506912,0.219456900791504,4
urn:mavedb:00000096-b-1#871,,,p.Arg36Leu,0.680740644563701,0.345911657945425,12
urn:mavedb:00000096-b-1#872,,,p.Arg36Lys,0.7717513917569501,0.115474635469103,4
urn:mavedb:00000096-b-1#873,,,p.Arg36Met,0.587806068837533,0.127286999123299,4
urn:mavedb:00000096-b-1#874,,,p.Arg36Phe,0.894469625962739,0.112546030496437,4
urn:mavedb:00000096-b-1#875,,,p.Arg36Pro,-0.1182932658204419,0.514793119387483,8
urn:mavedb:00000096-b-1#876,,,p.Arg36Ser,0.642901796571319,0.256605505436161,8
urn:mavedb:00000096-b-1#877,,,p.Arg36Ter,-0.199395605704282,0.4227108337033139,4
urn:mavedb:00000096-b-1#878,,,p.Arg36Thr,0.4723056809120139,0.351904572074444,8
urn:mavedb:00000096-b-1#879,,,p.Arg36Tyr,0.7595547028643721,0.150825744539205,4
urn:mavedb:00000096-b-1#880,,,p.Arg36Val,0.8180937852298449,0.241753242346466,8
urn:mavedb:00000096-b-1#881,,,p.Arg377=,0.891112880620783,0.151664216251013,12
urn:mavedb:00000096-b-1#882,,,p.Arg377Ala,-0.485223699758869,0.4334209021929089,8
urn:mavedb:00000096-b-1#883,,,p.Arg377Asn,-0.0088827344806629,0.196289216001168,4
urn:mavedb:00000096-b-1#884,,,p.Arg377Asp,-0.109669924444236,0.160437188324018,4
urn:mavedb:00000096-b-1#885,,,p.Arg377Cys,-0.415937172616984,0.208709432375502,4
urn:mavedb:00000096-b-1#886,,,p.Arg377Gln,-0.0904545699870775,0.220955301524909,4
urn:mavedb:00000096-b-1#887,,,p.Arg377Glu,-0.7522953843093699,0.329121338603475,4
urn:mavedb:00000096-b-1#888,,,p.Arg377Gly,-0.0491709349858418,0.671035833525798,12
urn:mavedb:00000096-b-1#889,,,p.Arg377His,-0.115016340677703,0.14789712300413,4
urn:mavedb:00000096-b-1#890,,,p.Arg377Ile,-0.4576366417494079,0.149670077354394,4
urn:mavedb:00000096-b-1#891,,,p.Arg377Leu,-0.0010890242402829,0.320719574281357,12
urn:mavedb:00000096-b-1#892,,,p.Arg377Lys,0.0646903849103833,0.1234577811183269,4
urn:mavedb:00000096-b-1#893,,,p.Arg377Met,-0.276844669647895,0.367219396551577,4
urn:mavedb:00000096-b-1#894,,,p.Arg377Phe,-0.135419595221903,0.145850216678133,4
urn:mavedb:00000096-b-1#895,,,p.Arg377Pro,-0.322930816980765,0.5305602641209579,8
urn:mavedb:00000096-b-1#896,,,p.Arg377Ser,-0.134797240367917,0.301104011805604,8
urn:mavedb:00000096-b-1#897,,,p.Arg377Ter,0.457180975773456,0.7037115213953209,4
urn:mavedb:00000096-b-1#898,,,p.Arg377Thr,-0.0838290049017317,0.3370033950343339,8
urn:mavedb:00000096-b-1#899,,,p.Arg377Trp,-0.0010780225731832,0.4262672811989149,4
urn:mavedb:00000096-b-1#900,,,p.Arg377Tyr,0.190816223119083,0.0766938619827726,4
urn:mavedb:00000096-b-1#901,,,p.Arg377Val,-0.147146140783705,0.197928878297458,8
urn:mavedb:00000096-b-1#902,,,p.Arg392=,1.03941321161738,0.197018849561546,12
urn:mavedb:00000096-b-1#903,,,p.Arg392Ala,0.328346365491807,0.5649006396358549,8
urn:mavedb:00000096-b-1#904,,,p.Arg392Asn,0.8993097631036401,0.0576313837146816,4
urn:mavedb:00000096-b-1#905,,,p.Arg392Asp,0.6290378949622579,0.831979894234115,4
urn:mavedb:00000096-b-1#906,,,p.Arg392Cys,0.5560630639457421,0.174637330931517,4
urn:mavedb:00000096-b-1#907,,,p.Arg392Gln,1.03082647416246,0.0958387958356483,4
urn:mavedb:00000096-b-1#908,,,p.Arg392Glu,0.1936420664894479,0.2072056332923599,4
urn:mavedb:00000096-b-1#909,,,p.Arg392Gly,0.18992341354515,0.2933041418910599,8
urn:mavedb:00000096-b-1#910,,,p.Arg392His,1.02362678239376,0.380486331791612,4
urn:mavedb:00000096-b-1#911,,,p.Arg392Ile,0.4747676767128239,0.0581838019398396,4
urn:mavedb:00000096-b-1#912,,,p.Arg392Leu,0.663628410553104,0.11797523110755,12
urn:mavedb:00000096-b-1#913,,,p.Arg392Lys,0.7735325525927049,0.17406816079398,4
urn:mavedb:00000096-b-1#914,,,p.Arg392Met,0.610299595200543,0.1774916302533719,4
urn:mavedb:00000096-b-1#915,,,p.Arg392Phe,0.602888002028891,0.114866150866133,4
urn:mavedb:00000096-b-1#916,,,p.Arg392Pro,-0.0510890021729737,0.26175289862892,8
urn:mavedb:00000096-b-1#917,,,p.Arg392Ser,0.3636941822184039,0.322654075910917,12
urn:mavedb:00000096-b-1#918,,,p.Arg392Ter,-0.439150179759028,0.395664527344125,4
urn:mavedb:00000096-b-1#919,,,p.Arg392Thr,0.9781550689853108,0.21123153838429,8
urn:mavedb:00000096-b-1#920,,,p.Arg392Trp,0.6074108390565439,0.0684965437445387,4
urn:mavedb:00000096-b-1#921,,,p.Arg392Tyr,0.5016595910275179,0.587623745305776,4
urn:mavedb:00000096-b-1#922,,,p.Arg392Val,0.353071676140579,0.196514778805296,8
urn:mavedb:00000096-b-1#923,,,p.Arg394=,0.824742126502648,0.158657310640638,12
urn:mavedb:00000096-b-1#924,,,p.Arg394Ala,0.8966835054485358,0.124969013318473,8
urn:mavedb:00000096-b-1#925,,,p.Arg394Asn,0.8439002576966139,0.17738760589592,4
urn:mavedb:00000096-b-1#926,,,p.Arg394Asp,0.6923217821762391,0.277652616294471,4
urn:mavedb:00000096-b-1#927,,,p.Arg394Cys,0.617427836528441,0.04875283428157,4
urn:mavedb:00000096-b-1#928,,,p.Arg394Glu,0.7226691554035641,0.3776583325987779,4
urn:mavedb:00000096-b-1#929,,,p.Arg394Gly,0.847910481027604,0.196632399932181,4
urn:mavedb:00000096-b-1#930,,,p.Arg394His,0.8954279496793041,0.0551982018570087,4
urn:mavedb:00000096-b-1#931,,,p.Arg394Ile,0.4354286511581079,0.0652046887878751,4
urn:mavedb:00000096-b-1#932,,,p.Arg394Leu,0.5423625006987589,0.2921876801260449,12
urn:mavedb:00000096-b-1#933,,,p.Arg394Lys,0.5376325610796189,0.383070347239062,4
urn:mavedb:00000096-b-1#934,,,p.Arg394Met,0.584323274630856,0.0744407231639178,4
urn:mavedb:00000096-b-1#935,,,p.Arg394Phe,0.762475102034859,0.0471809529892381,4
urn:mavedb:00000096-b-1#936,,,p.Arg394Pro,-0.340288214809546,0.446588737425754,8
urn:mavedb:00000096-b-1#937,,,p.Arg394Ser,0.526518675376604,0.185954013191459,8
urn:mavedb:00000096-b-1#938,,,p.Arg394Ter,-0.139111840551078,0.2475202460918589,4
urn:mavedb:00000096-b-1#939,,,p.Arg394Thr,0.307030945553242,0.173844970293573,8
urn:mavedb:00000096-b-1#940,,,p.Arg394Trp,0.3714628263257871,0.0639733834966522,4
urn:mavedb:00000096-b-1#941,,,p.Arg394Val,0.831069523870634,0.0727407875122609,8
urn:mavedb:00000096-b-1#942,,,p.Arg397=,0.8278065510454928,0.450075899517664,16
urn:mavedb:00000096-b-1#943,,,p.Arg397Ala,0.99106642855969,0.6458787836959909,8
urn:mavedb:00000096-b-1#944,,,p.Arg397Asn,1.00575686279295,0.1176744393915219,4
urn:mavedb:00000096-b-1#945,,,p.Arg397Asp,0.569263932175589,0.0787126418671771,4
urn:mavedb:00000096-b-1#946,,,p.Arg397Cys,0.959574008424878,0.0584747649025684,4
urn:mavedb:00000096-b-1#947,,,p.Arg397Gln,-0.381713378728864,0.26751597959407,4
urn:mavedb:00000096-b-1#948,,,p.Arg397Glu,0.7022331093948421,0.4585016609892029,4
urn:mavedb:00000096-b-1#949,,,p.Arg397Gly,0.521355675447478,0.163106941435025,8
urn:mavedb:00000096-b-1#950,,,p.Arg397Ile,0.578260889381124,0.5911376901867471,4
urn:mavedb:00000096-b-1#951,,,p.Arg397Leu,0.197241409677698,0.257426640985773,12
urn:mavedb:00000096-b-1#952,,,p.Arg397Lys,0.909361877436147,0.3650347890266721,4
urn:mavedb:00000096-b-1#953,,,p.Arg397Met,0.6312042756777261,0.378089287752424,4
urn:mavedb:00000096-b-1#954,,,p.Arg397Phe,0.7112159288640691,0.101597495772425,4
urn:mavedb:00000096-b-1#955,,,p.Arg397Pro,0.2229293394803049,0.7229491712830841,8
urn:mavedb:00000096-b-1#956,,,p.Arg397Ser,1.10490501522408,0.24102269050992,4
urn:mavedb:00000096-b-1#957,,,p.Arg397Ter,-0.0061963322105337,0.1335929365864019,4
urn:mavedb:00000096-b-1#958,,,p.Arg397Thr,0.7990862965118359,0.132784412181841,8
urn:mavedb:00000096-b-1#959,,,p.Arg397Trp,0.7213790325846009,0.183175069742226,4
urn:mavedb:00000096-b-1#960,,,p.Arg397Tyr,0.7323330470900041,0.104856309020845,4
urn:mavedb:00000096-b-1#961,,,p.Arg397Val,0.47811244316971,0.284789009438685,8
urn:mavedb:00000096-b-1#962,,,p.Arg403=,0.6760443990011761,0.32670162770537,12
urn:mavedb:00000096-b-1#963,,,p.Arg403Ala,1.00660915604201,0.14722297057901,8
urn:mavedb:00000096-b-1#964,,,p.Arg403Asn,0.751898619666692,0.129906055711767,4
urn:mavedb:00000096-b-1#965,,,p.Arg403Asp,0.7539444712251151,0.0648616637415842,4
urn:mavedb:00000096-b-1#966,,,p.Arg403Cys,1.05008415048997,0.17166053427699,4
urn:mavedb:00000096-b-1#967,,,p.Arg403Gln,1.18097327212394,0.185695219681962,4
urn:mavedb:00000096-b-1#968,,,p.Arg403Glu,0.864619862476468,0.480296656929597,4
urn:mavedb:00000096-b-1#969,,,p.Arg403Gly,0.737738944687477,0.154540814412587,8
urn:mavedb:00000096-b-1#970,,,p.Arg403His,0.618575620590451,0.0740163950754768,4
urn:mavedb:00000096-b-1#971,,,p.Arg403Ile,1.0047130926207,0.169499868639998,4
urn:mavedb:00000096-b-1#972,,,p.Arg403Leu,0.8683780045569789,0.2033354284729779,8
urn:mavedb:00000096-b-1#973,,,p.Arg403Lys,0.83210611615952,0.108726075572988,4
urn:mavedb:00000096-b-1#974,,,p.Arg403Met,0.9260458149417852,0.301714661799431,4
urn:mavedb:00000096-b-1#975,,,p.Arg403Phe,0.7652468333856259,0.103254322694416,4
urn:mavedb:00000096-b-1#976,,,p.Arg403Pro,0.943353693860853,0.186175559130521,8
urn:mavedb:00000096-b-1#977,,,p.Arg403Ser,1.0060952119608,0.12647060725434,8
urn:mavedb:00000096-b-1#978,,,p.Arg403Ter,0.343543326317655,0.507327061394205,4
urn:mavedb:00000096-b-1#979,,,p.Arg403Thr,0.7278851552429592,0.157803656677421,8
urn:mavedb:00000096-b-1#980,,,p.Arg403Trp,0.312178272470442,0.0821859179682677,4
urn:mavedb:00000096-b-1#981,,,p.Arg403Tyr,1.0061880182396998,0.0650114431365359,4
urn:mavedb:00000096-b-1#982,,,p.Arg403Val,0.854400573874703,0.2238078810836669,8
urn:mavedb:00000096-b-1#983,,,p.Arg422=,1.00382114235017,0.154899691511937,12
urn:mavedb:00000096-b-1#984,,,p.Arg422Ala,0.980239229025049,0.231845866084258,8
urn:mavedb:00000096-b-1#985,,,p.Arg422Asn,1.13590819629864,0.166731398217177,4
urn:mavedb:00000096-b-1#986,,,p.Arg422Asp,0.933211815515582,0.0951779458630304,4
urn:mavedb:00000096-b-1#987,,,p.Arg422Gln,0.7039978992852449,0.0725255120145216,4
urn:mavedb:00000096-b-1#988,,,p.Arg422Glu,0.7796804828296229,0.159605228720531,4
urn:mavedb:00000096-b-1#989,,,p.Arg422Gly,0.692722970007332,0.194085322058548,8
urn:mavedb:00000096-b-1#990,,,p.Arg422His,0.617879554689293,0.341789273102657,4
urn:mavedb:00000096-b-1#991,,,p.Arg422Ile,0.8834482607650881,0.050711706025567,4
urn:mavedb:00000096-b-1#992,,,p.Arg422Leu,1.04068239931296,0.133096410947961,12
urn:mavedb:00000096-b-1#993,,,p.Arg422Lys,1.00951754369539,0.0821499428826286,4
urn:mavedb:00000096-b-1#994,,,p.Arg422Met,0.85831759525639,0.0648489027454179,4
urn:mavedb:00000096-b-1#995,,,p.Arg422Phe,0.920470828150015,0.0462388453388144,4
urn:mavedb:00000096-b-1#996,,,p.Arg422Pro,0.959467487868194,0.217512615252797,8
urn:mavedb:00000096-b-1#997,,,p.Arg422Ser,0.896582960743874,0.192411394170301,12
urn:mavedb:00000096-b-1#998,,,p.Arg422Ter,0.206572507365023,0.503762190877747,4
urn:mavedb:00000096-b-1#999,,,p.Arg422Thr,0.9400053667698032,0.193050794200714,8
urn:mavedb:00000096-b-1#1000,,,p.Arg422Trp,0.839679282623884,0.0881261649137151,4
urn:mavedb:00000096-b-1#1001,,,p.Arg422Tyr,1.07465049146988,0.0479361169265075,4
urn:mavedb:00000096-b-1#1002,,,p.Arg422Val,1.13831848569964,0.115395120105625,8
urn:mavedb:00000096-b-1#1003,,,p.Arg428=,0.942746358571983,0.114228317844865,8
urn:mavedb:00000096-b-1#1004,,,p.Arg428Ala,0.823782871119717,0.0910440737007662,8
urn:mavedb:00000096-b-1#1005,,,p.Arg428Asn,0.8988725726217629,0.323422483050435,4
urn:mavedb:00000096-b-1#1006,,,p.Arg428Asp,0.7774443105546859,0.0697282176400221,4
urn:mavedb:00000096-b-1#1007,,,p.Arg428Cys,1.03610831079633,0.0750708840444483,4
urn:mavedb:00000096-b-1#1008,,,p.Arg428Gln,0.895310904095628,0.280660787013085,4
urn:mavedb:00000096-b-1#1009,,,p.Arg428Gly,1.0013635250965,0.163921184622125,8
urn:mavedb:00000096-b-1#1010,,,p.Arg428His,0.82792002383828,0.0655717370058933,4
urn:mavedb:00000096-b-1#1011,,,p.Arg428Ile,0.968219105393956,0.0506761370584698,4
urn:mavedb:00000096-b-1#1012,,,p.Arg428Leu,1.07743416633817,0.0902610552037525,12
urn:mavedb:00000096-b-1#1013,,,p.Arg428Lys,1.11834225610846,0.390075721482725,8
urn:mavedb:00000096-b-1#1014,,,p.Arg428Met,0.848363194638087,0.0486849531300667,4
urn:mavedb:00000096-b-1#1015,,,p.Arg428Phe,0.9843721736181,0.0701756708711858,4
urn:mavedb:00000096-b-1#1016,,,p.Arg428Pro,0.312579797452786,0.600472292815269,8
urn:mavedb:00000096-b-1#1017,,,p.Arg428Ser,0.993865535608266,0.131428324882509,12
urn:mavedb:00000096-b-1#1018,,,p.Arg428Ter,-0.0703903691142288,0.1615691848674859,4
urn:mavedb:00000096-b-1#1019,,,p.Arg428Thr,1.0289941455689,0.2564668112077999,8
urn:mavedb:00000096-b-1#1020,,,p.Arg428Trp,0.794328039883729,0.0711237983112743,4
urn:mavedb:00000096-b-1#1021,,,p.Arg428Tyr,0.8541442962071879,0.524985235223516,4
urn:mavedb:00000096-b-1#1022,,,p.Arg428Val,1.05244580860625,0.1113859415080189,8
urn:mavedb:00000096-b-1#1023,,,p.Arg429=,0.932857280128624,0.110438229792638,12
urn:mavedb:00000096-b-1#1024,,,p.Arg429Ala,1.0504289261368,0.204881792642547,8
urn:mavedb:00000096-b-1#1025,,,p.Arg429Asp,0.980640005184557,0.2790033213301039,4
urn:mavedb:00000096-b-1#1026,,,p.Arg429Cys,1.16429450363297,0.0370249135793065,4
urn:mavedb:00000096-b-1#1027,,,p.Arg429Gln,0.927587097883864,0.0543743247138799,4
urn:mavedb:00000096-b-1#1028,,,p.Arg429Glu,1.00571579196147,0.11597252387297,4
urn:mavedb:00000096-b-1#1029,,,p.Arg429Gly,1.02217861255818,0.189654595037496,8
urn:mavedb:00000096-b-1#1030,,,p.Arg429His,1.03107481755798,0.1821901854180389,4
urn:mavedb:00000096-b-1#1031,,,p.Arg429Ile,0.8932825970401379,0.0821116062012919,4
urn:mavedb:00000096-b-1#1032,,,p.Arg429Leu,1.05003784598369,0.0973784075367619,12
urn:mavedb:00000096-b-1#1033,,,p.Arg429Lys,1.0545998812119302,0.22611233033292,8
urn:mavedb:00000096-b-1#1034,,,p.Arg429Met,1.08461711399783,0.0947959746408402,4
urn:mavedb:00000096-b-1#1035,,,p.Arg429Phe,1.07121584739688,0.0662870767516965,4
urn:mavedb:00000096-b-1#1036,,,p.Arg429Pro,0.7507436892850721,0.080090553966214,4
urn:mavedb:00000096-b-1#1037,,,p.Arg429Ser,1.05106224575103,0.107215189672103,12
urn:mavedb:00000096-b-1#1038,,,p.Arg429Ter,-0.174917617033919,0.169367371187745,4
urn:mavedb:00000096-b-1#1039,,,p.Arg429Thr,0.9413508926261372,0.0585138504780948,4
urn:mavedb:00000096-b-1#1040,,,p.Arg429Trp,0.6816325454902551,0.0502939856111126,4
urn:mavedb:00000096-b-1#1041,,,p.Arg429Tyr,0.893349878383231,0.0477570971957116,4
urn:mavedb:00000096-b-1#1042,,,p.Arg429Val,0.836000565830213,0.226974618855082,8
urn:mavedb:00000096-b-1#1043,,,p.Arg43=,1.05989897506382,0.202996302380636,12
urn:mavedb:00000096-b-1#1044,,,p.Arg43Ala,0.7722230642905809,0.301697703797646,8
urn:mavedb:00000096-b-1#1045,,,p.Arg43Asn,0.90715356411177,0.0929916369295578,4
urn:mavedb:00000096-b-1#1046,,,p.Arg43Asp,0.624824850180577,0.195460239857525,4
urn:mavedb:00000096-b-1#1047,,,p.Arg43Cys,1.06197337199993,0.1537040409401499,4
urn:mavedb:00000096-b-1#1048,,,p.Arg43Glu,0.940764834883536,0.737644335880989,4
urn:mavedb:00000096-b-1#1049,,,p.Arg43Gly,0.5690323668507529,0.3690824660869249,8
urn:mavedb:00000096-b-1#1050,,,p.Arg43His,0.48155798955372,0.3109323180350349,4
urn:mavedb:00000096-b-1#1051,,,p.Arg43Ile,0.7052281567298091,0.1162127762467119,4
urn:mavedb:00000096-b-1#1052,,,p.Arg43Leu,1.14838713272824,0.182468564695241,12
urn:mavedb:00000096-b-1#1053,,,p.Arg43Lys,1.22534537265087,0.0652437968997645,4
urn:mavedb:00000096-b-1#1054,,,p.Arg43Met,0.943362862281272,0.779254498585143,4
urn:mavedb:00000096-b-1#1055,,,p.Arg43Phe,0.944610179968489,0.0867147464480457,4
urn:mavedb:00000096-b-1#1056,,,p.Arg43Pro,0.129575771536999,0.533836586506146,8
urn:mavedb:00000096-b-1#1057,,,p.Arg43Ser,0.924171393493222,0.442601361539909,12
urn:mavedb:00000096-b-1#1058,,,p.Arg43Ter,-0.241831815044993,0.214287625087952,4
urn:mavedb:00000096-b-1#1059,,,p.Arg43Thr,0.4217523620741529,0.158819499668504,8
urn:mavedb:00000096-b-1#1060,,,p.Arg43Trp,0.3242121131217619,0.402986571487836,4
urn:mavedb:00000096-b-1#1061,,,p.Arg43Tyr,0.4291259388153379,0.155940131179118,4
urn:mavedb:00000096-b-1#1062,,,p.Arg43Val,0.8127860628809258,0.248444061317616,8
urn:mavedb:00000096-b-1#1063,,,p.Arg447=,0.999227120219932,0.120389773744779,8
urn:mavedb:00000096-b-1#1064,,,p.Arg447Ala,1.09753076559222,0.12379069320907,8
urn:mavedb:00000096-b-1#1065,,,p.Arg447Asn,0.900710542104963,0.0600458999452772,4
urn:mavedb:00000096-b-1#1066,,,p.Arg447Asp,0.8328206411934531,0.1814043997845729,4
urn:mavedb:00000096-b-1#1067,,,p.Arg447Cys,0.9199602327925592,0.0702774170529648,4
urn:mavedb:00000096-b-1#1068,,,p.Arg447Gln,1.03044033939542,0.0544501066867085,4
urn:mavedb:00000096-b-1#1069,,,p.Arg447Glu,1.0373551151765998,0.0812942799300108,4
urn:mavedb:00000096-b-1#1070,,,p.Arg447Gly,0.947505508768448,0.12590302864283,8
urn:mavedb:00000096-b-1#1071,,,p.Arg447His,1.04184583763369,0.0501757916125597,4
urn:mavedb:00000096-b-1#1072,,,p.Arg447Ile,0.8220146242632371,0.317582890737547,4
urn:mavedb:00000096-b-1#1073,,,p.Arg447Leu,1.15649361517022,0.0378705376008154,8
urn:mavedb:00000096-b-1#1074,,,p.Arg447Lys,0.995587093190969,0.123238913480599,4
urn:mavedb:00000096-b-1#1075,,,p.Arg447Met,0.960412916935626,0.0520736525237181,4
urn:mavedb:00000096-b-1#1076,,,p.Arg447Phe,1.00026477477053,0.0421231395324386,4
urn:mavedb:00000096-b-1#1077,,,p.Arg447Pro,1.02335109502048,0.051160031191212,4
urn:mavedb:00000096-b-1#1078,,,p.Arg447Ser,0.992132695052652,0.0749975578688552,12
urn:mavedb:00000096-b-1#1079,,,p.Arg447Ter,0.248317238844648,0.536372037202446,4
urn:mavedb:00000096-b-1#1080,,,p.Arg447Thr,1.00736010180272,0.160692122843347,8
urn:mavedb:00000096-b-1#1081,,,p.Arg447Trp,0.9658552652544028,0.0403927206788729,4
urn:mavedb:00000096-b-1#1082,,,p.Arg447Tyr,0.9011139603597108,0.0825150234224409,4
urn:mavedb:00000096-b-1#1083,,,p.Arg447Val,1.17583559759593,0.0514580866231764,8
urn:mavedb:00000096-b-1#1084,,,p.Arg46=,0.738241419529674,0.365190088042423,16
urn:mavedb:00000096-b-1#1085,,,p.Arg46Ala,1.11816871899795,0.106891034970955,8
urn:mavedb:00000096-b-1#1086,,,p.Arg46Asn,0.724935230117979,0.118688053177856,4
urn:mavedb:00000096-b-1#1087,,,p.Arg46Asp,0.784207301060772,0.074380585384714,4
urn:mavedb:00000096-b-1#1088,,,p.Arg46Cys,0.823596706742444,0.3675286516801049,4
urn:mavedb:00000096-b-1#1089,,,p.Arg46Gln,0.6707422355621079,0.380073159405725,4
urn:mavedb:00000096-b-1#1090,,,p.Arg46Glu,0.741590780311712,0.124238824809066,4
urn:mavedb:00000096-b-1#1091,,,p.Arg46Gly,1.02275259375954,0.171332125319621,12
urn:mavedb:00000096-b-1#1092,,,p.Arg46His,0.7293784406455369,0.335583340438496,4
urn:mavedb:00000096-b-1#1093,,,p.Arg46Ile,0.556614051221126,0.7685917219640469,4
urn:mavedb:00000096-b-1#1094,,,p.Arg46Leu,0.7980444932167942,0.194810382075747,12
urn:mavedb:00000096-b-1#1095,,,p.Arg46Lys,0.7879795669417529,0.6762510070281971,4
urn:mavedb:00000096-b-1#1096,,,p.Arg46Met,1.11774842257056,0.974088572811979,4
urn:mavedb:00000096-b-1#1097,,,p.Arg46Phe,0.60172570307379,0.0807740703964421,4
urn:mavedb:00000096-b-1#1098,,,p.Arg46Pro,-0.0275672305042454,0.4198645092841009,8
urn:mavedb:00000096-b-1#1099,,,p.Arg46Ser,0.962991362206645,0.265071358139992,12
urn:mavedb:00000096-b-1#1100,,,p.Arg46Ter,0.106237512169835,0.1136603063337109,4
urn:mavedb:00000096-b-1#1101,,,p.Arg46Thr,0.8177558795159692,0.259458051955295,8
urn:mavedb:00000096-b-1#1102,,,p.Arg46Trp,-0.0579545052126357,0.1247369098915039,4
urn:mavedb:00000096-b-1#1103,,,p.Arg46Tyr,0.495841225610943,0.175249358320932,4
urn:mavedb:00000096-b-1#1104,,,p.Arg46Val,0.573850659598213,0.107870955035428,8
urn:mavedb:00000096-b-1#1105,,,p.Arg5=,1.00679615184788,0.236544986353844,12
urn:mavedb:00000096-b-1#1106,,,p.Arg5Ala,1.15411883115156,0.148267450521534,8
urn:mavedb:00000096-b-1#1107,,,p.Arg5Asn,0.824914692776246,0.8163199754500658,4
urn:mavedb:00000096-b-1#1108,,,p.Arg5Asp,1.02730294272583,0.274291850866494,4
urn:mavedb:00000096-b-1#1109,,,p.Arg5Cys,1.1227460447948898,0.0529815946507656,4
urn:mavedb:00000096-b-1#1110,,,p.Arg5Gln,1.28412006552544,0.0692170427400846,4
urn:mavedb:00000096-b-1#1111,,,p.Arg5Glu,1.1022209565636398,0.1851889022071569,4
urn:mavedb:00000096-b-1#1112,,,p.Arg5Gly,1.02047700648574,0.254053050245027,12
urn:mavedb:00000096-b-1#1113,,,p.Arg5His,1.05583141505479,0.0798180590960556,4
urn:mavedb:00000096-b-1#1114,,,p.Arg5Ile,1.05965368569465,0.08341912847614,4
urn:mavedb:00000096-b-1#1115,,,p.Arg5Leu,0.910673537916323,0.193714703901603,12
urn:mavedb:00000096-b-1#1116,,,p.Arg5Lys,0.6781403261905539,0.1029308400044319,4
urn:mavedb:00000096-b-1#1117,,,p.Arg5Met,0.9186169417225428,0.152476366415236,4
urn:mavedb:00000096-b-1#1118,,,p.Arg5Phe,0.711119671315672,0.113500011571746,4
urn:mavedb:00000096-b-1#1119,,,p.Arg5Pro,0.8794136090607192,0.209143145176788,8
urn:mavedb:00000096-b-1#1120,,,p.Arg5Ser,1.02232477724148,0.318411127889515,12
urn:mavedb:00000096-b-1#1121,,,p.Arg5Ter,-0.360465510420344,0.165356026942441,4
urn:mavedb:00000096-b-1#1122,,,p.Arg5Thr,1.05153292725231,0.299325822413438,8
urn:mavedb:00000096-b-1#1123,,,p.Arg5Trp,0.5370184385102,0.601447062889121,4
urn:mavedb:00000096-b-1#1124,,,p.Arg5Tyr,0.8134953243622058,0.0709260756101701,4
urn:mavedb:00000096-b-1#1125,,,p.Arg5Val,1.08474653236416,0.2848457698173811,8
urn:mavedb:00000096-b-1#1126,,,p.Arg63=,0.976970317993822,0.260608508660815,8
urn:mavedb:00000096-b-1#1127,,,p.Arg63Ala,1.0443373439510202,0.2098407648626289,8
urn:mavedb:00000096-b-1#1128,,,p.Arg63Asn,0.970517048664438,0.141351350680306,4
urn:mavedb:00000096-b-1#1129,,,p.Arg63Asp,0.78851478618664,0.9156818756791372,4
urn:mavedb:00000096-b-1#1130,,,p.Arg63Cys,1.0966063062857,0.0597805562403376,4
urn:mavedb:00000096-b-1#1131,,,p.Arg63Gln,0.335991898049361,0.1268223393069369,4
urn:mavedb:00000096-b-1#1132,,,p.Arg63Glu,1.05833584802419,0.7832110308471608,4
urn:mavedb:00000096-b-1#1133,,,p.Arg63Gly,0.892368512271782,0.120390517357968,8
urn:mavedb:00000096-b-1#1134,,,p.Arg63His,0.805850983606992,0.707291806062438,4
urn:mavedb:00000096-b-1#1135,,,p.Arg63Ile,0.815529113007302,0.0737284012320046,4
urn:mavedb:00000096-b-1#1136,,,p.Arg63Leu,0.8666769738298421,0.146330728350428,12
urn:mavedb:00000096-b-1#1137,,,p.Arg63Lys,0.8735483395416209,0.652047718201079,4
urn:mavedb:00000096-b-1#1138,,,p.Arg63Met,0.888220203076071,0.250123020954295,4
urn:mavedb:00000096-b-1#1139,,,p.Arg63Phe,0.97080959430903,0.0487560864031128,4
urn:mavedb:00000096-b-1#1140,,,p.Arg63Pro,-0.0477254501767252,0.558228856834437,8
urn:mavedb:00000096-b-1#1141,,,p.Arg63Ser,1.07257346556977,0.196970798075855,12
urn:mavedb:00000096-b-1#1142,,,p.Arg63Ter,-0.141850740020021,0.611087279322178,4
urn:mavedb:00000096-b-1#1143,,,p.Arg63Thr,0.866497828158838,0.4381781640045259,8
urn:mavedb:00000096-b-1#1144,,,p.Arg63Trp,0.6458660851717529,0.665567832521556,4
urn:mavedb:00000096-b-1#1145,,,p.Arg63Tyr,0.9592266386511228,0.6667922226931761,4
urn:mavedb:00000096-b-1#1146,,,p.Arg63Val,0.8561202243282611,0.0823616833062298,8
urn:mavedb:00000096-b-1#1147,,,p.Arg7=,0.983042282234819,0.218503504588911,12
urn:mavedb:00000096-b-1#1148,,,p.Arg7Ala,0.868647725030687,0.19518563156741,8
urn:mavedb:00000096-b-1#1149,,,p.Arg7Asn,1.31878071294002,0.103421445546749,4
urn:mavedb:00000096-b-1#1150,,,p.Arg7Asp,1.0091986604439,0.0532340564724646,4
urn:mavedb:00000096-b-1#1151,,,p.Arg7Cys,0.962252466801936,0.1040779034709709,4
urn:mavedb:00000096-b-1#1152,,,p.Arg7Gln,0.9210880725142272,0.0907938402695801,4
urn:mavedb:00000096-b-1#1153,,,p.Arg7Glu,1.2238082738516,0.264524069792635,4
urn:mavedb:00000096-b-1#1154,,,p.Arg7Gly,1.05795952720556,0.124967292307106,8
urn:mavedb:00000096-b-1#1155,,,p.Arg7Ile,1.0802191052404,0.0611119021573488,4
urn:mavedb:00000096-b-1#1156,,,p.Arg7Leu,0.793351554391736,0.111586959818492,12
urn:mavedb:00000096-b-1#1157,,,p.Arg7Lys,1.19120271811394,0.132947876278663,4
urn:mavedb:00000096-b-1#1158,,,p.Arg7Met,1.31713006430811,0.20549466442364,4
urn:mavedb:00000096-b-1#1159,,,p.Arg7Phe,1.15024623939964,0.149963349880156,4
urn:mavedb:00000096-b-1#1160,,,p.Arg7Pro,1.07858847912355,0.263038178023889,8
urn:mavedb:00000096-b-1#1161,,,p.Arg7Ser,0.932425155127666,0.203075837241888,12
urn:mavedb:00000096-b-1#1162,,,p.Arg7Ter,-0.213401575417045,0.1540026151762409,4
urn:mavedb:00000096-b-1#1163,,,p.Arg7Thr,1.1214437366482,0.108358370948089,8
urn:mavedb:00000096-b-1#1164,,,p.Arg7Trp,0.7945207118795401,0.0859269377888314,4
urn:mavedb:00000096-b-1#1165,,,p.Arg7Tyr,1.06214356125694,0.0483840471368708,4
urn:mavedb:00000096-b-1#1166,,,p.Arg7Val,1.11307449417562,0.0959013766526057,8
urn:mavedb:00000096-b-1#1167,,,p.Arg85=,0.8553768326852059,0.3430426173985549,12
urn:mavedb:00000096-b-1#1168,,,p.Arg85Ala,1.03024700850423,0.166715466341746,8
urn:mavedb:00000096-b-1#1169,,,p.Arg85Asn,1.15754269609312,0.065689023776255,4
urn:mavedb:00000096-b-1#1170,,,p.Arg85Asp,1.16896941382692,0.1721329480022169,4
urn:mavedb:00000096-b-1#1171,,,p.Arg85Cys,0.629017164516876,0.20703012101104,4
urn:mavedb:00000096-b-1#1172,,,p.Arg85Gln,1.06648133774658,0.0649880018508563,4
urn:mavedb:00000096-b-1#1173,,,p.Arg85Glu,0.9809366333851,0.3305045027445339,4
urn:mavedb:00000096-b-1#1174,,,p.Arg85Gly,1.12808095678454,0.279260922500298,12
urn:mavedb:00000096-b-1#1175,,,p.Arg85His,1.02021214885945,0.0784049839242603,4
urn:mavedb:00000096-b-1#1176,,,p.Arg85Ile,0.9067500082016658,0.0531383692131116,4
urn:mavedb:00000096-b-1#1177,,,p.Arg85Leu,0.948661999436932,0.209474957164191,12
urn:mavedb:00000096-b-1#1178,,,p.Arg85Lys,1.03144670494197,0.74014477356749,4
urn:mavedb:00000096-b-1#1179,,,p.Arg85Met,1.05718728068915,0.0710486857924888,4
urn:mavedb:00000096-b-1#1180,,,p.Arg85Phe,0.844689890263045,0.141392966701399,4
urn:mavedb:00000096-b-1#1181,,,p.Arg85Pro,0.574660780326675,0.232731414446892,8
urn:mavedb:00000096-b-1#1182,,,p.Arg85Ser,1.06146026370277,0.3116801958610269,16
urn:mavedb:00000096-b-1#1183,,,p.Arg85Ter,-0.146611124892465,0.117137993768111,4
urn:mavedb:00000096-b-1#1184,,,p.Arg85Thr,1.05794926310626,0.233381768208428,8
urn:mavedb:00000096-b-1#1185,,,p.Arg85Trp,0.731635860632097,0.172313540359857,4
urn:mavedb:00000096-b-1#1186,,,p.Arg85Tyr,1.16055022474701,0.408716156565293,4
urn:mavedb:00000096-b-1#1187,,,p.Arg85Val,1.04327101120494,0.0912643692333766,8
urn:mavedb:00000096-b-1#1188,,,p.Asn166=,1.06247156678416,0.0721706821630283,4
urn:mavedb:00000096-b-1#1189,,,p.Asn166Ala,0.9806512741919442,0.0654422827203229,8
urn:mavedb:00000096-b-1#1190,,,p.Asn166Arg,1.17473579472168,0.121273359497049,12
urn:mavedb:00000096-b-1#1191,,,p.Asn166Asp,1.0751737829246,0.191200869663286,8
urn:mavedb:00000096-b-1#1192,,,p.Asn166Gln,0.82220794831444,0.119894432893178,4
urn:mavedb:00000096-b-1#1193,,,p.Asn166Glu,0.991599817296966,0.224439183230815,4
urn:mavedb:00000096-b-1#1194,,,p.Asn166Gly,1.10348120621051,0.154451835906123,8
urn:mavedb:00000096-b-1#1195,,,p.Asn166His,1.19367686563585,0.280402053641569,8
urn:mavedb:00000096-b-1#1196,,,p.Asn166Leu,0.846485630947081,0.1665282904278389,12
urn:mavedb:00000096-b-1#1197,,,p.Asn166Lys,1.11229954619698,0.149838676305122,4
urn:mavedb:00000096-b-1#1198,,,p.Asn166Met,0.7540501438242909,0.0531598145304953,4
urn:mavedb:00000096-b-1#1199,,,p.Asn166Phe,0.950312571017745,0.122995070641068,4
urn:mavedb:00000096-b-1#1200,,,p.Asn166Pro,0.918082870198596,0.2096565672343469,8
urn:mavedb:00000096-b-1#1201,,,p.Asn166Ser,0.872039783229655,0.1499938625595289,12
urn:mavedb:00000096-b-1#1202,,,p.Asn166Ter,0.167535053049515,0.111545029629523,4
urn:mavedb:00000096-b-1#1203,,,p.Asn166Thr,0.9604740492145502,0.267264891891975,8
urn:mavedb:00000096-b-1#1204,,,p.Asn166Trp,0.7667373233664921,0.239576674629993,4
urn:mavedb:00000096-b-1#1205,,,p.Asn166Tyr,0.959562775715152,0.0556151997835999,4
urn:mavedb:00000096-b-1#1206,,,p.Asn166Val,0.618496480139713,0.120486008638363,8
urn:mavedb:00000096-b-1#1207,,,p.Asn179Ala,1.00383676146005,0.108404687469748,4
urn:mavedb:00000096-b-1#1208,,,p.Asn179Arg,1.00568178490267,0.154373671640475,12
urn:mavedb:00000096-b-1#1209,,,p.Asn179Asp,0.951348959842478,0.173795927093767,4
urn:mavedb:00000096-b-1#1210,,,p.Asn179Cys,1.11437621984219,0.0430054349477133,4
urn:mavedb:00000096-b-1#1211,,,p.Asn179Gln,1.0198870711081,0.305873608955521,4
urn:mavedb:00000096-b-1#1212,,,p.Asn179Glu,0.93255443519953,0.0856415809082378,4
urn:mavedb:00000096-b-1#1213,,,p.Asn179Gly,0.965142349293216,0.1320294394162219,8
urn:mavedb:00000096-b-1#1214,,,p.Asn179His,0.965520607746448,0.0568437317229141,4
urn:mavedb:00000096-b-1#1215,,,p.Asn179Ile,1.06299653321537,0.144245682623085,4
urn:mavedb:00000096-b-1#1216,,,p.Asn179Leu,1.05065240185871,0.139637199353705,12
urn:mavedb:00000096-b-1#1217,,,p.Asn179Lys,1.03124499798226,0.0532968720498995,4
urn:mavedb:00000096-b-1#1218,,,p.Asn179Phe,1.05878647393314,0.0985707972628356,4
urn:mavedb:00000096-b-1#1219,,,p.Asn179Pro,0.977585392172184,0.0863293222032825,8
urn:mavedb:00000096-b-1#1220,,,p.Asn179Ser,0.969630600108866,0.198577856613892,12
urn:mavedb:00000096-b-1#1221,,,p.Asn179Ter,0.149564919481162,0.107465884612924,4
urn:mavedb:00000096-b-1#1222,,,p.Asn179Thr,0.9562990369406228,0.0844573821281299,4
urn:mavedb:00000096-b-1#1223,,,p.Asn179Trp,1.08912657043927,0.0414200540646264,4
urn:mavedb:00000096-b-1#1224,,,p.Asn179Tyr,1.1351472869956798,0.0640613481881355,4
urn:mavedb:00000096-b-1#1225,,,p.Asn179Val,1.10241672124374,0.167082087598408,8
urn:mavedb:00000096-b-1#1226,,,p.Asn180Ala,0.9351249091032192,0.0656518963161426,8
urn:mavedb:00000096-b-1#1227,,,p.Asn180Arg,1.18518736733389,0.175731009325333,12
urn:mavedb:00000096-b-1#1228,,,p.Asn180Asp,1.25096362453599,0.184692554141875,4
urn:mavedb:00000096-b-1#1229,,,p.Asn180Cys,1.1281423177575,0.157798887656811,4
urn:mavedb:00000096-b-1#1230,,,p.Asn180Gln,0.501844638198201,0.11177577715494,4
urn:mavedb:00000096-b-1#1231,,,p.Asn180Glu,1.11313931307414,0.0551106820137768,4
urn:mavedb:00000096-b-1#1232,,,p.Asn180Gly,0.8685140159608521,0.0800125188554403,8
urn:mavedb:00000096-b-1#1233,,,p.Asn180His,0.792604995574034,0.244176304595053,4
urn:mavedb:00000096-b-1#1234,,,p.Asn180Leu,0.906217423101264,0.286593649696693,12
urn:mavedb:00000096-b-1#1235,,,p.Asn180Lys,0.879039777718575,0.210760545429737,4
urn:mavedb:00000096-b-1#1236,,,p.Asn180Met,0.3493818739840629,0.1313705389283199,4
urn:mavedb:00000096-b-1#1237,,,p.Asn180Phe,0.943610638286871,0.166682632230808,4
urn:mavedb:00000096-b-1#1238,,,p.Asn180Pro,0.9788519514839068,0.0956163413853538,8
urn:mavedb:00000096-b-1#1239,,,p.Asn180Ser,0.953497559069732,0.0875103713478169,12
urn:mavedb:00000096-b-1#1240,,,p.Asn180Ter,-0.167160979176539,0.23437677770091,4
urn:mavedb:00000096-b-1#1241,,,p.Asn180Thr,0.8980083390578629,0.2029739550812279,8
urn:mavedb:00000096-b-1#1242,,,p.Asn180Tyr,0.967910643489479,0.122079665248083,4
urn:mavedb:00000096-b-1#1243,,,p.Asn180Val,0.91652161854869,0.0886434437747488,8
urn:mavedb:00000096-b-1#1244,,,p.Asn204=,0.7138731297501808,0.299661947675242,4
urn:mavedb:00000096-b-1#1245,,,p.Asn204Ala,0.587118821552774,0.378849834927886,8
urn:mavedb:00000096-b-1#1246,,,p.Asn204Arg,0.750033651614306,0.14519420229819,12
urn:mavedb:00000096-b-1#1247,,,p.Asn204Asp,0.8926543490720709,0.174157030172538,4
urn:mavedb:00000096-b-1#1248,,,p.Asn204Cys,0.94801669377712,0.47886982202058,4
urn:mavedb:00000096-b-1#1249,,,p.Asn204Gln,0.861213884765057,0.3788354048236079,4
urn:mavedb:00000096-b-1#1250,,,p.Asn204Glu,0.789950646880577,0.3282287061734559,4
urn:mavedb:00000096-b-1#1251,,,p.Asn204Gly,0.762712360834174,0.145428547799313,8
urn:mavedb:00000096-b-1#1252,,,p.Asn204His,1.10187130297019,0.434091600801451,4
urn:mavedb:00000096-b-1#1253,,,p.Asn204Ile,0.424696099502051,0.105093071296514,4
urn:mavedb:00000096-b-1#1254,,,p.Asn204Leu,0.7775869386169499,0.256028745588328,12
urn:mavedb:00000096-b-1#1255,,,p.Asn204Lys,0.194135642875578,0.787694682521389,4
urn:mavedb:00000096-b-1#1256,,,p.Asn204Met,0.612582808374964,0.0999423305778483,4
urn:mavedb:00000096-b-1#1257,,,p.Asn204Phe,0.6995882648610029,0.5912528530177261,4
urn:mavedb:00000096-b-1#1258,,,p.Asn204Pro,0.7653310726385141,0.341603678601563,8
urn:mavedb:00000096-b-1#1259,,,p.Asn204Ser,0.870286175202096,0.203792852212844,12
urn:mavedb:00000096-b-1#1260,,,p.Asn204Ter,0.195301428896915,0.150840754021899,4
urn:mavedb:00000096-b-1#1261,,,p.Asn204Thr,0.685906201981394,0.486677216393802,8
urn:mavedb:00000096-b-1#1262,,,p.Asn204Trp,0.8523897173087199,0.0646284082040619,4
urn:mavedb:00000096-b-1#1263,,,p.Asn204Tyr,0.386960566424927,0.110545528316639,4
urn:mavedb:00000096-b-1#1264,,,p.Asn204Val,0.580123683948277,0.50318106604396,8
urn:mavedb:00000096-b-1#1265,,,p.Asn231=,0.8455319018606401,0.239862962627903,4
urn:mavedb:00000096-b-1#1266,,,p.Asn231Ala,0.965999758713472,0.191300903313788,8
urn:mavedb:00000096-b-1#1267,,,p.Asn231Arg,0.627049642056375,0.2569511487101569,12
urn:mavedb:00000096-b-1#1268,,,p.Asn231Asp,0.8985777465451691,0.180776512487004,8
urn:mavedb:00000096-b-1#1269,,,p.Asn231Cys,0.702893240745202,0.0786367977245909,4
urn:mavedb:00000096-b-1#1270,,,p.Asn231Gln,0.873407062529758,0.0955518896569724,4
urn:mavedb:00000096-b-1#1271,,,p.Asn231Glu,0.826226608254713,0.6630869414724739,4
urn:mavedb:00000096-b-1#1272,,,p.Asn231Gly,0.762147055102403,0.0497649599062633,4
urn:mavedb:00000096-b-1#1273,,,p.Asn231His,1.1596784007623402,0.5348214997509939,4
urn:mavedb:00000096-b-1#1274,,,p.Asn231Ile,0.777589545473102,0.758455242178213,8
urn:mavedb:00000096-b-1#1275,,,p.Asn231Leu,0.380857421759872,0.2612270221062139,12
urn:mavedb:00000096-b-1#1276,,,p.Asn231Lys,0.7004610770764891,0.6660441349642839,4
urn:mavedb:00000096-b-1#1277,,,p.Asn231Met,0.371341674488881,0.485203767256453,4
urn:mavedb:00000096-b-1#1278,,,p.Asn231Phe,0.30183695761512,0.334716098446581,4
urn:mavedb:00000096-b-1#1279,,,p.Asn231Pro,0.436428535919935,0.190581001069596,8
urn:mavedb:00000096-b-1#1280,,,p.Asn231Ser,0.993910364709133,0.215458905902785,16
urn:mavedb:00000096-b-1#1281,,,p.Asn231Ter,0.0282071195524215,0.169753303327311,4
urn:mavedb:00000096-b-1#1282,,,p.Asn231Thr,0.975181528930628,0.295945947852002,12
urn:mavedb:00000096-b-1#1283,,,p.Asn231Trp,0.386904684916683,0.0727521758802146,4
urn:mavedb:00000096-b-1#1284,,,p.Asn231Tyr,0.8257975760248589,0.184776752963052,4
urn:mavedb:00000096-b-1#1285,,,p.Asn231Val,0.802256727385236,0.2283220462174789,8
urn:mavedb:00000096-b-1#1286,,,p.Asn240=,1.25607334171645,0.302961953262625,4
urn:mavedb:00000096-b-1#1287,,,p.Asn240Ala,0.8307480888530371,0.129545449054857,8
urn:mavedb:00000096-b-1#1288,,,p.Asn240Arg,0.736980434362279,0.180214449097573,12
urn:mavedb:00000096-b-1#1289,,,p.Asn240Asp,1.07355001075653,0.6096568228651149,4
urn:mavedb:00000096-b-1#1290,,,p.Asn240Cys,0.831850149921468,0.059466966432802,4
urn:mavedb:00000096-b-1#1291,,,p.Asn240Gln,0.61811959846054,0.0745710759914441,4
urn:mavedb:00000096-b-1#1292,,,p.Asn240Glu,0.985204334544652,0.121008589420819,4
urn:mavedb:00000096-b-1#1293,,,p.Asn240Gly,0.7360792080373771,0.150407102832968,8
urn:mavedb:00000096-b-1#1294,,,p.Asn240His,0.5359048515829989,0.6181995501534019,4
urn:mavedb:00000096-b-1#1295,,,p.Asn240Ile,0.661533882856199,0.548167094411605,4
urn:mavedb:00000096-b-1#1296,,,p.Asn240Leu,0.9094972414378428,0.210731699128018,12
urn:mavedb:00000096-b-1#1297,,,p.Asn240Lys,0.691078437003805,0.121826876657063,4
urn:mavedb:00000096-b-1#1298,,,p.Asn240Met,0.72026395546314,0.1705358306155939,4
urn:mavedb:00000096-b-1#1299,,,p.Asn240Phe,1.01826836668809,0.0967583975641864,4
urn:mavedb:00000096-b-1#1300,,,p.Asn240Pro,0.308296084623695,0.34502747909231,8
urn:mavedb:00000096-b-1#1301,,,p.Asn240Ser,0.7601352168596209,0.196665629734793,12
urn:mavedb:00000096-b-1#1302,,,p.Asn240Ter,-0.233378313139857,0.187363335306232,4
urn:mavedb:00000096-b-1#1303,,,p.Asn240Thr,0.7030671281217751,0.2449941569607589,8
urn:mavedb:00000096-b-1#1304,,,p.Asn240Trp,0.29792401368313,0.127989196830084,4
urn:mavedb:00000096-b-1#1305,,,p.Asn240Tyr,0.375766190727228,0.126707496297332,4
urn:mavedb:00000096-b-1#1306,,,p.Asn240Val,0.736712125683586,0.143476864690124,8
urn:mavedb:00000096-b-1#1307,,,p.Asn254Ala,0.82125607615521,0.153785464756894,8
urn:mavedb:00000096-b-1#1308,,,p.Asn254Arg,0.9082296422784668,0.107253248117884,12
urn:mavedb:00000096-b-1#1309,,,p.Asn254Asp,0.784819454588486,0.214671601932026,4
urn:mavedb:00000096-b-1#1310,,,p.Asn254Cys,0.7414897968830679,0.0522295212393752,4
urn:mavedb:00000096-b-1#1311,,,p.Asn254Gln,0.8868692560933459,0.091341626791453,4
urn:mavedb:00000096-b-1#1312,,,p.Asn254Glu,0.6052830364601539,0.137531328974323,4
urn:mavedb:00000096-b-1#1313,,,p.Asn254Gly,0.9380435567019068,0.132241483008187,8
urn:mavedb:00000096-b-1#1314,,,p.Asn254His,0.8943987071965609,0.593777739689604,4
urn:mavedb:00000096-b-1#1315,,,p.Asn254Ile,0.9430267556821932,0.108912839685247,4
urn:mavedb:00000096-b-1#1316,,,p.Asn254Leu,0.80885528769844,0.151215738746888,12
urn:mavedb:00000096-b-1#1317,,,p.Asn254Lys,0.91661942580465,0.0566175282736849,4
urn:mavedb:00000096-b-1#1318,,,p.Asn254Met,1.0638959126144,0.039846420015097,4
urn:mavedb:00000096-b-1#1319,,,p.Asn254Phe,0.986993578066464,0.123044106009696,4
urn:mavedb:00000096-b-1#1320,,,p.Asn254Pro,0.10266892076008,0.3266807496444799,8
urn:mavedb:00000096-b-1#1321,,,p.Asn254Ser,0.94045869553755,0.146754243799403,12
urn:mavedb:00000096-b-1#1322,,,p.Asn254Ter,0.136834466966064,0.125549884483492,4
urn:mavedb:00000096-b-1#1323,,,p.Asn254Thr,0.6280175701300121,0.1237786609269169,8
urn:mavedb:00000096-b-1#1324,,,p.Asn254Trp,0.635228287916965,0.0919606606491634,4
urn:mavedb:00000096-b-1#1325,,,p.Asn254Tyr,0.812902428381228,0.161016790226759,4
urn:mavedb:00000096-b-1#1326,,,p.Asn254Val,0.918590143832303,0.139810583123474,8
urn:mavedb:00000096-b-1#1327,,,p.Asn283Ala,0.883284689265907,0.271795057197323,8
urn:mavedb:00000096-b-1#1328,,,p.Asn283Arg,0.8759706897915341,0.281047865830331,12
urn:mavedb:00000096-b-1#1329,,,p.Asn283Asp,0.884820836879755,0.236443490651956,4
urn:mavedb:00000096-b-1#1330,,,p.Asn283Cys,0.7908130763062009,0.0993822613385978,4
urn:mavedb:00000096-b-1#1331,,,p.Asn283Glu,0.8464521070731379,0.0643973315416343,4
urn:mavedb:00000096-b-1#1332,,,p.Asn283Gly,0.6365953330232479,0.135085693778135,8
urn:mavedb:00000096-b-1#1333,,,p.Asn283His,0.8538812086920751,0.0867649592625385,4
urn:mavedb:00000096-b-1#1334,,,p.Asn283Ile,0.980864004450428,0.147935779237836,4
urn:mavedb:00000096-b-1#1335,,,p.Asn283Leu,0.954214621545464,0.12817324390977,12
urn:mavedb:00000096-b-1#1336,,,p.Asn283Lys,1.03680124276973,0.382280175652766,4
urn:mavedb:00000096-b-1#1337,,,p.Asn283Met,0.864058727878208,0.0829514475816821,4
urn:mavedb:00000096-b-1#1338,,,p.Asn283Phe,0.929061449588138,0.340120627278141,4
urn:mavedb:00000096-b-1#1339,,,p.Asn283Pro,0.589114782996051,0.35152520129628,8
urn:mavedb:00000096-b-1#1340,,,p.Asn283Ser,0.99937902890304,0.29039167003199,12
urn:mavedb:00000096-b-1#1341,,,p.Asn283Ter,-0.348517208577161,0.477258225509699,4
urn:mavedb:00000096-b-1#1342,,,p.Asn283Thr,1.01157996865149,0.299883769841758,8
urn:mavedb:00000096-b-1#1343,,,p.Asn283Trp,0.6317814606515451,0.0689638776565982,4
urn:mavedb:00000096-b-1#1344,,,p.Asn283Tyr,0.928453635373462,0.1958612552353189,4
urn:mavedb:00000096-b-1#1345,,,p.Asn283Val,0.740974468312048,0.140593262065178,8
urn:mavedb:00000096-b-1#1346,,,p.Asn313Ala,0.825102194677716,0.2811086420379939,8
urn:mavedb:00000096-b-1#1347,,,p.Asn313Arg,0.858429935838217,0.170625282781364,12
urn:mavedb:00000096-b-1#1348,,,p.Asn313Asp,1.11100062222544,0.139902574038731,4
urn:mavedb:00000096-b-1#1349,,,p.Asn313Cys,0.949821086499697,0.0448047463316901,4
urn:mavedb:00000096-b-1#1350,,,p.Asn313Gln,1.1341712332345402,0.320060412450734,4
urn:mavedb:00000096-b-1#1351,,,p.Asn313Glu,1.04840575510056,0.0582084368911575,4
urn:mavedb:00000096-b-1#1352,,,p.Asn313Gly,0.879519010673376,0.245575660290701,8
urn:mavedb:00000096-b-1#1353,,,p.Asn313His,0.945386507386531,0.142550414194153,4
urn:mavedb:00000096-b-1#1354,,,p.Asn313Ile,0.7783792912162399,0.1559529364457909,4
urn:mavedb:00000096-b-1#1355,,,p.Asn313Leu,0.835527614708922,0.151532051223357,12
urn:mavedb:00000096-b-1#1356,,,p.Asn313Lys,0.596543010312056,0.073122327226801,4
urn:mavedb:00000096-b-1#1357,,,p.Asn313Met,0.704841802094434,0.1138493296113419,4
urn:mavedb:00000096-b-1#1358,,,p.Asn313Phe,0.613182856412827,0.0622578968611031,4
urn:mavedb:00000096-b-1#1359,,,p.Asn313Pro,-0.0928131535964123,0.5956376383848989,8
urn:mavedb:00000096-b-1#1360,,,p.Asn313Ser,0.96130844930742,0.1509181560500939,12
urn:mavedb:00000096-b-1#1361,,,p.Asn313Ter,-0.0764549577504799,0.445634288201153,4
urn:mavedb:00000096-b-1#1362,,,p.Asn313Thr,0.5491832721721059,0.564971621017166,4
urn:mavedb:00000096-b-1#1363,,,p.Asn313Trp,0.515733402062915,0.0631335669467269,4
urn:mavedb:00000096-b-1#1364,,,p.Asn313Tyr,0.708836379069933,0.182991418758131,4
urn:mavedb:00000096-b-1#1365,,,p.Asn313Val,0.67279390603953,0.20861419192464,8
urn:mavedb:00000096-b-1#1366,,,p.Asn350Ala,-0.159323674519195,0.313516310075918,4
urn:mavedb:00000096-b-1#1367,,,p.Asn350Arg,0.706673924358384,0.7041877984441041,12
urn:mavedb:00000096-b-1#1368,,,p.Asn350Asp,0.5361809932871311,0.227814819098969,4
urn:mavedb:00000096-b-1#1369,,,p.Asn350Cys,0.3439966505214339,0.161483757232369,4
urn:mavedb:00000096-b-1#1370,,,p.Asn350Gln,0.610789151879849,0.2653473941536139,4
urn:mavedb:00000096-b-1#1371,,,p.Asn350Glu,0.0958530696864967,0.370723486541879,4
urn:mavedb:00000096-b-1#1372,,,p.Asn350Gly,0.671299559242498,0.69120624461555,8
urn:mavedb:00000096-b-1#1373,,,p.Asn350Ile,0.132267946165732,0.513198853015064,4
urn:mavedb:00000096-b-1#1374,,,p.Asn350Leu,0.543177417723704,0.480993696649596,12
urn:mavedb:00000096-b-1#1375,,,p.Asn350Met,0.663898187662508,0.1059814360831469,4
urn:mavedb:00000096-b-1#1376,,,p.Asn350Phe,0.338113301741924,0.663240919157455,4
urn:mavedb:00000096-b-1#1377,,,p.Asn350Pro,0.364148705251121,0.656780545072996,8
urn:mavedb:00000096-b-1#1378,,,p.Asn350Ser,0.7104257112972691,0.5415608699732429,12
urn:mavedb:00000096-b-1#1379,,,p.Asn350Ter,0.149010891464466,0.166433110175404,4
urn:mavedb:00000096-b-1#1380,,,p.Asn350Thr,0.5224311599670151,0.5653717080153641,4
urn:mavedb:00000096-b-1#1381,,,p.Asn350Trp,0.704019945287203,0.109506004881513,4
urn:mavedb:00000096-b-1#1382,,,p.Asn350Tyr,0.361188588928456,0.7118512270446129,8
urn:mavedb:00000096-b-1#1383,,,p.Asn350Val,0.8963207658761608,0.551369156668948,4
urn:mavedb:00000096-b-1#1384,,,p.Asn391Ala,1.02608246923634,0.0905762019073571,8
urn:mavedb:00000096-b-1#1385,,,p.Asn391Arg,0.755116795029701,0.1360962407979969,12
urn:mavedb:00000096-b-1#1386,,,p.Asn391Asp,1.10670013072008,0.120511485738673,4
urn:mavedb:00000096-b-1#1387,,,p.Asn391Cys,0.8514792136859142,0.0535400650668831,4
urn:mavedb:00000096-b-1#1388,,,p.Asn391Gln,0.753701737632502,0.0596899815401776,4
urn:mavedb:00000096-b-1#1389,,,p.Asn391Glu,0.850436260756723,0.110659815534869,4
urn:mavedb:00000096-b-1#1390,,,p.Asn391Gly,0.8390593154775099,0.116730052580764,8
urn:mavedb:00000096-b-1#1391,,,p.Asn391Ile,0.733421015906183,0.3184701529925289,4
urn:mavedb:00000096-b-1#1392,,,p.Asn391Leu,0.8698306916187121,0.1136772892045299,12
urn:mavedb:00000096-b-1#1393,,,p.Asn391Lys,0.877811150818637,0.0576650554239001,4
urn:mavedb:00000096-b-1#1394,,,p.Asn391Phe,0.7566695733225749,0.0513793857731084,4
urn:mavedb:00000096-b-1#1395,,,p.Asn391Pro,-0.205985341341037,0.251018742407173,8
urn:mavedb:00000096-b-1#1396,,,p.Asn391Ser,0.8383682806460608,0.144953380459455,12
urn:mavedb:00000096-b-1#1397,,,p.Asn391Ter,-0.277163744051895,0.1184838908851699,4
urn:mavedb:00000096-b-1#1398,,,p.Asn391Thr,0.7938714490730071,0.107316437991755,8
urn:mavedb:00000096-b-1#1399,,,p.Asn391Trp,0.999435190864419,0.0398607369871979,4
urn:mavedb:00000096-b-1#1400,,,p.Asn391Tyr,0.8835021340791859,0.228575676379453,4
urn:mavedb:00000096-b-1#1401,,,p.Asn391Val,0.9179709930596128,0.217416842894779,8
urn:mavedb:00000096-b-1#1402,,,p.Asn83=,0.898203095845343,0.103201775304085,4
urn:mavedb:00000096-b-1#1403,,,p.Asn83Ala,0.8608976539802231,0.163080197788807,8
urn:mavedb:00000096-b-1#1404,,,p.Asn83Arg,0.747485190383919,0.22476816636016,12
urn:mavedb:00000096-b-1#1405,,,p.Asn83Asp,0.533577764725196,0.0914049288762675,4
urn:mavedb:00000096-b-1#1406,,,p.Asn83Cys,0.8194728230211121,0.0779241615783796,4
urn:mavedb:00000096-b-1#1407,,,p.Asn83Gln,0.7972322435637529,0.103367757804818,4
urn:mavedb:00000096-b-1#1408,,,p.Asn83Glu,1.10309840117593,0.127210988446583,4
urn:mavedb:00000096-b-1#1409,,,p.Asn83Gly,0.9698436818789068,0.341609849808687,4
urn:mavedb:00000096-b-1#1410,,,p.Asn83His,0.8864125520495258,0.939887605060453,8
urn:mavedb:00000096-b-1#1411,,,p.Asn83Ile,0.846087874243898,0.7553959989023359,4
urn:mavedb:00000096-b-1#1412,,,p.Asn83Leu,0.90022351077208,0.2296090138406369,8
urn:mavedb:00000096-b-1#1413,,,p.Asn83Lys,0.7662047074473379,0.414693551813968,4
urn:mavedb:00000096-b-1#1414,,,p.Asn83Met,0.96259598721832,0.480278344721089,4
urn:mavedb:00000096-b-1#1415,,,p.Asn83Phe,0.993659749608683,0.0599052546291607,4
urn:mavedb:00000096-b-1#1416,,,p.Asn83Pro,0.762367068378115,0.38069441712991,8
urn:mavedb:00000096-b-1#1417,,,p.Asn83Ser,0.695831213034234,0.483957338073229,12
urn:mavedb:00000096-b-1#1418,,,p.Asn83Ter,0.282217373950254,0.097407806009627,4
urn:mavedb:00000096-b-1#1419,,,p.Asn83Thr,1.2230181486018,0.243395065737087,8
urn:mavedb:00000096-b-1#1420,,,p.Asn83Trp,0.9121787624346372,0.593109859665532,4
urn:mavedb:00000096-b-1#1421,,,p.Asn83Tyr,0.849733569511166,0.258922011477957,4
urn:mavedb:00000096-b-1#1422,,,p.Asn83Val,0.874200680204644,0.261177707021119,8
urn:mavedb:00000096-b-1#1423,,,p.Asp113Ala,0.990684602331415,0.109545539344716,8
urn:mavedb:00000096-b-1#1424,,,p.Asp113Arg,1.13194711831402,0.218348061150856,12
urn:mavedb:00000096-b-1#1425,,,p.Asp113Asn,1.05000029389179,0.183089988577307,4
urn:mavedb:00000096-b-1#1426,,,p.Asp113Cys,1.01583486042423,0.104192701667269,4
urn:mavedb:00000096-b-1#1427,,,p.Asp113Gln,1.0756719052581,0.549429039027484,4
urn:mavedb:00000096-b-1#1428,,,p.Asp113Glu,0.9978091686396272,0.4075845507519539,8
urn:mavedb:00000096-b-1#1429,,,p.Asp113Gly,1.08216640430168,0.3617914257967849,8
urn:mavedb:00000096-b-1#1430,,,p.Asp113His,1.16925701056276,0.1930411634039349,4
urn:mavedb:00000096-b-1#1431,,,p.Asp113Ile,0.986715285469511,0.0993276197121303,4
urn:mavedb:00000096-b-1#1432,,,p.Asp113Leu,0.7874624657321591,0.272916010386204,12
urn:mavedb:00000096-b-1#1433,,,p.Asp113Lys,0.884584464454563,0.3140689603843,4
urn:mavedb:00000096-b-1#1434,,,p.Asp113Met,0.767572578815423,0.0796654081120333,4
urn:mavedb:00000096-b-1#1435,,,p.Asp113Phe,1.00659092428617,0.0626467255762108,4
urn:mavedb:00000096-b-1#1436,,,p.Asp113Pro,1.05593617177254,0.290898234027663,8
urn:mavedb:00000096-b-1#1437,,,p.Asp113Ser,1.00463049935988,0.132262175020943,12
urn:mavedb:00000096-b-1#1438,,,p.Asp113Ter,0.0159242081884072,0.324485862192937,4
urn:mavedb:00000096-b-1#1439,,,p.Asp113Thr,1.00796147795073,0.0685758848976028,8
urn:mavedb:00000096-b-1#1440,,,p.Asp113Trp,1.03675947030819,0.30740974337064,4
urn:mavedb:00000096-b-1#1441,,,p.Asp113Tyr,1.01914659232738,0.0883553796361218,4
urn:mavedb:00000096-b-1#1442,,,p.Asp113Val,0.844142628048924,0.157521957813615,8
urn:mavedb:00000096-b-1#1443,,,p.Asp124Ala,0.615493042072417,0.2088967294417289,8
urn:mavedb:00000096-b-1#1444,,,p.Asp124Arg,0.195501714270965,0.404306335548435,12
urn:mavedb:00000096-b-1#1445,,,p.Asp124Asn,0.9083473371493608,0.7148891998118359,4
urn:mavedb:00000096-b-1#1446,,,p.Asp124Cys,0.6154878259804281,0.303210197038088,4
urn:mavedb:00000096-b-1#1447,,,p.Asp124Gln,0.7261561063348871,0.140905990858305,4
urn:mavedb:00000096-b-1#1448,,,p.Asp124Glu,0.688833641310052,0.101184652010148,4
urn:mavedb:00000096-b-1#1449,,,p.Asp124Gly,0.6220438733936271,0.202787970890834,8
urn:mavedb:00000096-b-1#1450,,,p.Asp124His,0.486823288532909,1.00913777840576,4
urn:mavedb:00000096-b-1#1451,,,p.Asp124Ile,0.0209231429580238,0.139304708476944,4
urn:mavedb:00000096-b-1#1452,,,p.Asp124Leu,0.493079520183195,0.300192882595673,12
urn:mavedb:00000096-b-1#1453,,,p.Asp124Lys,0.211084984090674,0.17471188737454,4
urn:mavedb:00000096-b-1#1454,,,p.Asp124Met,0.4393003394438761,0.139935621591775,4
urn:mavedb:00000096-b-1#1455,,,p.Asp124Phe,0.1795476108641199,0.27780489770465,4
urn:mavedb:00000096-b-1#1456,,,p.Asp124Pro,0.343735645814019,0.265612550537626,8
urn:mavedb:00000096-b-1#1457,,,p.Asp124Ser,0.651030688722266,0.365805883618491,12
urn:mavedb:00000096-b-1#1458,,,p.Asp124Ter,-0.321239983028087,0.149524926032232,4
urn:mavedb:00000096-b-1#1459,,,p.Asp124Thr,0.7602501141360558,0.33858308725307,8
urn:mavedb:00000096-b-1#1460,,,p.Asp124Trp,0.4083061374389349,0.1717925963827059,4
urn:mavedb:00000096-b-1#1461,,,p.Asp124Tyr,0.199389650033991,1.18525676911447,4
urn:mavedb:00000096-b-1#1462,,,p.Asp124Val,0.534359142670223,0.112780369836529,8
urn:mavedb:00000096-b-1#1463,,,p.Asp132Ala,0.922391719903407,0.101850480346047,8
urn:mavedb:00000096-b-1#1464,,,p.Asp132Arg,0.634483312014255,0.166174613787399,12
urn:mavedb:00000096-b-1#1465,,,p.Asp132Asn,0.7451032766591621,0.611296524507077,4
urn:mavedb:00000096-b-1#1466,,,p.Asp132Cys,0.770555889305581,0.415748985775149,4
urn:mavedb:00000096-b-1#1467,,,p.Asp132Gln,0.581075644163693,0.120721331731574,4
urn:mavedb:00000096-b-1#1468,,,p.Asp132Glu,0.690712603155062,0.473497591991479,4
urn:mavedb:00000096-b-1#1469,,,p.Asp132Gly,1.07456121860355,0.2043596005841539,8
urn:mavedb:00000096-b-1#1470,,,p.Asp132His,0.748150479234292,0.404499827683745,4
urn:mavedb:00000096-b-1#1471,,,p.Asp132Ile,0.990919876511078,0.5473471623806511,4
urn:mavedb:00000096-b-1#1472,,,p.Asp132Leu,0.9036938751278628,0.1021647057422269,12
urn:mavedb:00000096-b-1#1473,,,p.Asp132Lys,0.983961932183812,0.547299614211088,4
urn:mavedb:00000096-b-1#1474,,,p.Asp132Met,1.13882526585874,0.0645266374402523,4
urn:mavedb:00000096-b-1#1475,,,p.Asp132Phe,0.81705518073739,0.0766630867594344,4
urn:mavedb:00000096-b-1#1476,,,p.Asp132Pro,-0.0960511980455643,0.2245228335755799,8
urn:mavedb:00000096-b-1#1477,,,p.Asp132Ser,0.610215361389898,0.292455127483724,8
urn:mavedb:00000096-b-1#1478,,,p.Asp132Ter,0.0328496105978229,0.119533174636585,4
urn:mavedb:00000096-b-1#1479,,,p.Asp132Thr,0.589775607389582,0.3040004851915919,8
urn:mavedb:00000096-b-1#1480,,,p.Asp132Trp,0.7200447845857071,0.221935943095936,4
urn:mavedb:00000096-b-1#1481,,,p.Asp132Tyr,0.443635040389455,0.634822749570838,4
urn:mavedb:00000096-b-1#1482,,,p.Asp132Val,0.8586437027472908,0.2181268793019839,8
urn:mavedb:00000096-b-1#1483,,,p.Asp135Ala,0.914239432237223,0.288687779360348,8
urn:mavedb:00000096-b-1#1484,,,p.Asp135Arg,0.8850092890721059,0.2668337840032939,8
urn:mavedb:00000096-b-1#1485,,,p.Asp135Asn,1.00199726481463,0.327931196789184,4
urn:mavedb:00000096-b-1#1486,,,p.Asp135Cys,1.10895810573129,0.108441493343448,4
urn:mavedb:00000096-b-1#1487,,,p.Asp135Gln,1.35255355561896,0.0680338644020049,4
urn:mavedb:00000096-b-1#1488,,,p.Asp135Glu,0.9497160219672288,0.0697692438366662,4
urn:mavedb:00000096-b-1#1489,,,p.Asp135Gly,0.9203923967038752,0.15759481351522,8
urn:mavedb:00000096-b-1#1490,,,p.Asp135His,0.62306498328901,0.894467245289658,4
urn:mavedb:00000096-b-1#1491,,,p.Asp135Ile,0.901485250604338,0.151752206295951,4
urn:mavedb:00000096-b-1#1492,,,p.Asp135Leu,0.625494698006067,0.303862539763166,12
urn:mavedb:00000096-b-1#1493,,,p.Asp135Met,0.80155651825562,0.837669955139045,4
urn:mavedb:00000096-b-1#1494,,,p.Asp135Phe,0.5703143895962,0.0886895734197598,4
urn:mavedb:00000096-b-1#1495,,,p.Asp135Pro,0.0107368755541279,0.402469727959462,8
urn:mavedb:00000096-b-1#1496,,,p.Asp135Ser,0.934158401266029,0.230406722142381,12
urn:mavedb:00000096-b-1#1497,,,p.Asp135Ter,-0.323932545353799,0.4757370595197329,4
urn:mavedb:00000096-b-1#1498,,,p.Asp135Thr,0.9148451082905258,0.173706044426887,8
urn:mavedb:00000096-b-1#1499,,,p.Asp135Trp,0.448345139009026,0.613237744566994,4
urn:mavedb:00000096-b-1#1500,,,p.Asp135Val,1.00724986387776,0.0984545752148812,8
urn:mavedb:00000096-b-1#1501,,,p.Asp158Ala,1.01156699274877,0.0822901873687042,8
urn:mavedb:00000096-b-1#1502,,,p.Asp158Arg,0.77269787008496,0.136432915433348,12
urn:mavedb:00000096-b-1#1503,,,p.Asp158Asn,1.07412869426583,0.160081052094048,4
urn:mavedb:00000096-b-1#1504,,,p.Asp158Cys,0.916449300462882,0.0833305591755417,4
urn:mavedb:00000096-b-1#1505,,,p.Asp158Glu,0.8063086717411441,0.206997727859208,4
urn:mavedb:00000096-b-1#1506,,,p.Asp158Gly,0.835975740716756,0.157608579978794,4
urn:mavedb:00000096-b-1#1507,,,p.Asp158His,1.04482815382611,0.161276627360738,4
urn:mavedb:00000096-b-1#1508,,,p.Asp158Ile,0.9773583469294708,0.089427574345135,4
urn:mavedb:00000096-b-1#1509,,,p.Asp158Leu,0.888176467496603,0.186897968342445,12
urn:mavedb:00000096-b-1#1510,,,p.Asp158Lys,0.8386864902806189,0.0711345414347553,4
urn:mavedb:00000096-b-1#1511,,,p.Asp158Met,0.6335187505394271,0.108035678497913,4
urn:mavedb:00000096-b-1#1512,,,p.Asp158Phe,0.8768533643067901,0.129720713150744,4
urn:mavedb:00000096-b-1#1513,,,p.Asp158Pro,1.20745853135778,0.259911156926413,8
urn:mavedb:00000096-b-1#1514,,,p.Asp158Ser,1.10667728365022,0.306980164254851,12
urn:mavedb:00000096-b-1#1515,,,p.Asp158Ter,-0.0125502796765477,0.11033199185319,4
urn:mavedb:00000096-b-1#1516,,,p.Asp158Thr,0.7912279408514941,0.2215126695667569,8
urn:mavedb:00000096-b-1#1517,,,p.Asp158Trp,0.9782837391384228,0.0619563127743172,4
urn:mavedb:00000096-b-1#1518,,,p.Asp158Tyr,0.8438169361233521,0.217820857716485,4
urn:mavedb:00000096-b-1#1519,,,p.Asp158Val,0.868077836175978,0.0910434884820765,8
urn:mavedb:00000096-b-1#1520,,,p.Asp160Ala,0.9587765176391808,0.194718870045869,8
urn:mavedb:00000096-b-1#1521,,,p.Asp160Arg,0.874564114214053,0.235412362594113,12
urn:mavedb:00000096-b-1#1522,,,p.Asp160Asn,1.1150345054898605,0.268164227017227,4
urn:mavedb:00000096-b-1#1523,,,p.Asp160Cys,1.0693068925456,0.0790786514856231,4
urn:mavedb:00000096-b-1#1524,,,p.Asp160Gln,0.771890326222867,0.658569660588585,4
urn:mavedb:00000096-b-1#1525,,,p.Asp160Glu,0.976726103060968,0.0636764815251584,4
urn:mavedb:00000096-b-1#1526,,,p.Asp160Gly,0.992739139580679,0.2222560248861089,8
urn:mavedb:00000096-b-1#1527,,,p.Asp160Ile,0.871962335493422,0.0856499162487908,4
urn:mavedb:00000096-b-1#1528,,,p.Asp160Leu,0.491661302822097,0.3661590848816139,12
urn:mavedb:00000096-b-1#1529,,,p.Asp160Lys,0.946729643317074,0.0856458764343609,4
urn:mavedb:00000096-b-1#1530,,,p.Asp160Met,0.5219881101412089,0.102032935713782,4
urn:mavedb:00000096-b-1#1531,,,p.Asp160Phe,0.6039349637604671,0.130779353044332,4
urn:mavedb:00000096-b-1#1532,,,p.Asp160Pro,0.4323683320490429,0.455389215090721,8
urn:mavedb:00000096-b-1#1533,,,p.Asp160Ser,0.988024863379608,0.24097040428022,12
urn:mavedb:00000096-b-1#1534,,,p.Asp160Ter,-0.4367434372068289,0.633222777129169,4
urn:mavedb:00000096-b-1#1535,,,p.Asp160Thr,0.559920727212708,0.2111759366379189,8
urn:mavedb:00000096-b-1#1536,,,p.Asp160Trp,0.544978051040219,0.0928805223791058,4
urn:mavedb:00000096-b-1#1537,,,p.Asp160Val,0.8717997063649531,0.2916559280316289,4
urn:mavedb:00000096-b-1#1538,,,p.Asp187Ala,0.875374464757539,0.2095872128389189,8
urn:mavedb:00000096-b-1#1539,,,p.Asp187Arg,0.8425644383459309,0.139673486868551,12
urn:mavedb:00000096-b-1#1540,,,p.Asp187Asn,0.816441797718979,0.567544229702411,4
urn:mavedb:00000096-b-1#1541,,,p.Asp187Cys,0.4164187992347249,0.652576284553107,4
urn:mavedb:00000096-b-1#1542,,,p.Asp187Gln,1.15292359962198,0.611248372437042,4
urn:mavedb:00000096-b-1#1543,,,p.Asp187Glu,0.8825173899367471,0.155439248172187,4
urn:mavedb:00000096-b-1#1544,,,p.Asp187Gly,0.5708588583046129,0.128395960387528,8
urn:mavedb:00000096-b-1#1545,,,p.Asp187His,0.719446500029853,0.599109119476247,4
urn:mavedb:00000096-b-1#1546,,,p.Asp187Ile,-0.0306733186398431,0.191842503644617,4
urn:mavedb:00000096-b-1#1547,,,p.Asp187Leu,0.6981280790148809,0.3979780688858329,12
urn:mavedb:00000096-b-1#1548,,,p.Asp187Lys,0.481416248571702,0.113899521047265,4
urn:mavedb:00000096-b-1#1549,,,p.Asp187Met,-0.016995076381719,0.261412617422697,4
urn:mavedb:00000096-b-1#1550,,,p.Asp187Phe,-0.0893829747829026,0.156057696164998,4
urn:mavedb:00000096-b-1#1551,,,p.Asp187Pro,0.0045339207620967,0.507133618398538,8
urn:mavedb:00000096-b-1#1552,,,p.Asp187Ser,0.738588517214302,0.271599868723025,8
urn:mavedb:00000096-b-1#1553,,,p.Asp187Ter,-0.0929854042616245,0.25028678623986,4
urn:mavedb:00000096-b-1#1554,,,p.Asp187Thr,0.533974966081971,0.269774223944561,8
urn:mavedb:00000096-b-1#1555,,,p.Asp187Trp,0.292770791850536,0.234003007933997,4
urn:mavedb:00000096-b-1#1556,,,p.Asp187Val,0.3383342988459339,0.279006097000869,8
urn:mavedb:00000096-b-1#1557,,,p.Asp194=,0.754842693382888,0.225535965905647,4
urn:mavedb:00000096-b-1#1558,,,p.Asp194Ala,0.8834532350412769,0.250165241647224,8
urn:mavedb:00000096-b-1#1559,,,p.Asp194Arg,0.311902056964376,0.332283146833781,8
urn:mavedb:00000096-b-1#1560,,,p.Asp194Asn,1.02265608030069,0.136848929394124,4
urn:mavedb:00000096-b-1#1561,,,p.Asp194Cys,1.02707289827593,0.0996162761481103,4
urn:mavedb:00000096-b-1#1562,,,p.Asp194Gln,1.07986017918958,0.5628291137685419,4
urn:mavedb:00000096-b-1#1563,,,p.Asp194Glu,0.765086639474358,0.511960503584914,4
urn:mavedb:00000096-b-1#1564,,,p.Asp194Gly,0.8265850226875171,0.3029563512688989,8
urn:mavedb:00000096-b-1#1565,,,p.Asp194His,0.661083434389511,0.386670571649726,4
urn:mavedb:00000096-b-1#1566,,,p.Asp194Ile,0.7147255365645759,0.25545277231115,4
urn:mavedb:00000096-b-1#1567,,,p.Asp194Leu,1.20034524236518,0.166894465152563,12
urn:mavedb:00000096-b-1#1568,,,p.Asp194Lys,0.93682503809268,0.548801619079095,4
urn:mavedb:00000096-b-1#1569,,,p.Asp194Met,1.04555725363409,0.325645781022663,4
urn:mavedb:00000096-b-1#1570,,,p.Asp194Phe,1.05471096941417,0.122076032929823,4
urn:mavedb:00000096-b-1#1571,,,p.Asp194Pro,0.7617937691998922,0.1489831713699969,8
urn:mavedb:00000096-b-1#1572,,,p.Asp194Ser,0.782583834249183,0.357630205469612,12
urn:mavedb:00000096-b-1#1573,,,p.Asp194Ter,0.149008206740186,0.225297860302531,4
urn:mavedb:00000096-b-1#1574,,,p.Asp194Thr,0.617338611362389,0.421803796459379,8
urn:mavedb:00000096-b-1#1575,,,p.Asp194Trp,0.738160583573734,0.0788339645115929,4
urn:mavedb:00000096-b-1#1576,,,p.Asp194Tyr,0.575308107467438,0.5305906385921351,4
urn:mavedb:00000096-b-1#1577,,,p.Asp194Val,0.8480977199753671,0.282868750121353,8
urn:mavedb:00000096-b-1#1578,,,p.Asp198Ala,0.755646301518253,0.11498948245471,8
urn:mavedb:00000096-b-1#1579,,,p.Asp198Arg,0.518258027046312,0.296031143860365,12
urn:mavedb:00000096-b-1#1580,,,p.Asp198Asn,1.0944322109516702,0.111998024875959,4
urn:mavedb:00000096-b-1#1581,,,p.Asp198Cys,0.466321149853228,0.157391981386832,4
urn:mavedb:00000096-b-1#1582,,,p.Asp198Gln,0.777329020751365,0.120178083060137,4
urn:mavedb:00000096-b-1#1583,,,p.Asp198Glu,1.0626172776482,0.04958352302131,4
urn:mavedb:00000096-b-1#1584,,,p.Asp198Gly,0.830177386155679,0.129749282482273,8
urn:mavedb:00000096-b-1#1585,,,p.Asp198His,0.8735781538495121,0.090077290664716,4
urn:mavedb:00000096-b-1#1586,,,p.Asp198Ile,-0.0054267065228428,0.122084228544408,4
urn:mavedb:00000096-b-1#1587,,,p.Asp198Leu,0.427703259709119,0.258224105475094,12
urn:mavedb:00000096-b-1#1588,,,p.Asp198Lys,0.41567177660991,0.0877037020223777,4
urn:mavedb:00000096-b-1#1589,,,p.Asp198Met,0.463218701416635,0.8386835386817301,4
urn:mavedb:00000096-b-1#1590,,,p.Asp198Phe,0.56203248086205,0.15440889585533,4
urn:mavedb:00000096-b-1#1591,,,p.Asp198Pro,0.95510030767329,0.1357471454647409,8
urn:mavedb:00000096-b-1#1592,,,p.Asp198Ser,1.09422721961106,0.1950858106359119,12
urn:mavedb:00000096-b-1#1593,,,p.Asp198Ter,0.0405550024046129,0.104502831823765,4
urn:mavedb:00000096-b-1#1594,,,p.Asp198Thr,0.5313788696024171,0.145645503723093,8
urn:mavedb:00000096-b-1#1595,,,p.Asp198Trp,0.475108834391061,0.0662052834869081,4
urn:mavedb:00000096-b-1#1596,,,p.Asp198Val,0.4280337698689079,0.14650568800395,8
urn:mavedb:00000096-b-1#1597,,,p.Asp205Ala,0.881492873185779,0.21118017812572,8
urn:mavedb:00000096-b-1#1598,,,p.Asp205Arg,0.97971394348298,0.294228658255364,12
urn:mavedb:00000096-b-1#1599,,,p.Asp205Asn,1.19541490327021,0.324216755958878,4
urn:mavedb:00000096-b-1#1600,,,p.Asp205Cys,0.5690470969996719,0.10808768756798,4
urn:mavedb:00000096-b-1#1601,,,p.Asp205Gln,0.576626577133046,0.320541959352938,4
urn:mavedb:00000096-b-1#1602,,,p.Asp205Glu,1.04278993366673,0.1744328476003509,4
urn:mavedb:00000096-b-1#1603,,,p.Asp205Gly,0.230429235283793,0.281077066794159,8
urn:mavedb:00000096-b-1#1604,,,p.Asp205His,0.908801710672108,0.883311830811932,4
urn:mavedb:00000096-b-1#1605,,,p.Asp205Ile,0.7172230510503329,0.120873590303333,4
urn:mavedb:00000096-b-1#1606,,,p.Asp205Leu,0.518616844230252,0.4599767051516509,12
urn:mavedb:00000096-b-1#1607,,,p.Asp205Lys,0.8003117624640099,0.4452570029450589,4
urn:mavedb:00000096-b-1#1608,,,p.Asp205Met,0.454943957607945,0.185795494154391,4
urn:mavedb:00000096-b-1#1609,,,p.Asp205Pro,1.0330450329474798,0.2731656033526149,8
urn:mavedb:00000096-b-1#1610,,,p.Asp205Ser,0.678329480345404,0.218190633566972,12
urn:mavedb:00000096-b-1#1611,,,p.Asp205Ter,0.145514324716388,0.523453698089979,4
urn:mavedb:00000096-b-1#1612,,,p.Asp205Thr,0.619179890614127,0.398002283024738,8
urn:mavedb:00000096-b-1#1613,,,p.Asp205Trp,0.625578356068099,0.189375213388428,4
urn:mavedb:00000096-b-1#1614,,,p.Asp205Val,0.393686929255736,0.0964627519807281,4
urn:mavedb:00000096-b-1#1615,,,p.Asp217=,0.9945712800552728,0.525940389007134,4
urn:mavedb:00000096-b-1#1616,,,p.Asp217Ala,0.580029391320696,0.308904405869316,8
urn:mavedb:00000096-b-1#1617,,,p.Asp217Arg,0.6393262508219829,0.3170658717722689,12
urn:mavedb:00000096-b-1#1618,,,p.Asp217Asn,1.0715311185717,0.1173028158917659,4
urn:mavedb:00000096-b-1#1619,,,p.Asp217Cys,0.4904306202723429,0.111783297085265,4
urn:mavedb:00000096-b-1#1620,,,p.Asp217Gln,0.194571890978898,0.4323845983578769,4
urn:mavedb:00000096-b-1#1621,,,p.Asp217Glu,0.7533522805014271,0.102098277574591,4
urn:mavedb:00000096-b-1#1622,,,p.Asp217Gly,0.9984081478475052,0.375573230740404,8
urn:mavedb:00000096-b-1#1623,,,p.Asp217His,0.911445188616375,0.184568434205488,4
urn:mavedb:00000096-b-1#1624,,,p.Asp217Ile,0.1949756070636389,0.1625373773574639,4
urn:mavedb:00000096-b-1#1625,,,p.Asp217Leu,0.5591767072706221,0.3761368564806749,12
urn:mavedb:00000096-b-1#1626,,,p.Asp217Lys,0.4655773336346359,0.439400599319669,4
urn:mavedb:00000096-b-1#1627,,,p.Asp217Met,0.0422949836286179,0.17094675948734,4
urn:mavedb:00000096-b-1#1628,,,p.Asp217Phe,0.4525093825571479,0.591820460619602,4
urn:mavedb:00000096-b-1#1629,,,p.Asp217Pro,0.6868700118424229,0.433108580598292,8
urn:mavedb:00000096-b-1#1630,,,p.Asp217Ser,0.569276522997399,0.353063764259896,12
urn:mavedb:00000096-b-1#1631,,,p.Asp217Ter,-0.1531734577328209,0.286575858403611,4
urn:mavedb:00000096-b-1#1632,,,p.Asp217Thr,0.784757380825117,0.267106788416196,8
urn:mavedb:00000096-b-1#1633,,,p.Asp217Trp,0.0698311028798118,0.1364392806693539,4
urn:mavedb:00000096-b-1#1634,,,p.Asp217Val,0.571999256391435,0.42625147993896,8
urn:mavedb:00000096-b-1#1635,,,p.Asp247=,0.7857718382805671,0.182857930451897,4
urn:mavedb:00000096-b-1#1636,,,p.Asp247Ala,0.7125524951481409,0.189610500748306,8
urn:mavedb:00000096-b-1#1637,,,p.Asp247Arg,0.8437474587349529,0.116730550315168,8
urn:mavedb:00000096-b-1#1638,,,p.Asp247Asn,0.7191737732649041,0.364042115273601,8
urn:mavedb:00000096-b-1#1639,,,p.Asp247Cys,0.803252326170508,0.127872870984165,4
urn:mavedb:00000096-b-1#1640,,,p.Asp247Gln,0.652702482529558,0.22989502103216,4
urn:mavedb:00000096-b-1#1641,,,p.Asp247Glu,0.902127373750265,0.093938641310164,4
urn:mavedb:00000096-b-1#1642,,,p.Asp247Gly,0.690450751430073,0.1854138232218289,12
urn:mavedb:00000096-b-1#1643,,,p.Asp247His,0.5649246536207819,0.4045027347748479,4
urn:mavedb:00000096-b-1#1644,,,p.Asp247Ile,0.724894346960331,0.443111889986685,4
urn:mavedb:00000096-b-1#1645,,,p.Asp247Leu,0.8034066388796159,0.147859930573361,12
urn:mavedb:00000096-b-1#1646,,,p.Asp247Lys,0.511121199121244,0.0901111514362875,4
urn:mavedb:00000096-b-1#1647,,,p.Asp247Met,0.717881400410229,0.725131483051489,4
urn:mavedb:00000096-b-1#1648,,,p.Asp247Phe,0.621007885676626,0.0569441599942577,4
urn:mavedb:00000096-b-1#1649,,,p.Asp247Pro,0.415250408375122,0.165411046423016,8
urn:mavedb:00000096-b-1#1650,,,p.Asp247Ser,0.776120077440866,0.2572636518398589,12
urn:mavedb:00000096-b-1#1651,,,p.Asp247Ter,0.0637327015367311,0.571377206828584,4
urn:mavedb:00000096-b-1#1652,,,p.Asp247Thr,0.8256635060678199,0.237320468154127,8
urn:mavedb:00000096-b-1#1653,,,p.Asp247Trp,0.481934592700995,0.0604986194752795,4
urn:mavedb:00000096-b-1#1654,,,p.Asp247Tyr,0.570457036242549,0.1303867383831969,4
urn:mavedb:00000096-b-1#1655,,,p.Asp247Val,0.8784367394251491,0.0963480269219376,8
urn:mavedb:00000096-b-1#1656,,,p.Asp262=,0.9955880681269448,0.0575023424436784,4
urn:mavedb:00000096-b-1#1657,,,p.Asp262Ala,1.13564032499543,0.0537989484799438,8
urn:mavedb:00000096-b-1#1658,,,p.Asp262Arg,1.10674176687608,0.11817972517606,12
urn:mavedb:00000096-b-1#1659,,,p.Asp262Asn,0.934567357058237,0.0444480240394921,4
urn:mavedb:00000096-b-1#1660,,,p.Asp262Cys,0.965302760390159,0.0746915498198938,4
urn:mavedb:00000096-b-1#1661,,,p.Asp262Gln,1.11208116069845,0.0406635833884696,4
urn:mavedb:00000096-b-1#1662,,,p.Asp262Glu,1.17768371826051,0.0432107100203186,4
urn:mavedb:00000096-b-1#1663,,,p.Asp262Gly,1.05282228216203,0.108611395638726,8
urn:mavedb:00000096-b-1#1664,,,p.Asp262His,1.06382535876064,0.0541732068991668,4
urn:mavedb:00000096-b-1#1665,,,p.Asp262Ile,1.01055932674437,0.2238420943554969,4
urn:mavedb:00000096-b-1#1666,,,p.Asp262Leu,1.0227976898701,0.170656915483529,12
urn:mavedb:00000096-b-1#1667,,,p.Asp262Lys,0.845376634735018,0.0506184619850298,4
urn:mavedb:00000096-b-1#1668,,,p.Asp262Phe,0.9697732957309207,0.0394244558165214,4
urn:mavedb:00000096-b-1#1669,,,p.Asp262Pro,0.315130255296931,0.117700186313398,8
urn:mavedb:00000096-b-1#1670,,,p.Asp262Ser,1.06892828725055,0.136583165998247,12
urn:mavedb:00000096-b-1#1671,,,p.Asp262Ter,-0.0339888229647167,0.0744914528066031,4
urn:mavedb:00000096-b-1#1672,,,p.Asp262Thr,1.09047845192596,0.249628995146866,8
urn:mavedb:00000096-b-1#1673,,,p.Asp262Trp,0.8134801924686199,0.276313768603636,4
urn:mavedb:00000096-b-1#1674,,,p.Asp262Tyr,0.918196702212437,0.0436133863544664,4
urn:mavedb:00000096-b-1#1675,,,p.Asp262Val,0.977303353557183,0.0987433196598056,4
urn:mavedb:00000096-b-1#1676,,,p.Asp267Ala,0.721719720339407,0.230117513659162,8
urn:mavedb:00000096-b-1#1677,,,p.Asp267Arg,0.506471774149237,0.0937595637588096,8
urn:mavedb:00000096-b-1#1678,,,p.Asp267Asn,0.856503609238147,0.16844968347425,4
urn:mavedb:00000096-b-1#1679,,,p.Asp267Cys,0.64668141483253,0.0766069218251764,4
urn:mavedb:00000096-b-1#1680,,,p.Asp267Gln,0.826375333382217,0.356429524451771,4
urn:mavedb:00000096-b-1#1681,,,p.Asp267Glu,0.835117359248662,0.0739747061894455,4
urn:mavedb:00000096-b-1#1682,,,p.Asp267Gly,0.77803537037469,0.343037952513575,8
urn:mavedb:00000096-b-1#1683,,,p.Asp267His,0.8558580278056279,0.145323161956005,4
urn:mavedb:00000096-b-1#1684,,,p.Asp267Ile,0.615287847442256,0.0767976922821779,4
urn:mavedb:00000096-b-1#1685,,,p.Asp267Leu,0.375795139878168,0.480414341000655,8
urn:mavedb:00000096-b-1#1686,,,p.Asp267Lys,0.58813838702605,0.1251030442022319,4
urn:mavedb:00000096-b-1#1687,,,p.Asp267Met,0.683606317855759,0.1324527382427449,4
urn:mavedb:00000096-b-1#1688,,,p.Asp267Phe,0.609630573364017,0.0975281543752068,4
urn:mavedb:00000096-b-1#1689,,,p.Asp267Pro,0.136645293856487,0.3558667887099749,8
urn:mavedb:00000096-b-1#1690,,,p.Asp267Ser,0.62044990188801,0.2988101336311939,12
urn:mavedb:00000096-b-1#1691,,,p.Asp267Ter,0.115288447230895,0.158365566185633,4
urn:mavedb:00000096-b-1#1692,,,p.Asp267Thr,0.9357607452825591,0.256930218200637,8
urn:mavedb:00000096-b-1#1693,,,p.Asp267Trp,0.8791201582071759,0.262939608632018,4
urn:mavedb:00000096-b-1#1694,,,p.Asp267Tyr,0.5736792777338621,0.653585293003684,4
urn:mavedb:00000096-b-1#1695,,,p.Asp267Val,0.7009534373533051,0.228723803906428,8
urn:mavedb:00000096-b-1#1696,,,p.Asp274Ala,0.0074954928447486,0.328240750334589,8
urn:mavedb:00000096-b-1#1697,,,p.Asp274Arg,0.124499811475274,0.268752888064138,12
urn:mavedb:00000096-b-1#1698,,,p.Asp274Cys,-0.122597789767184,0.1897158787547979,4
urn:mavedb:00000096-b-1#1699,,,p.Asp274Gln,-0.1277388911712,0.320805048969298,4
urn:mavedb:00000096-b-1#1700,,,p.Asp274Glu,0.391452116706886,0.439123871008122,4
urn:mavedb:00000096-b-1#1701,,,p.Asp274Gly,0.0575012970623991,0.119273301258953,4
urn:mavedb:00000096-b-1#1702,,,p.Asp274Ile,-0.0095828867764879,0.288630743291455,4
urn:mavedb:00000096-b-1#1703,,,p.Asp274Leu,-0.289453659598836,0.3586337374119679,12
urn:mavedb:00000096-b-1#1704,,,p.Asp274Met,0.011475597827255,0.508360720898633,4
urn:mavedb:00000096-b-1#1705,,,p.Asp274Phe,-0.164756415608733,0.134852224284458,4
urn:mavedb:00000096-b-1#1706,,,p.Asp274Pro,0.241389312162437,0.32306978815269,4
urn:mavedb:00000096-b-1#1707,,,p.Asp274Ser,-0.0699925140172108,0.351365482461776,12
urn:mavedb:00000096-b-1#1708,,,p.Asp274Ter,-0.3077041426613859,0.6169937102713039,4
urn:mavedb:00000096-b-1#1709,,,p.Asp274Thr,0.410281344976302,0.250769331407958,4
urn:mavedb:00000096-b-1#1710,,,p.Asp274Trp,0.151915991139091,0.5658988368000589,4
urn:mavedb:00000096-b-1#1711,,,p.Asp274Val,-0.0740434178981058,0.6126770489222,8
urn:mavedb:00000096-b-1#1712,,,p.Asp278=,1.15917146041574,0.2975098790478679,4
urn:mavedb:00000096-b-1#1713,,,p.Asp278Ala,0.289990370007642,0.37926072985732,8
urn:mavedb:00000096-b-1#1714,,,p.Asp278Arg,-0.0939169762712483,0.3776089184287899,12
urn:mavedb:00000096-b-1#1715,,,p.Asp278Asn,0.850583174747515,0.450425812402736,4
urn:mavedb:00000096-b-1#1716,,,p.Asp278Cys,0.300694455156603,0.0909516121169996,4
urn:mavedb:00000096-b-1#1717,,,p.Asp278Gln,0.36451584002041,0.405358707920062,4
urn:mavedb:00000096-b-1#1718,,,p.Asp278Glu,0.49359272884851,0.225059420549688,4
urn:mavedb:00000096-b-1#1719,,,p.Asp278Gly,0.1063062790151649,0.306088575932003,8
urn:mavedb:00000096-b-1#1720,,,p.Asp278His,0.66066900467437,0.595230896379788,4
urn:mavedb:00000096-b-1#1721,,,p.Asp278Ile,-0.0346033000006898,0.207158214855912,4
urn:mavedb:00000096-b-1#1722,,,p.Asp278Leu,0.308210157374136,0.316203908486828,12
urn:mavedb:00000096-b-1#1723,,,p.Asp278Lys,-0.0796514705889684,0.4209662796133259,4
urn:mavedb:00000096-b-1#1724,,,p.Asp278Met,0.0952520121841765,0.311761167651818,4
urn:mavedb:00000096-b-1#1725,,,p.Asp278Phe,-0.121235841115969,0.327821204779141,4
urn:mavedb:00000096-b-1#1726,,,p.Asp278Pro,0.161913862061047,0.490756123955347,4
urn:mavedb:00000096-b-1#1727,,,p.Asp278Ser,0.516780113914841,0.2403513942999369,12
urn:mavedb:00000096-b-1#1728,,,p.Asp278Ter,0.0740801426482083,0.197820429628882,4
urn:mavedb:00000096-b-1#1729,,,p.Asp278Thr,0.139942175566494,0.438922750258046,8
urn:mavedb:00000096-b-1#1730,,,p.Asp278Trp,0.112715246132889,0.395046838746392,4
urn:mavedb:00000096-b-1#1731,,,p.Asp278Val,0.568115007751683,0.532784309176902,8
urn:mavedb:00000096-b-1#1732,,,p.Asp29Ala,1.25333444544054,0.0967459162851838,4
urn:mavedb:00000096-b-1#1733,,,p.Asp29Arg,0.5886817856550239,0.642891588060549,12
urn:mavedb:00000096-b-1#1734,,,p.Asp29Cys,0.829997184300002,0.10240697840817,4
urn:mavedb:00000096-b-1#1735,,,p.Asp29Gln,0.931426017685375,0.441864411291521,4
urn:mavedb:00000096-b-1#1736,,,p.Asp29Glu,0.480554409035371,0.414983208264086,4
urn:mavedb:00000096-b-1#1737,,,p.Asp29Gly,0.3976269327174559,0.534078034921157,4
urn:mavedb:00000096-b-1#1738,,,p.Asp29His,1.20423554785579,0.620326718941303,4
urn:mavedb:00000096-b-1#1739,,,p.Asp29Ile,0.016031909686899,0.57792360696295,4
urn:mavedb:00000096-b-1#1740,,,p.Asp29Leu,0.634044651332531,0.31143160755097,12
urn:mavedb:00000096-b-1#1741,,,p.Asp29Lys,0.630489803412771,0.2228422540410719,4
urn:mavedb:00000096-b-1#1742,,,p.Asp29Met,0.319935800593469,0.240441685888834,4
urn:mavedb:00000096-b-1#1743,,,p.Asp29Phe,0.777845268839157,0.0986347875758039,4
urn:mavedb:00000096-b-1#1744,,,p.Asp29Pro,0.0969741628216697,0.569218555505006,8
urn:mavedb:00000096-b-1#1745,,,p.Asp29Ser,0.929766271735962,0.3563186304947039,8
urn:mavedb:00000096-b-1#1746,,,p.Asp29Ter,-0.284595676177071,0.3538648567556789,4
urn:mavedb:00000096-b-1#1747,,,p.Asp29Thr,0.487628602947144,0.43481939554763,8
urn:mavedb:00000096-b-1#1748,,,p.Asp29Trp,0.274857272392941,0.165666832251033,4
urn:mavedb:00000096-b-1#1749,,,p.Asp29Tyr,0.103489078091065,1.2338895611136,4
urn:mavedb:00000096-b-1#1750,,,p.Asp29Val,0.94589236224295,0.555960784619219,8
urn:mavedb:00000096-b-1#1751,,,p.Asp311=,1.00009826450018,0.1454622424816659,4
urn:mavedb:00000096-b-1#1752,,,p.Asp311Ala,0.930081860545049,0.0662255823293215,8
urn:mavedb:00000096-b-1#1753,,,p.Asp311Arg,0.591215375213463,0.280192370050116,12
urn:mavedb:00000096-b-1#1754,,,p.Asp311Asn,1.11349607989849,0.185653076040968,4
urn:mavedb:00000096-b-1#1755,,,p.Asp311Cys,0.7798225328365039,0.0581737441515328,4
urn:mavedb:00000096-b-1#1756,,,p.Asp311Gln,0.7000865477202239,0.133877675427626,4
urn:mavedb:00000096-b-1#1757,,,p.Asp311Glu,1.04006964886165,0.317215908990227,4
urn:mavedb:00000096-b-1#1758,,,p.Asp311Gly,0.646088909791281,0.141674051341067,8
urn:mavedb:00000096-b-1#1759,,,p.Asp311His,0.696579013353196,0.3375368195560481,4
urn:mavedb:00000096-b-1#1760,,,p.Asp311Ile,0.244310601711313,0.121326747034622,4
urn:mavedb:00000096-b-1#1761,,,p.Asp311Leu,0.624510920420501,0.1872188384929889,12
urn:mavedb:00000096-b-1#1762,,,p.Asp311Lys,0.260130810722278,0.158860172402244,4
urn:mavedb:00000096-b-1#1763,,,p.Asp311Met,0.653514160530156,0.364447121892857,4
urn:mavedb:00000096-b-1#1764,,,p.Asp311Phe,0.7821001359347959,0.0696898813472989,4
urn:mavedb:00000096-b-1#1765,,,p.Asp311Pro,0.316750811055377,0.258904054130661,4
urn:mavedb:00000096-b-1#1766,,,p.Asp311Ser,0.8705281512074571,0.391900666418025,12
urn:mavedb:00000096-b-1#1767,,,p.Asp311Ter,0.0974340578220691,0.132957986760607,4
urn:mavedb:00000096-b-1#1768,,,p.Asp311Thr,0.804304130576514,0.170067100334795,8
urn:mavedb:00000096-b-1#1769,,,p.Asp311Tyr,0.176324114760353,1.10369756603473,4
urn:mavedb:00000096-b-1#1770,,,p.Asp311Val,0.793684712022861,0.144606370254274,8
urn:mavedb:00000096-b-1#1771,,,p.Asp341Ala,0.5649874296831829,0.0821513841724659,8
urn:mavedb:00000096-b-1#1772,,,p.Asp341Arg,0.762795831805996,0.2400698654904889,12
urn:mavedb:00000096-b-1#1773,,,p.Asp341Asn,0.448977679036223,0.872068355488207,4
urn:mavedb:00000096-b-1#1774,,,p.Asp341Cys,1.15039403011127,0.10461834473861,4
urn:mavedb:00000096-b-1#1775,,,p.Asp341Gln,0.17518797866302,0.39346515198534,4
urn:mavedb:00000096-b-1#1776,,,p.Asp341Glu,0.8227899370795729,0.0860052912583858,4
urn:mavedb:00000096-b-1#1777,,,p.Asp341Gly,0.523717718195363,0.2998562722188039,8
urn:mavedb:00000096-b-1#1778,,,p.Asp341His,0.934906554655146,0.19040988673618,4
urn:mavedb:00000096-b-1#1779,,,p.Asp341Ile,0.4617849748570949,0.455296311766568,4
urn:mavedb:00000096-b-1#1780,,,p.Asp341Leu,0.6681211759811789,0.179134507108908,12
urn:mavedb:00000096-b-1#1781,,,p.Asp341Lys,0.879830150484366,0.271696866093658,4
urn:mavedb:00000096-b-1#1782,,,p.Asp341Met,0.798917001244995,0.358754317620925,4
urn:mavedb:00000096-b-1#1783,,,p.Asp341Phe,0.598276585021429,0.0598608725802723,4
urn:mavedb:00000096-b-1#1784,,,p.Asp341Pro,0.0622086847640322,0.30982060936224,4
urn:mavedb:00000096-b-1#1785,,,p.Asp341Ser,0.764361873563147,0.215581310755776,12
urn:mavedb:00000096-b-1#1786,,,p.Asp341Ter,-0.0505233645001633,0.111938055432508,4
urn:mavedb:00000096-b-1#1787,,,p.Asp341Thr,0.586273019834204,0.417461918783068,8
urn:mavedb:00000096-b-1#1788,,,p.Asp341Trp,0.534174356730948,0.0675511448701003,4
urn:mavedb:00000096-b-1#1789,,,p.Asp341Tyr,0.6950192487207081,0.272830110462512,4
urn:mavedb:00000096-b-1#1790,,,p.Asp341Val,0.643057093765352,0.300799321486373,8
urn:mavedb:00000096-b-1#1791,,,p.Asp344=,0.7321539667386121,0.31118871386007,4
urn:mavedb:00000096-b-1#1792,,,p.Asp344Ala,0.937771957078546,0.279665180599475,12
urn:mavedb:00000096-b-1#1793,,,p.Asp344Arg,0.4605635089659849,0.112349565352133,12
urn:mavedb:00000096-b-1#1794,,,p.Asp344Asn,0.4165316586868,0.101428593106843,4
urn:mavedb:00000096-b-1#1795,,,p.Asp344Gln,0.4818423432323789,0.160978979336626,4
urn:mavedb:00000096-b-1#1796,,,p.Asp344Glu,0.718998163017404,0.610130753362603,8
urn:mavedb:00000096-b-1#1797,,,p.Asp344Gly,0.7833881189780849,0.10157865684169,8
urn:mavedb:00000096-b-1#1798,,,p.Asp344His,0.460084541306281,0.1026023887899049,4
urn:mavedb:00000096-b-1#1799,,,p.Asp344Ile,0.385026315883694,0.422708390752696,4
urn:mavedb:00000096-b-1#1800,,,p.Asp344Leu,0.5856905406433239,0.310330503390612,12
urn:mavedb:00000096-b-1#1801,,,p.Asp344Lys,0.566016780114486,0.1054353319609859,4
urn:mavedb:00000096-b-1#1802,,,p.Asp344Met,0.606009899295486,0.0737464363750652,4
urn:mavedb:00000096-b-1#1803,,,p.Asp344Phe,0.683431857017902,0.1912075244198389,4
urn:mavedb:00000096-b-1#1804,,,p.Asp344Pro,0.3354162948486119,0.161292691711546,8
urn:mavedb:00000096-b-1#1805,,,p.Asp344Ser,0.7107436013192778,0.310705406303904,12
urn:mavedb:00000096-b-1#1806,,,p.Asp344Ter,0.0095360642670036,0.1033970252266259,4
urn:mavedb:00000096-b-1#1807,,,p.Asp344Thr,0.75309626459192,0.316972103955789,8
urn:mavedb:00000096-b-1#1808,,,p.Asp344Trp,0.7591444094625509,0.0622606664228641,4
urn:mavedb:00000096-b-1#1809,,,p.Asp344Tyr,0.365999696600084,0.0813512992691446,4
urn:mavedb:00000096-b-1#1810,,,p.Asp344Val,0.441050487253885,0.241872227264933,8
urn:mavedb:00000096-b-1#1811,,,p.Asp363Ala,0.448596647047761,0.089736902334211,8
urn:mavedb:00000096-b-1#1812,,,p.Asp363Arg,-0.150485681338043,0.347445553255319,12
urn:mavedb:00000096-b-1#1813,,,p.Asp363Cys,0.8018846023660959,0.0926174531322576,4
urn:mavedb:00000096-b-1#1814,,,p.Asp363Gln,-0.0036505540377857,0.129647855237298,4
urn:mavedb:00000096-b-1#1815,,,p.Asp363Glu,0.6786208425935529,0.0712483737081736,4
urn:mavedb:00000096-b-1#1816,,,p.Asp363Gly,0.226425295087902,0.271136633693701,8
urn:mavedb:00000096-b-1#1817,,,p.Asp363His,0.499812835895659,0.366934993980506,4
urn:mavedb:00000096-b-1#1818,,,p.Asp363Ile,-0.314027498580641,0.199885221570305,4
urn:mavedb:00000096-b-1#1819,,,p.Asp363Leu,-0.211029331381379,0.351076639466284,12
urn:mavedb:00000096-b-1#1820,,,p.Asp363Lys,-0.283102471669518,0.164715978917458,4
urn:mavedb:00000096-b-1#1821,,,p.Asp363Met,0.386405645604255,0.124026566130298,4
urn:mavedb:00000096-b-1#1822,,,p.Asp363Phe,-0.133244213464294,0.2846627938762,4
urn:mavedb:00000096-b-1#1823,,,p.Asp363Pro,-0.136082185031276,0.510166072412927,8
urn:mavedb:00000096-b-1#1824,,,p.Asp363Ser,0.3719240495733621,0.2082673298934549,12
urn:mavedb:00000096-b-1#1825,,,p.Asp363Ter,-0.0905929327111845,0.124923803942261,4
urn:mavedb:00000096-b-1#1826,,,p.Asp363Thr,-0.0596315871857726,0.548058243002702,8
urn:mavedb:00000096-b-1#1827,,,p.Asp363Trp,0.0743840765154014,0.0804704597279716,4
urn:mavedb:00000096-b-1#1828,,,p.Asp363Val,0.411517177611555,0.108465981186938,8
urn:mavedb:00000096-b-1#1829,,,p.Asp365Ala,0.9755793572970408,0.163383372696521,8
urn:mavedb:00000096-b-1#1830,,,p.Asp365Arg,0.644239981935428,0.221778153205911,12
urn:mavedb:00000096-b-1#1831,,,p.Asp365Asn,1.03623075875407,0.133286285537893,4
urn:mavedb:00000096-b-1#1832,,,p.Asp365Cys,0.448863525321255,0.0805719370048613,4
urn:mavedb:00000096-b-1#1833,,,p.Asp365Gln,0.7444788047660319,0.0565392931199046,4
urn:mavedb:00000096-b-1#1834,,,p.Asp365Gly,0.859581120757602,0.121864448235063,8
urn:mavedb:00000096-b-1#1835,,,p.Asp365His,0.971279741276816,0.474769628654803,4
urn:mavedb:00000096-b-1#1836,,,p.Asp365Ile,0.753771349373802,0.105651421521883,4
urn:mavedb:00000096-b-1#1837,,,p.Asp365Leu,0.579804481289641,0.191803994389505,8
urn:mavedb:00000096-b-1#1838,,,p.Asp365Lys,0.52934828048873,0.258290140593357,4
urn:mavedb:00000096-b-1#1839,,,p.Asp365Met,0.6299908270768659,0.215052789420983,4
urn:mavedb:00000096-b-1#1840,,,p.Asp365Phe,0.958237515416528,0.135783229607624,4
urn:mavedb:00000096-b-1#1841,,,p.Asp365Pro,-0.0520768240114276,0.392763434433031,8
urn:mavedb:00000096-b-1#1842,,,p.Asp365Ser,0.681026999876916,0.114674342695273,12
urn:mavedb:00000096-b-1#1843,,,p.Asp365Ter,-0.491307213914001,0.258719543839654,4
urn:mavedb:00000096-b-1#1844,,,p.Asp365Thr,0.868721987291857,0.142287441766803,8
urn:mavedb:00000096-b-1#1845,,,p.Asp365Trp,0.7877357960722159,0.0488347186301262,4
urn:mavedb:00000096-b-1#1846,,,p.Asp365Tyr,0.8458540042734609,0.382184212992437,4
urn:mavedb:00000096-b-1#1847,,,p.Asp365Val,0.8477335247010459,0.0840095670224232,8
urn:mavedb:00000096-b-1#1848,,,p.Asp3Ala,0.725602163377759,0.247977666115807,8
urn:mavedb:00000096-b-1#1849,,,p.Asp3Arg,0.468525435158852,0.246371583738641,12
urn:mavedb:00000096-b-1#1850,,,p.Asp3Asn,0.9257647890816808,0.332976386944224,4
urn:mavedb:00000096-b-1#1851,,,p.Asp3Cys,0.6136833412281221,0.073334871043123,4
urn:mavedb:00000096-b-1#1852,,,p.Asp3Gln,0.581785910497593,0.8944433521906279,4
urn:mavedb:00000096-b-1#1853,,,p.Asp3Glu,0.785127361237639,0.111238748296079,4
urn:mavedb:00000096-b-1#1854,,,p.Asp3Gly,0.974773698320255,0.153078785966403,8
urn:mavedb:00000096-b-1#1855,,,p.Asp3His,0.5196668662692391,0.781716211419862,4
urn:mavedb:00000096-b-1#1856,,,p.Asp3Ile,0.3672852987822129,0.1041914515703819,4
urn:mavedb:00000096-b-1#1857,,,p.Asp3Leu,0.501029407546174,0.284925282425946,12
urn:mavedb:00000096-b-1#1858,,,p.Asp3Lys,0.4040481060939629,0.295406526753894,4
urn:mavedb:00000096-b-1#1859,,,p.Asp3Met,0.500166201992241,0.5053921760962861,4
urn:mavedb:00000096-b-1#1860,,,p.Asp3Phe,0.2914664457785119,0.110844102178561,4
urn:mavedb:00000096-b-1#1861,,,p.Asp3Pro,0.7492668954731699,0.273043156597685,4
urn:mavedb:00000096-b-1#1862,,,p.Asp3Ser,0.927028322003535,0.2184037129875589,12
urn:mavedb:00000096-b-1#1863,,,p.Asp3Ter,-0.256537100210688,0.757706009601774,4
urn:mavedb:00000096-b-1#1864,,,p.Asp3Thr,0.3163760685244979,0.456428586132423,8
urn:mavedb:00000096-b-1#1865,,,p.Asp3Trp,0.383634499327984,0.695310229925742,4
urn:mavedb:00000096-b-1#1866,,,p.Asp3Tyr,0.053545633275937,1.38850023861144,4
urn:mavedb:00000096-b-1#1867,,,p.Asp3Val,0.431929613609966,0.2086801267219989,8
urn:mavedb:00000096-b-1#1868,,,p.Asp4=,0.5090659711559179,0.4107741322410329,4
urn:mavedb:00000096-b-1#1869,,,p.Asp400Ala,0.74501979922439,0.253375696728971,8
urn:mavedb:00000096-b-1#1870,,,p.Asp400Arg,0.8894136740050641,0.166591098692711,12
urn:mavedb:00000096-b-1#1871,,,p.Asp400Asn,0.5263537755981521,0.7578845402289499,4
urn:mavedb:00000096-b-1#1872,,,p.Asp400Cys,1.06139862173208,0.216983895810116,4
urn:mavedb:00000096-b-1#1873,,,p.Asp400Gln,0.8349950846615891,0.0606448421492053,4
urn:mavedb:00000096-b-1#1874,,,p.Asp400Glu,1.0848476170885202,0.3157601522361239,4
urn:mavedb:00000096-b-1#1875,,,p.Asp400Gly,0.7639144634634829,0.262369264189486,8
urn:mavedb:00000096-b-1#1876,,,p.Asp400His,0.5906523735180171,0.252535674382299,4
urn:mavedb:00000096-b-1#1877,,,p.Asp400Ile,0.9004704674870759,0.62292508772468,4
urn:mavedb:00000096-b-1#1878,,,p.Asp400Leu,0.784407831061638,0.178732591678471,8
urn:mavedb:00000096-b-1#1879,,,p.Asp400Lys,1.09425830706728,0.0588415520962799,4
urn:mavedb:00000096-b-1#1880,,,p.Asp400Met,0.823996400970763,0.179276384910303,4
urn:mavedb:00000096-b-1#1881,,,p.Asp400Phe,0.812767270822645,0.3646586242025279,4
urn:mavedb:00000096-b-1#1882,,,p.Asp400Pro,0.78893262365337,0.1856675208535389,8
urn:mavedb:00000096-b-1#1883,,,p.Asp400Ser,0.7234894084092109,0.189274329105391,12
urn:mavedb:00000096-b-1#1884,,,p.Asp400Ter,-0.6007175848036329,0.251118716951036,4
urn:mavedb:00000096-b-1#1885,,,p.Asp400Thr,0.469261113782388,0.362621134944861,8
urn:mavedb:00000096-b-1#1886,,,p.Asp400Trp,0.908546260214157,0.153401366524324,4
urn:mavedb:00000096-b-1#1887,,,p.Asp400Tyr,0.7817689579147579,0.1747080362625949,4
urn:mavedb:00000096-b-1#1888,,,p.Asp400Val,0.842675808878054,0.301159090665091,8
urn:mavedb:00000096-b-1#1889,,,p.Asp409=,0.96834825432566,0.5993912931353149,4
urn:mavedb:00000096-b-1#1890,,,p.Asp409Ala,0.8726199403780791,0.227419555785171,4
urn:mavedb:00000096-b-1#1891,,,p.Asp409Arg,0.896338173920564,0.532961051480571,8
urn:mavedb:00000096-b-1#1892,,,p.Asp409Asn,1.09518926389232,0.244180472843808,4
urn:mavedb:00000096-b-1#1893,,,p.Asp409Cys,0.884639982448675,0.0436798306856575,4
urn:mavedb:00000096-b-1#1894,,,p.Asp409Gln,0.709331887846856,0.0916464425456934,4
urn:mavedb:00000096-b-1#1895,,,p.Asp409Glu,0.905436022759615,0.0890215520669141,4
urn:mavedb:00000096-b-1#1896,,,p.Asp409Gly,1.14494756846575,0.0670240251989253,8
urn:mavedb:00000096-b-1#1897,,,p.Asp409His,0.7840600750080601,0.191555114413095,4
urn:mavedb:00000096-b-1#1898,,,p.Asp409Ile,0.5676021327482951,0.1531244697431749,4
urn:mavedb:00000096-b-1#1899,,,p.Asp409Leu,0.717801204264079,0.2370362557074849,12
urn:mavedb:00000096-b-1#1900,,,p.Asp409Lys,0.829232897725473,0.5373102052113989,4
urn:mavedb:00000096-b-1#1901,,,p.Asp409Phe,0.876599499944342,0.158497190917289,4
urn:mavedb:00000096-b-1#1902,,,p.Asp409Pro,0.4459136397954,0.6552905079544828,8
urn:mavedb:00000096-b-1#1903,,,p.Asp409Ser,1.06174752769488,0.0810479935944729,12
urn:mavedb:00000096-b-1#1904,,,p.Asp409Ter,-0.279743424978456,0.16177796244229,4
urn:mavedb:00000096-b-1#1905,,,p.Asp409Thr,1.02023956009486,0.27670693966518,8
urn:mavedb:00000096-b-1#1906,,,p.Asp409Trp,0.602188033870088,0.5105793582754821,4
urn:mavedb:00000096-b-1#1907,,,p.Asp409Tyr,0.601160128381427,0.486210668805897,4
urn:mavedb:00000096-b-1#1908,,,p.Asp409Val,0.726021701440053,0.1919173324526389,4
urn:mavedb:00000096-b-1#1909,,,p.Asp42Ala,0.875186500311339,0.0948532521847787,8
urn:mavedb:00000096-b-1#1910,,,p.Asp42Arg,0.885902780363843,0.229250309731532,8
urn:mavedb:00000096-b-1#1911,,,p.Asp42Asn,1.08502467148799,0.147055326262767,4
urn:mavedb:00000096-b-1#1912,,,p.Asp42Cys,1.02332674025979,0.1482923332837349,4
urn:mavedb:00000096-b-1#1913,,,p.Asp42Gln,1.23180199464665,0.0863594838216943,4
urn:mavedb:00000096-b-1#1914,,,p.Asp42Glu,0.849533127647411,0.121264143069197,4
urn:mavedb:00000096-b-1#1915,,,p.Asp42Gly,0.924972768590358,0.0791898470162745,8
urn:mavedb:00000096-b-1#1916,,,p.Asp42Ile,0.611805535245766,0.128703055049933,4
urn:mavedb:00000096-b-1#1917,,,p.Asp42Leu,1.08820703137736,0.2172494330682699,12
urn:mavedb:00000096-b-1#1918,,,p.Asp42Lys,0.7644162093646241,0.0884496223526906,4
urn:mavedb:00000096-b-1#1919,,,p.Asp42Met,0.7260641663876009,0.160660376867242,4
urn:mavedb:00000096-b-1#1920,,,p.Asp42Phe,0.948581377006802,0.13244813307782,4
urn:mavedb:00000096-b-1#1921,,,p.Asp42Pro,0.0395961599271469,0.425105868686318,8
urn:mavedb:00000096-b-1#1922,,,p.Asp42Ser,0.8223783710558149,0.311989207897542,12
urn:mavedb:00000096-b-1#1923,,,p.Asp42Ter,-0.0795494480491168,0.363989230557242,4
urn:mavedb:00000096-b-1#1924,,,p.Asp42Thr,0.7726936055566179,0.60582026324227,8
urn:mavedb:00000096-b-1#1925,,,p.Asp42Trp,1.1888221836563502,0.181034367413864,4
urn:mavedb:00000096-b-1#1926,,,p.Asp42Tyr,0.8252784838177042,0.390581724373214,4
urn:mavedb:00000096-b-1#1927,,,p.Asp42Val,0.991033919621759,0.1247913792656189,8
urn:mavedb:00000096-b-1#1928,,,p.Asp4Ala,0.5206594515345759,0.164789723827975,8
urn:mavedb:00000096-b-1#1929,,,p.Asp4Arg,0.7083281338660151,0.192995862726195,12
urn:mavedb:00000096-b-1#1930,,,p.Asp4Asn,0.887922718376623,0.310177829888375,8
urn:mavedb:00000096-b-1#1931,,,p.Asp4Cys,0.695294983118587,0.0888328134352168,4
urn:mavedb:00000096-b-1#1932,,,p.Asp4Gln,0.5499906413137889,0.2985645280059339,4
urn:mavedb:00000096-b-1#1933,,,p.Asp4Glu,0.587401109052455,0.352281982725332,4
urn:mavedb:00000096-b-1#1934,,,p.Asp4Gly,0.9581806297991008,0.153859608739294,12
urn:mavedb:00000096-b-1#1935,,,p.Asp4His,0.0800051602031557,0.230576776826327,4
urn:mavedb:00000096-b-1#1936,,,p.Asp4Ile,0.4218806408735749,0.2499171959333619,4
urn:mavedb:00000096-b-1#1937,,,p.Asp4Leu,0.416613717439556,0.312902781427252,12
urn:mavedb:00000096-b-1#1938,,,p.Asp4Lys,0.7982518149577409,0.125441664651811,4
urn:mavedb:00000096-b-1#1939,,,p.Asp4Met,0.466361201813886,0.111615325074489,4
urn:mavedb:00000096-b-1#1940,,,p.Asp4Phe,0.7517627201779641,0.4142644951425749,4
urn:mavedb:00000096-b-1#1941,,,p.Asp4Pro,1.01635273847114,0.101451495598312,4
urn:mavedb:00000096-b-1#1942,,,p.Asp4Ser,0.7362702184791959,0.31833868107663,12
urn:mavedb:00000096-b-1#1943,,,p.Asp4Ter,0.225910748952548,0.133024330830755,4
urn:mavedb:00000096-b-1#1944,,,p.Asp4Thr,0.321730790687865,0.611152075159763,8
urn:mavedb:00000096-b-1#1945,,,p.Asp4Trp,0.4590148839275629,0.0911569934587498,4
urn:mavedb:00000096-b-1#1946,,,p.Asp4Tyr,0.099942634762518,0.5604049423405529,4
urn:mavedb:00000096-b-1#1947,,,p.Asp4Val,0.496058588307286,0.14688306446687,8
urn:mavedb:00000096-b-1#1948,,,p.Asp73=,0.816344416436751,0.103779564041708,4
urn:mavedb:00000096-b-1#1949,,,p.Asp73Ala,0.440017964662752,0.0965035403590387,8
urn:mavedb:00000096-b-1#1950,,,p.Asp73Arg,0.421976135904113,0.50902046080648,12
urn:mavedb:00000096-b-1#1951,,,p.Asp73Asn,0.6926775710709261,0.8355065927359121,4
urn:mavedb:00000096-b-1#1952,,,p.Asp73Cys,0.0727642327852872,0.646257248809921,4
urn:mavedb:00000096-b-1#1953,,,p.Asp73Gln,0.4611311187454829,0.258590069495711,4
urn:mavedb:00000096-b-1#1954,,,p.Asp73Glu,0.6394229581578841,0.154978180785972,4
urn:mavedb:00000096-b-1#1955,,,p.Asp73Gly,0.4500839087265639,0.439274629264753,8
urn:mavedb:00000096-b-1#1956,,,p.Asp73His,0.46267590480491,0.701902139505198,4
urn:mavedb:00000096-b-1#1957,,,p.Asp73Ile,0.152156223775607,0.436980115307725,4
urn:mavedb:00000096-b-1#1958,,,p.Asp73Leu,0.679917149109384,0.269250695555662,12
urn:mavedb:00000096-b-1#1959,,,p.Asp73Lys,0.23399216464066,0.1335786017382819,4
urn:mavedb:00000096-b-1#1960,,,p.Asp73Met,0.338994816022836,0.236319862358666,4
urn:mavedb:00000096-b-1#1961,,,p.Asp73Phe,0.2852362077231279,0.105729572933943,4
urn:mavedb:00000096-b-1#1962,,,p.Asp73Pro,0.141532260694211,0.306335908599844,8
urn:mavedb:00000096-b-1#1963,,,p.Asp73Ser,0.4381527983915421,0.335066637312203,12
urn:mavedb:00000096-b-1#1964,,,p.Asp73Ter,-0.233086761842875,0.5987237413833271,4
urn:mavedb:00000096-b-1#1965,,,p.Asp73Thr,0.704282991986739,0.280549694987726,8
urn:mavedb:00000096-b-1#1966,,,p.Asp73Trp,0.177709953633662,0.109586250275378,4
urn:mavedb:00000096-b-1#1967,,,p.Asp73Tyr,0.252479762462306,0.1110097749720449,4
urn:mavedb:00000096-b-1#1968,,,p.Asp73Val,0.170576477934723,0.283572656967968,8
urn:mavedb:00000096-b-1#1969,,,p.Asp78Ala,1.06901635265652,0.187044244334087,8
urn:mavedb:00000096-b-1#1970,,,p.Asp78Arg,0.938703292835751,0.198918081698892,8
urn:mavedb:00000096-b-1#1971,,,p.Asp78Asn,0.8578675367785451,0.152235963909578,4
urn:mavedb:00000096-b-1#1972,,,p.Asp78Cys,1.16914753806357,0.432830511104516,4
urn:mavedb:00000096-b-1#1973,,,p.Asp78Gln,0.955850485533635,0.232142651637895,4
urn:mavedb:00000096-b-1#1974,,,p.Asp78Glu,1.21782204938583,0.0465168670947008,4
urn:mavedb:00000096-b-1#1975,,,p.Asp78Gly,0.945375358425614,0.110824270450949,8
urn:mavedb:00000096-b-1#1976,,,p.Asp78His,1.3287534097458,0.144359286137233,4
urn:mavedb:00000096-b-1#1977,,,p.Asp78Ile,0.754107464983668,0.7159389057014759,4
urn:mavedb:00000096-b-1#1978,,,p.Asp78Leu,0.671847676705347,0.3172887571039249,12
urn:mavedb:00000096-b-1#1979,,,p.Asp78Lys,1.16218773030056,0.0793792415960431,4
urn:mavedb:00000096-b-1#1980,,,p.Asp78Met,0.7556784716907191,0.0785841555304815,4
urn:mavedb:00000096-b-1#1981,,,p.Asp78Phe,0.871504965100957,0.0685342991278004,4
urn:mavedb:00000096-b-1#1982,,,p.Asp78Pro,0.0889013205246576,0.295887449515974,8
urn:mavedb:00000096-b-1#1983,,,p.Asp78Ser,1.0096186187542702,0.152658646422494,12
urn:mavedb:00000096-b-1#1984,,,p.Asp78Ter,0.195844752194236,0.772109637687044,4
urn:mavedb:00000096-b-1#1985,,,p.Asp78Thr,1.14474855554151,0.443319978219802,8
urn:mavedb:00000096-b-1#1986,,,p.Asp78Trp,0.94990876791244,0.056971089828682,4
urn:mavedb:00000096-b-1#1987,,,p.Asp78Tyr,0.679793194925802,0.398460772141171,4
urn:mavedb:00000096-b-1#1988,,,p.Asp78Val,1.1163888592786,0.1186414055449,8
urn:mavedb:00000096-b-1#1989,,,p.Cys129Ala,0.992102657231908,0.3315700695937539,8
urn:mavedb:00000096-b-1#1990,,,p.Cys129Arg,0.507492935576089,0.494639505301274,12
urn:mavedb:00000096-b-1#1991,,,p.Cys129Asn,0.403518640787447,0.116012057245932,4
urn:mavedb:00000096-b-1#1992,,,p.Cys129Asp,0.596282911436707,0.144973010125387,4
urn:mavedb:00000096-b-1#1993,,,p.Cys129Gln,0.0348379064139373,0.260595247503054,4
urn:mavedb:00000096-b-1#1994,,,p.Cys129Glu,0.9591150710673092,0.1109281751071019,4
urn:mavedb:00000096-b-1#1995,,,p.Cys129Gly,0.78329398035373,0.232579689565971,8
urn:mavedb:00000096-b-1#1996,,,p.Cys129His,0.5529045097396711,0.1235340806843259,4
urn:mavedb:00000096-b-1#1997,,,p.Cys129Ile,0.6294108772215621,0.353833161015489,4
urn:mavedb:00000096-b-1#1998,,,p.Cys129Leu,0.3188242193253129,0.26317952717291,12
urn:mavedb:00000096-b-1#1999,,,p.Cys129Lys,0.909489285905822,0.146818484005665,4
urn:mavedb:00000096-b-1#2000,,,p.Cys129Met,0.523847665970178,0.228779572296358,4
urn:mavedb:00000096-b-1#2001,,,p.Cys129Phe,0.679588057499733,0.189852128276309,4
urn:mavedb:00000096-b-1#2002,,,p.Cys129Pro,0.520222653137977,0.5490433667532411,8
urn:mavedb:00000096-b-1#2003,,,p.Cys129Ser,0.9128855170242192,0.333388119941286,12
urn:mavedb:00000096-b-1#2004,,,p.Cys129Ter,0.0026975027029418,0.2395691488994389,4
urn:mavedb:00000096-b-1#2005,,,p.Cys129Thr,0.7109969034069921,0.250150617868052,8
urn:mavedb:00000096-b-1#2006,,,p.Cys129Trp,0.6732867564135719,0.0778728505685305,4
urn:mavedb:00000096-b-1#2007,,,p.Cys129Tyr,0.6389412232471441,0.5385059608923439,4
urn:mavedb:00000096-b-1#2008,,,p.Cys129Val,0.681496956003958,0.308404138394475,8
urn:mavedb:00000096-b-1#2009,,,p.Cys213=,1.22425685649608,0.417920493677917,4
urn:mavedb:00000096-b-1#2010,,,p.Cys213Ala,0.776999402406291,0.178017609180946,8
urn:mavedb:00000096-b-1#2011,,,p.Cys213Arg,0.777189946178846,0.5609780318957349,12
urn:mavedb:00000096-b-1#2012,,,p.Cys213Asn,1.16439054326648,0.664138150566377,4
urn:mavedb:00000096-b-1#2013,,,p.Cys213Gln,-0.0970525464177638,0.360314621021418,4
urn:mavedb:00000096-b-1#2014,,,p.Cys213Glu,0.541696751342864,0.0986806411402363,4
urn:mavedb:00000096-b-1#2015,,,p.Cys213Gly,0.7283080557579571,0.0969269606004731,8
urn:mavedb:00000096-b-1#2016,,,p.Cys213His,0.1917660767849889,0.452038874666591,4
urn:mavedb:00000096-b-1#2017,,,p.Cys213Ile,1.05475714292821,0.0440300978679692,4
urn:mavedb:00000096-b-1#2018,,,p.Cys213Leu,0.754048388021999,0.212335096230075,12
urn:mavedb:00000096-b-1#2019,,,p.Cys213Lys,0.167619148098131,0.271932187985035,4
urn:mavedb:00000096-b-1#2020,,,p.Cys213Met,0.901595076918876,0.589260685507511,4
urn:mavedb:00000096-b-1#2021,,,p.Cys213Phe,0.255498434856781,0.7401537016925681,4
urn:mavedb:00000096-b-1#2022,,,p.Cys213Pro,0.217029531685871,0.382838367892627,8
urn:mavedb:00000096-b-1#2023,,,p.Cys213Ser,0.938845106351193,0.646412732981335,8
urn:mavedb:00000096-b-1#2024,,,p.Cys213Ter,0.7684927703470591,0.555979784869153,4
urn:mavedb:00000096-b-1#2025,,,p.Cys213Thr,0.64851915421194,0.178099668200147,8
urn:mavedb:00000096-b-1#2026,,,p.Cys213Trp,0.2128724296773529,0.282907787734114,4
urn:mavedb:00000096-b-1#2027,,,p.Cys213Tyr,0.8092342109367231,0.5232712613563351,4
urn:mavedb:00000096-b-1#2028,,,p.Cys213Val,0.9811967907419928,0.1811020087036869,8
urn:mavedb:00000096-b-1#2029,,,p.Cys220=,1.02249637184655,0.267128596352385,4
urn:mavedb:00000096-b-1#2030,,,p.Cys220Ala,1.1694114897895802,0.245570406766772,8
urn:mavedb:00000096-b-1#2031,,,p.Cys220Arg,0.371297691898224,0.4558975602113629,12
urn:mavedb:00000096-b-1#2032,,,p.Cys220Asn,0.250974182483889,0.4651260544569821,4
urn:mavedb:00000096-b-1#2033,,,p.Cys220Asp,-0.0066698364572223,0.184266791592375,4
urn:mavedb:00000096-b-1#2034,,,p.Cys220Gln,-0.2458831375487929,0.314355444259255,4
urn:mavedb:00000096-b-1#2035,,,p.Cys220Glu,0.38003929213808,0.398024267539977,4
urn:mavedb:00000096-b-1#2036,,,p.Cys220Gly,0.410539937112276,0.606291935390401,8
urn:mavedb:00000096-b-1#2037,,,p.Cys220His,0.250255452146116,0.216298731955031,4
urn:mavedb:00000096-b-1#2038,,,p.Cys220Ile,0.589739975803239,0.1951270224966929,4
urn:mavedb:00000096-b-1#2039,,,p.Cys220Leu,0.207451214160495,0.3730480984089639,12
urn:mavedb:00000096-b-1#2040,,,p.Cys220Lys,0.358465500274883,0.4477949062490849,4
urn:mavedb:00000096-b-1#2041,,,p.Cys220Met,0.340282520789843,0.262907076414177,4
urn:mavedb:00000096-b-1#2042,,,p.Cys220Phe,0.109787677835101,0.956135742900873,4
urn:mavedb:00000096-b-1#2043,,,p.Cys220Pro,0.994917833241491,0.586402856670035,4
urn:mavedb:00000096-b-1#2044,,,p.Cys220Ser,0.4210773570254171,0.3185200242831519,12
urn:mavedb:00000096-b-1#2045,,,p.Cys220Ter,-0.3049851442255579,0.361363129686508,4
urn:mavedb:00000096-b-1#2046,,,p.Cys220Thr,0.7208598134028872,0.336378256544064,4
urn:mavedb:00000096-b-1#2047,,,p.Cys220Trp,0.308297903656769,0.195511760079779,4
urn:mavedb:00000096-b-1#2048,,,p.Cys220Val,0.910715584350638,0.1425525999370989,8
urn:mavedb:00000096-b-1#2049,,,p.Cys230=,1.27846778653077,0.484841473209148,4
urn:mavedb:00000096-b-1#2050,,,p.Cys230Ala,0.9860642415132193,0.196422603155962,8
urn:mavedb:00000096-b-1#2051,,,p.Cys230Arg,0.253809883579718,0.241198170693046,8
urn:mavedb:00000096-b-1#2052,,,p.Cys230Asn,1.01649263656676,0.135358889123601,4
urn:mavedb:00000096-b-1#2053,,,p.Cys230Asp,0.254612668108419,0.159291515255113,4
urn:mavedb:00000096-b-1#2054,,,p.Cys230Gln,0.5881488336271601,0.3474290666322689,4
urn:mavedb:00000096-b-1#2055,,,p.Cys230Glu,0.0464623540461102,0.394107271332947,4
urn:mavedb:00000096-b-1#2056,,,p.Cys230Gly,0.561899584989241,0.1676565150924349,8
urn:mavedb:00000096-b-1#2057,,,p.Cys230His,-0.0296628330959543,0.263951467685272,4
urn:mavedb:00000096-b-1#2058,,,p.Cys230Ile,0.739702269417162,0.0682234954762908,4
urn:mavedb:00000096-b-1#2059,,,p.Cys230Leu,0.8607692035024771,0.221998772649293,12
urn:mavedb:00000096-b-1#2060,,,p.Cys230Lys,0.622563663848537,0.531720793318478,4
urn:mavedb:00000096-b-1#2061,,,p.Cys230Met,1.0308984988916898,0.1184459435652799,4
urn:mavedb:00000096-b-1#2062,,,p.Cys230Phe,0.556347411417352,0.22029685654872,4
urn:mavedb:00000096-b-1#2063,,,p.Cys230Pro,0.229356031148339,0.321784318778123,8
urn:mavedb:00000096-b-1#2064,,,p.Cys230Ser,1.15103741890375,0.156810878093706,8
urn:mavedb:00000096-b-1#2065,,,p.Cys230Ter,-0.5592627421184201,0.334016331513484,4
urn:mavedb:00000096-b-1#2066,,,p.Cys230Thr,0.7430151699306509,0.563025656258909,8
urn:mavedb:00000096-b-1#2067,,,p.Cys230Trp,0.713872291824653,0.0701371858488937,4
urn:mavedb:00000096-b-1#2068,,,p.Cys230Tyr,0.656166903758117,0.582503446927729,4
urn:mavedb:00000096-b-1#2069,,,p.Cys230Val,1.05148280549734,0.1912903067436099,8
urn:mavedb:00000096-b-1#2070,,,p.Cys233Ala,0.340552553721823,0.402041142575321,8
urn:mavedb:00000096-b-1#2071,,,p.Cys233Arg,0.0712521861740752,0.310488458295538,8
urn:mavedb:00000096-b-1#2072,,,p.Cys233Asn,-0.3343443920022249,0.304726738867545,4
urn:mavedb:00000096-b-1#2073,,,p.Cys233Asp,0.390746024658237,0.241745374641213,4
urn:mavedb:00000096-b-1#2074,,,p.Cys233Gln,-0.0145872908239482,0.448861350100589,4
urn:mavedb:00000096-b-1#2075,,,p.Cys233Glu,0.3353433497740449,0.41548264232207,4
urn:mavedb:00000096-b-1#2076,,,p.Cys233Gly,0.364772142087775,0.397817006312177,8
urn:mavedb:00000096-b-1#2077,,,p.Cys233His,0.320927370252114,0.355959497082597,4
urn:mavedb:00000096-b-1#2078,,,p.Cys233Ile,0.139842354642379,0.141792231834636,4
urn:mavedb:00000096-b-1#2079,,,p.Cys233Leu,0.333004011189257,0.216657714623548,12
urn:mavedb:00000096-b-1#2080,,,p.Cys233Lys,-0.44045850787678,0.360819805359211,4
urn:mavedb:00000096-b-1#2081,,,p.Cys233Met,0.1733082121634639,0.133336407049294,4
urn:mavedb:00000096-b-1#2082,,,p.Cys233Pro,0.275874202560297,0.29784892913353,8
urn:mavedb:00000096-b-1#2083,,,p.Cys233Ser,0.7338548577838709,0.7968943268583479,8
urn:mavedb:00000096-b-1#2084,,,p.Cys233Thr,0.560498074323288,0.262829401941474,8
urn:mavedb:00000096-b-1#2085,,,p.Cys233Trp,0.689283299321246,0.0950987718825827,4
urn:mavedb:00000096-b-1#2086,,,p.Cys233Val,0.738574507693616,0.0603414379893144,4
urn:mavedb:00000096-b-1#2087,,,p.Cys252Ala,0.7195185018960459,0.243745997263131,8
urn:mavedb:00000096-b-1#2088,,,p.Cys252Arg,-0.11778025471907,0.4524220171261579,8
urn:mavedb:00000096-b-1#2089,,,p.Cys252Asn,-0.0855402142422609,0.297037852835286,4
urn:mavedb:00000096-b-1#2090,,,p.Cys252Asp,0.6581898223868979,0.547822514280334,4
urn:mavedb:00000096-b-1#2091,,,p.Cys252Gln,0.0911225999150749,0.386829177505603,4
urn:mavedb:00000096-b-1#2092,,,p.Cys252Glu,0.346558761648342,0.238393035032246,4
urn:mavedb:00000096-b-1#2093,,,p.Cys252Gly,0.502261575914298,0.23991501306325,8
urn:mavedb:00000096-b-1#2094,,,p.Cys252His,-0.0497717849707436,0.2873956079512529,4
urn:mavedb:00000096-b-1#2095,,,p.Cys252Ile,1.02058748237747,0.4154300780042329,4
urn:mavedb:00000096-b-1#2096,,,p.Cys252Leu,0.3933079815989849,0.416010214672335,12
urn:mavedb:00000096-b-1#2097,,,p.Cys252Lys,0.251573907251624,0.216220817571237,4
urn:mavedb:00000096-b-1#2098,,,p.Cys252Met,0.37342322530651,0.2189966963897219,4
urn:mavedb:00000096-b-1#2099,,,p.Cys252Pro,0.839855644119373,0.605101523171704,4
urn:mavedb:00000096-b-1#2100,,,p.Cys252Ser,0.385895555911597,0.2365327961164069,8
urn:mavedb:00000096-b-1#2101,,,p.Cys252Ter,-0.4342624244477059,0.246945918934885,4
urn:mavedb:00000096-b-1#2102,,,p.Cys252Thr,0.295882531753888,0.318473044364404,8
urn:mavedb:00000096-b-1#2103,,,p.Cys252Trp,0.7143350032847479,0.159891259322684,4
urn:mavedb:00000096-b-1#2104,,,p.Cys252Val,0.5835459314966329,0.219002047923488,8
urn:mavedb:00000096-b-1#2105,,,p.Cys364=,1.18453222646552,0.0524521991631159,4
urn:mavedb:00000096-b-1#2106,,,p.Cys364Ala,0.856581165774254,0.0994178972840283,8
urn:mavedb:00000096-b-1#2107,,,p.Cys364Arg,0.16129043273647,0.243938690387371,12
urn:mavedb:00000096-b-1#2108,,,p.Cys364Asn,0.5284199942359,0.356467478112826,4
urn:mavedb:00000096-b-1#2109,,,p.Cys364Asp,0.123321577130227,0.503979164130726,4
urn:mavedb:00000096-b-1#2110,,,p.Cys364Gln,0.27299598216626,0.0850579355436146,4
urn:mavedb:00000096-b-1#2111,,,p.Cys364Glu,0.923708912748447,0.0801360064791714,4
urn:mavedb:00000096-b-1#2112,,,p.Cys364Gly,0.690697029646714,0.103060496145608,8
urn:mavedb:00000096-b-1#2113,,,p.Cys364His,0.4665833438110779,0.2328863171675179,4
urn:mavedb:00000096-b-1#2114,,,p.Cys364Ile,0.9776025942178967,0.30126522345855,4
urn:mavedb:00000096-b-1#2115,,,p.Cys364Leu,0.6480746292057921,0.161636900572778,12
urn:mavedb:00000096-b-1#2116,,,p.Cys364Lys,-0.0174342732440722,0.120427369953685,4
urn:mavedb:00000096-b-1#2117,,,p.Cys364Met,0.9000600363380801,0.0918066364495201,4
urn:mavedb:00000096-b-1#2118,,,p.Cys364Phe,0.5152980931671539,0.181331357413534,4
urn:mavedb:00000096-b-1#2119,,,p.Cys364Pro,0.1265351077077869,0.3755046117556649,8
urn:mavedb:00000096-b-1#2120,,,p.Cys364Ser,0.834104756582804,0.2169252147301099,12
urn:mavedb:00000096-b-1#2121,,,p.Cys364Ter,-0.0083703279023119,0.175241244951619,4
urn:mavedb:00000096-b-1#2122,,,p.Cys364Thr,0.825528648598089,0.113588857818618,8
urn:mavedb:00000096-b-1#2123,,,p.Cys364Trp,0.4908881038463989,0.264676195254439,4
urn:mavedb:00000096-b-1#2124,,,p.Cys364Tyr,0.608998185556781,0.40842999478511,4
urn:mavedb:00000096-b-1#2125,,,p.Cys364Val,1.05662061542182,0.111433082261976,8
urn:mavedb:00000096-b-1#2126,,,p.Cys371=,1.18935867357183,0.275663941005548,4
urn:mavedb:00000096-b-1#2127,,,p.Cys371Ala,0.3825671483424709,0.142833307633715,8
urn:mavedb:00000096-b-1#2128,,,p.Cys371Arg,-0.163553365665738,0.1662553297436839,8
urn:mavedb:00000096-b-1#2129,,,p.Cys371Asn,0.0484425488305468,0.556086627792578,4
urn:mavedb:00000096-b-1#2130,,,p.Cys371Asp,0.326748092887687,0.102731134042658,4
urn:mavedb:00000096-b-1#2131,,,p.Cys371Gln,0.465684160198954,0.7146609227174442,4
urn:mavedb:00000096-b-1#2132,,,p.Cys371Glu,-0.430005272478426,0.277573591199905,4
urn:mavedb:00000096-b-1#2133,,,p.Cys371Gly,0.3057466190163789,0.231380238282158,8
urn:mavedb:00000096-b-1#2134,,,p.Cys371His,0.158145933455988,0.130431847900969,4
urn:mavedb:00000096-b-1#2135,,,p.Cys371Ile,0.7522020842246608,0.147156853977757,4
urn:mavedb:00000096-b-1#2136,,,p.Cys371Leu,0.264938895980177,0.274799652654775,12
urn:mavedb:00000096-b-1#2137,,,p.Cys371Met,0.327848248863859,0.6076371536411379,4
urn:mavedb:00000096-b-1#2138,,,p.Cys371Pro,-0.3979301752492879,0.494327575460239,4
urn:mavedb:00000096-b-1#2139,,,p.Cys371Ser,0.745290006906578,0.467563692002497,12
urn:mavedb:00000096-b-1#2140,,,p.Cys371Ter,-0.30491533216195,0.177908946621066,4
urn:mavedb:00000096-b-1#2141,,,p.Cys371Thr,0.6337366345841611,0.55884476931505,8
urn:mavedb:00000096-b-1#2142,,,p.Cys371Trp,0.153803969984572,0.2834292238197219,4
urn:mavedb:00000096-b-1#2143,,,p.Cys371Val,0.7990951062527271,0.0842644767824686,8
urn:mavedb:00000096-b-1#2144,,,p.Cys382Ala,0.8864144601238539,0.087056489286567,8
urn:mavedb:00000096-b-1#2145,,,p.Cys382Arg,0.300355209611381,0.152001276518936,12
urn:mavedb:00000096-b-1#2146,,,p.Cys382Asn,0.7819865599034042,0.185975774631194,4
urn:mavedb:00000096-b-1#2147,,,p.Cys382Asp,0.182843306252722,0.0735423220894414,4
urn:mavedb:00000096-b-1#2148,,,p.Cys382Gln,0.2894744800482439,0.454486707090138,4
urn:mavedb:00000096-b-1#2149,,,p.Cys382Glu,0.7533050363480671,0.0767685347362587,4
urn:mavedb:00000096-b-1#2150,,,p.Cys382Gly,0.9525696368115192,0.0752833327893306,8
urn:mavedb:00000096-b-1#2151,,,p.Cys382His,0.445208144916632,0.664476428625065,4
urn:mavedb:00000096-b-1#2152,,,p.Cys382Ile,0.8796569662688729,0.127307738547967,4
urn:mavedb:00000096-b-1#2153,,,p.Cys382Leu,0.9202564882251,0.165475613364203,8
urn:mavedb:00000096-b-1#2154,,,p.Cys382Lys,0.0821567723736361,0.0808430784190238,4
urn:mavedb:00000096-b-1#2155,,,p.Cys382Met,0.81941930733613,0.0441676778477211,4
urn:mavedb:00000096-b-1#2156,,,p.Cys382Phe,0.3928775602118739,0.174804833182654,4
urn:mavedb:00000096-b-1#2157,,,p.Cys382Pro,-0.128233930560924,0.1342800809077,8
urn:mavedb:00000096-b-1#2158,,,p.Cys382Ser,0.908974833861129,0.108955305425039,12
urn:mavedb:00000096-b-1#2159,,,p.Cys382Ter,0.203468368204968,0.140519780211364,4
urn:mavedb:00000096-b-1#2160,,,p.Cys382Thr,0.899648473541362,0.121808610162879,8
urn:mavedb:00000096-b-1#2161,,,p.Cys382Trp,0.648217846721037,0.108612919878758,4
urn:mavedb:00000096-b-1#2162,,,p.Cys382Tyr,0.543825621290596,0.149047955856078,4
urn:mavedb:00000096-b-1#2163,,,p.Cys382Val,0.908186514635548,0.1186761871339119,8
urn:mavedb:00000096-b-1#2164,,,p.Cys434=,1.22789374228934,0.0924009199473204,4
urn:mavedb:00000096-b-1#2165,,,p.Cys434Ala,0.992051500609987,0.296939326808763,8
urn:mavedb:00000096-b-1#2166,,,p.Cys434Arg,-0.249154014604089,0.6184665702555601,8
urn:mavedb:00000096-b-1#2167,,,p.Cys434Asn,-0.0063554336730493,0.354882724465232,4
urn:mavedb:00000096-b-1#2168,,,p.Cys434Asp,0.7892879542690558,0.100749716806814,4
urn:mavedb:00000096-b-1#2169,,,p.Cys434Gln,0.655057884169621,0.140380998444925,4
urn:mavedb:00000096-b-1#2170,,,p.Cys434Glu,-0.1678723087915299,0.3271917743090399,4
urn:mavedb:00000096-b-1#2171,,,p.Cys434Gly,0.230398912662637,0.2771053384221599,8
urn:mavedb:00000096-b-1#2172,,,p.Cys434His,0.132501260497944,0.4368851233073449,4
urn:mavedb:00000096-b-1#2173,,,p.Cys434Ile,0.437844837671358,0.122520005560085,4
urn:mavedb:00000096-b-1#2174,,,p.Cys434Leu,0.443994093025418,0.236378641742338,12
urn:mavedb:00000096-b-1#2175,,,p.Cys434Lys,-0.525540238543282,0.435245313862532,4
urn:mavedb:00000096-b-1#2176,,,p.Cys434Met,-0.0133204595374981,0.189902157055737,4
urn:mavedb:00000096-b-1#2177,,,p.Cys434Pro,0.139638490471338,0.367164317946077,8
urn:mavedb:00000096-b-1#2178,,,p.Cys434Ser,1.10509950583673,0.574346741654333,8
urn:mavedb:00000096-b-1#2179,,,p.Cys434Ter,0.200615150123295,0.736680100466447,4
urn:mavedb:00000096-b-1#2180,,,p.Cys434Thr,0.775441781638673,0.5579186914376529,8
urn:mavedb:00000096-b-1#2181,,,p.Cys434Trp,0.526215813681506,0.2174091152625339,4
urn:mavedb:00000096-b-1#2182,,,p.Cys434Tyr,0.296404008906236,1.01054114946121,4
urn:mavedb:00000096-b-1#2183,,,p.Cys434Val,0.905408722392298,0.294993667815246,8
urn:mavedb:00000096-b-1#2184,,,p.Cys457=,1.4245399506116998,0.172580304854063,4
urn:mavedb:00000096-b-1#2185,,,p.Cys457Ala,0.9939932908632928,0.161703325714894,8
urn:mavedb:00000096-b-1#2186,,,p.Cys457Arg,1.01442844745969,0.146346749849333,12
urn:mavedb:00000096-b-1#2187,,,p.Cys457Asn,1.13629591728384,0.0926638627587145,4
urn:mavedb:00000096-b-1#2188,,,p.Cys457Asp,1.1730710721391102,0.1138738251833469,4
urn:mavedb:00000096-b-1#2189,,,p.Cys457Gln,0.7849984108068979,0.0681420712616348,4
urn:mavedb:00000096-b-1#2190,,,p.Cys457Gly,1.02238181214127,0.0525670463682588,8
urn:mavedb:00000096-b-1#2191,,,p.Cys457His,0.6784124871108161,0.084479530611621,4
urn:mavedb:00000096-b-1#2192,,,p.Cys457Ile,0.9746359163913292,0.1529402910620019,4
urn:mavedb:00000096-b-1#2193,,,p.Cys457Leu,1.04409996832832,0.149266143447741,12
urn:mavedb:00000096-b-1#2194,,,p.Cys457Lys,0.969425938383037,0.0707404844061017,4
urn:mavedb:00000096-b-1#2195,,,p.Cys457Phe,1.07307238767365,0.13606065054139,4
urn:mavedb:00000096-b-1#2196,,,p.Cys457Pro,0.8666932240986229,0.362872841369147,8
urn:mavedb:00000096-b-1#2197,,,p.Cys457Ser,1.07858034283473,0.154652614750191,12
urn:mavedb:00000096-b-1#2198,,,p.Cys457Ter,0.497967793658932,0.198363849781494,4
urn:mavedb:00000096-b-1#2199,,,p.Cys457Thr,1.13440107035688,0.316763402027873,4
urn:mavedb:00000096-b-1#2200,,,p.Cys457Tyr,0.82971001396899,0.212560679832488,4
urn:mavedb:00000096-b-1#2201,,,p.Cys461=,0.977259164630175,0.7224431017537459,4
urn:mavedb:00000096-b-1#2202,,,p.Cys461Ala,1.14923476290946,0.179967171674207,8
urn:mavedb:00000096-b-1#2203,,,p.Cys461Arg,1.15194270765999,0.1668307177380419,12
urn:mavedb:00000096-b-1#2204,,,p.Cys461Asn,0.6813790738383628,0.5030913001163511,4
urn:mavedb:00000096-b-1#2205,,,p.Cys461Asp,1.04589311241137,0.443596919260531,4
urn:mavedb:00000096-b-1#2206,,,p.Cys461Gln,0.8346256452647379,0.666125784763407,4
urn:mavedb:00000096-b-1#2207,,,p.Cys461Glu,0.9881089116719473,0.596160941785578,4
urn:mavedb:00000096-b-1#2208,,,p.Cys461Gly,1.11813748026639,0.0605869423065858,8
urn:mavedb:00000096-b-1#2209,,,p.Cys461His,0.432909783057174,0.1433916503414899,4
urn:mavedb:00000096-b-1#2210,,,p.Cys461Ile,0.322091331263798,0.1239141248012269,4
urn:mavedb:00000096-b-1#2211,,,p.Cys461Leu,0.757753692336339,0.360525805681794,12
urn:mavedb:00000096-b-1#2212,,,p.Cys461Lys,1.1012233531803,0.0823533473243625,4
urn:mavedb:00000096-b-1#2213,,,p.Cys461Met,1.0199539841749798,0.127012606906973,4
urn:mavedb:00000096-b-1#2214,,,p.Cys461Phe,0.981828661280074,0.182359724044327,4
urn:mavedb:00000096-b-1#2215,,,p.Cys461Pro,0.6011483636629069,0.2144513528361939,8
urn:mavedb:00000096-b-1#2216,,,p.Cys461Ser,0.8583493202593109,0.4594798246517321,12
urn:mavedb:00000096-b-1#2217,,,p.Cys461Ter,1.06072251715208,0.486952979593644,8
urn:mavedb:00000096-b-1#2218,,,p.Cys461Thr,0.8841926962885078,0.2450666019668689,8
urn:mavedb:00000096-b-1#2219,,,p.Cys461Trp,1.00236768527774,0.191096162857183,4
urn:mavedb:00000096-b-1#2220,,,p.Gln106=,1.02389380312119,0.656852958867933,4
urn:mavedb:00000096-b-1#2221,,,p.Gln106Ala,0.8152251286657421,0.281874240310549,8
urn:mavedb:00000096-b-1#2222,,,p.Gln106Arg,0.9330648653220828,0.201445654100501,16
urn:mavedb:00000096-b-1#2223,,,p.Gln106Asn,1.06893750511881,0.0975401605907376,4
urn:mavedb:00000096-b-1#2224,,,p.Gln106Cys,0.94350837537558,0.157222272264293,4
urn:mavedb:00000096-b-1#2225,,,p.Gln106Glu,0.993208865753074,0.250642428727843,4
urn:mavedb:00000096-b-1#2226,,,p.Gln106Gly,0.8127429986648651,0.245103892646492,8
urn:mavedb:00000096-b-1#2227,,,p.Gln106His,0.666467567185819,0.461053394109312,4
urn:mavedb:00000096-b-1#2228,,,p.Gln106Ile,1.11425471328535,0.125747514367428,4
urn:mavedb:00000096-b-1#2229,,,p.Gln106Leu,0.9234858732638028,0.154092089175892,12
urn:mavedb:00000096-b-1#2230,,,p.Gln106Lys,0.9662159668258772,0.141963225159745,4
urn:mavedb:00000096-b-1#2231,,,p.Gln106Met,0.892184739835034,0.0668727663948988,4
urn:mavedb:00000096-b-1#2232,,,p.Gln106Phe,0.849110925660338,0.0855252058842105,4
urn:mavedb:00000096-b-1#2233,,,p.Gln106Pro,0.1918743791711959,0.1884069463012389,8
urn:mavedb:00000096-b-1#2234,,,p.Gln106Ser,0.903975458479664,0.174854899207791,12
urn:mavedb:00000096-b-1#2235,,,p.Gln106Ter,-0.0013432862214369,0.6976989152846059,4
urn:mavedb:00000096-b-1#2236,,,p.Gln106Thr,1.00043396841306,0.240798336517605,8
urn:mavedb:00000096-b-1#2237,,,p.Gln106Trp,0.5940670339750379,0.559832127657476,4
urn:mavedb:00000096-b-1#2238,,,p.Gln106Tyr,0.639967354265388,0.342790111532273,4
urn:mavedb:00000096-b-1#2239,,,p.Gln106Val,1.11080529271235,0.125713072133193,8
urn:mavedb:00000096-b-1#2240,,,p.Gln138=,1.00557355108797,0.205779006299076,4
urn:mavedb:00000096-b-1#2241,,,p.Gln138Ala,0.7138487877590128,0.105143150721088,8
urn:mavedb:00000096-b-1#2242,,,p.Gln138Arg,0.9734190759335608,0.165576235761229,12
urn:mavedb:00000096-b-1#2243,,,p.Gln138Asn,0.929684424859713,0.1949295769631379,4
urn:mavedb:00000096-b-1#2244,,,p.Gln138Cys,0.8088132524305479,0.0778029674953553,4
urn:mavedb:00000096-b-1#2245,,,p.Gln138Glu,0.7507348031182008,0.288201985921358,4
urn:mavedb:00000096-b-1#2246,,,p.Gln138Gly,0.9475970993190228,0.201590970464477,8
urn:mavedb:00000096-b-1#2247,,,p.Gln138His,1.05865889939821,0.6720128054647421,4
urn:mavedb:00000096-b-1#2248,,,p.Gln138Ile,0.574927972460244,0.1749643277245549,4
urn:mavedb:00000096-b-1#2249,,,p.Gln138Leu,0.7135124051900171,0.1481323210975109,8
urn:mavedb:00000096-b-1#2250,,,p.Gln138Lys,0.396775775671131,0.1050001147313669,4
urn:mavedb:00000096-b-1#2251,,,p.Gln138Met,0.7004751391855021,0.0932216425401054,4
urn:mavedb:00000096-b-1#2252,,,p.Gln138Phe,0.4236199720798,0.1736268900605889,4
urn:mavedb:00000096-b-1#2253,,,p.Gln138Pro,0.6911111077790749,0.335479535421122,12
urn:mavedb:00000096-b-1#2254,,,p.Gln138Ser,0.900060198001389,0.181424332563508,12
urn:mavedb:00000096-b-1#2255,,,p.Gln138Ter,0.492523641672982,0.367906924577924,4
urn:mavedb:00000096-b-1#2256,,,p.Gln138Thr,0.646115581468621,0.142426072403074,4
urn:mavedb:00000096-b-1#2257,,,p.Gln138Trp,0.56691965801541,0.5966196882618969,4
urn:mavedb:00000096-b-1#2258,,,p.Gln138Tyr,0.617533323529711,0.438128369753994,4
urn:mavedb:00000096-b-1#2259,,,p.Gln138Val,0.6971106621726211,0.150396197057353,4
urn:mavedb:00000096-b-1#2260,,,p.Gln18=,1.22730347694066,0.400779951906017,4
urn:mavedb:00000096-b-1#2261,,,p.Gln18Ala,0.969097736947577,0.2348355491825619,8
urn:mavedb:00000096-b-1#2262,,,p.Gln18Arg,0.663922732215689,0.3753187588285229,12
urn:mavedb:00000096-b-1#2263,,,p.Gln18Asn,0.91069418178002,0.489269342594157,4
urn:mavedb:00000096-b-1#2264,,,p.Gln18Asp,1.32253623787523,0.531836333727716,4
urn:mavedb:00000096-b-1#2265,,,p.Gln18Cys,1.16111516406562,0.0588888259747254,4
urn:mavedb:00000096-b-1#2266,,,p.Gln18Glu,1.02797588138445,0.112332358441984,4
urn:mavedb:00000096-b-1#2267,,,p.Gln18Gly,0.786912577324442,0.2076173743614,8
urn:mavedb:00000096-b-1#2268,,,p.Gln18His,1.25555682450973,0.265339928857322,4
urn:mavedb:00000096-b-1#2269,,,p.Gln18Ile,1.2538557744331,0.155090749823543,4
urn:mavedb:00000096-b-1#2270,,,p.Gln18Leu,0.753562927185785,0.355451136641207,12
urn:mavedb:00000096-b-1#2271,,,p.Gln18Lys,1.08109584777485,0.1918428863580689,4
urn:mavedb:00000096-b-1#2272,,,p.Gln18Met,0.597268707468401,0.2287834442788419,4
urn:mavedb:00000096-b-1#2273,,,p.Gln18Phe,1.12808163770403,0.098504972513307,4
urn:mavedb:00000096-b-1#2274,,,p.Gln18Pro,0.765573617824052,0.311252713873665,12
urn:mavedb:00000096-b-1#2275,,,p.Gln18Ser,1.1996920355785,0.3596491264217399,12
urn:mavedb:00000096-b-1#2276,,,p.Gln18Ter,0.0050606339841391,0.2422071805056189,4
urn:mavedb:00000096-b-1#2277,,,p.Gln18Thr,0.733088223936245,0.476713586149462,8
urn:mavedb:00000096-b-1#2278,,,p.Gln18Trp,1.14211149393775,0.127212937451666,4
urn:mavedb:00000096-b-1#2279,,,p.Gln18Tyr,0.526540451512718,0.298041004491822,4
urn:mavedb:00000096-b-1#2280,,,p.Gln18Val,0.7893041862488991,0.279878940788872,8
urn:mavedb:00000096-b-1#2281,,,p.Gln219=,1.06370534577674,0.4951209763283449,4
urn:mavedb:00000096-b-1#2282,,,p.Gln219Ala,0.71248912432512,0.0971887897565075,4
urn:mavedb:00000096-b-1#2283,,,p.Gln219Arg,0.817454923740475,0.193724851045495,12
urn:mavedb:00000096-b-1#2284,,,p.Gln219Asn,1.02066364811657,0.405007218617837,4
urn:mavedb:00000096-b-1#2285,,,p.Gln219Asp,0.979187421625847,0.6574355004895109,4
urn:mavedb:00000096-b-1#2286,,,p.Gln219Cys,1.2931691873743,0.206472525216158,4
urn:mavedb:00000096-b-1#2287,,,p.Gln219Glu,0.7654232544437142,0.6333210034078101,4
urn:mavedb:00000096-b-1#2288,,,p.Gln219Gly,0.7973343813925441,0.229833983010831,8
urn:mavedb:00000096-b-1#2289,,,p.Gln219His,1.20877308330545,0.1000265663302119,4
urn:mavedb:00000096-b-1#2290,,,p.Gln219Ile,0.8006304381992642,0.227540540730535,4
urn:mavedb:00000096-b-1#2291,,,p.Gln219Leu,0.8091303459275592,0.2174240309609469,12
urn:mavedb:00000096-b-1#2292,,,p.Gln219Lys,0.9284800016121948,0.6606611925276851,4
urn:mavedb:00000096-b-1#2293,,,p.Gln219Met,0.439046646739258,0.103462285888422,4
urn:mavedb:00000096-b-1#2294,,,p.Gln219Phe,1.03322007489758,0.0463286717383514,4
urn:mavedb:00000096-b-1#2295,,,p.Gln219Pro,0.774649594604263,0.5721486582768079,8
urn:mavedb:00000096-b-1#2296,,,p.Gln219Ser,0.892006547575098,0.524176974056571,12
urn:mavedb:00000096-b-1#2297,,,p.Gln219Ter,0.472654969270373,0.0872132010653051,4
urn:mavedb:00000096-b-1#2298,,,p.Gln219Thr,0.898538678283615,0.256559397285578,8
urn:mavedb:00000096-b-1#2299,,,p.Gln219Trp,0.7542431872199291,0.0901148657815993,4
urn:mavedb:00000096-b-1#2300,,,p.Gln219Val,0.9448769211797242,0.449335331814837,8
urn:mavedb:00000096-b-1#2301,,,p.Gln239=,0.893143555825374,0.144805292318072,4
urn:mavedb:00000096-b-1#2302,,,p.Gln239Ala,0.780438188597764,0.118964131297342,8
urn:mavedb:00000096-b-1#2303,,,p.Gln239Arg,0.8312233643454051,0.389270024126051,16
urn:mavedb:00000096-b-1#2304,,,p.Gln239Asn,0.90432764948977,0.73086398748907,4
urn:mavedb:00000096-b-1#2305,,,p.Gln239Asp,0.893291897093253,0.558617262116209,4
urn:mavedb:00000096-b-1#2306,,,p.Gln239Cys,0.98830193628853,0.127027834875131,4
urn:mavedb:00000096-b-1#2307,,,p.Gln239Glu,0.8312636249756991,0.219970425641268,4
urn:mavedb:00000096-b-1#2308,,,p.Gln239Gly,0.851543326616102,0.134184858350933,8
urn:mavedb:00000096-b-1#2309,,,p.Gln239His,1.00362829101081,0.0775865306324743,4
urn:mavedb:00000096-b-1#2310,,,p.Gln239Ile,1.13517040982445,0.0659729631316577,4
urn:mavedb:00000096-b-1#2311,,,p.Gln239Leu,0.800659817747998,0.350234342295575,12
urn:mavedb:00000096-b-1#2312,,,p.Gln239Lys,0.917007212805624,0.115728073213076,4
urn:mavedb:00000096-b-1#2313,,,p.Gln239Met,0.998124030602832,0.361284879038126,4
urn:mavedb:00000096-b-1#2314,,,p.Gln239Phe,0.80737395393204,0.151724492543182,4
urn:mavedb:00000096-b-1#2315,,,p.Gln239Pro,0.7845457847826209,0.4975858616370711,8
urn:mavedb:00000096-b-1#2316,,,p.Gln239Ser,0.714595497535855,0.249699993828366,12
urn:mavedb:00000096-b-1#2317,,,p.Gln239Ter,0.0993778363166658,0.136680861178528,4
urn:mavedb:00000096-b-1#2318,,,p.Gln239Thr,0.9857797637759228,0.47300834676613,8
urn:mavedb:00000096-b-1#2319,,,p.Gln239Trp,0.92041958948047,0.0651948167167415,4
urn:mavedb:00000096-b-1#2320,,,p.Gln239Tyr,0.917706663012801,0.114813499916756,4
urn:mavedb:00000096-b-1#2321,,,p.Gln239Val,0.8708597243729509,0.0552181095798583,8
urn:mavedb:00000096-b-1#2322,,,p.Gln24=,0.941512685100927,0.304673106025908,4
urn:mavedb:00000096-b-1#2323,,,p.Gln24Ala,0.9118139543119368,0.286063689724842,4
urn:mavedb:00000096-b-1#2324,,,p.Gln24Arg,1.08181807639082,0.3410050955420369,16
urn:mavedb:00000096-b-1#2325,,,p.Gln24Cys,1.15687306866239,0.0765877913012323,4
urn:mavedb:00000096-b-1#2326,,,p.Gln24Glu,1.04172718301668,0.729001755240423,4
urn:mavedb:00000096-b-1#2327,,,p.Gln24Gly,1.03414495396498,0.474983144218329,8
urn:mavedb:00000096-b-1#2328,,,p.Gln24His,1.34169844121662,0.204450922367338,4
urn:mavedb:00000096-b-1#2329,,,p.Gln24Ile,0.957201396480365,0.130735169703423,4
urn:mavedb:00000096-b-1#2330,,,p.Gln24Leu,0.5964252635960681,0.2418202497264069,12
urn:mavedb:00000096-b-1#2331,,,p.Gln24Lys,1.2430694407898,0.124147650835556,4
urn:mavedb:00000096-b-1#2332,,,p.Gln24Met,0.6034885587163079,0.664066618899309,4
urn:mavedb:00000096-b-1#2333,,,p.Gln24Phe,0.761978054168206,0.100649733052137,4
urn:mavedb:00000096-b-1#2334,,,p.Gln24Pro,0.368482306775137,0.617486678601215,8
urn:mavedb:00000096-b-1#2335,,,p.Gln24Ser,0.899682447842828,0.340843328141963,12
urn:mavedb:00000096-b-1#2336,,,p.Gln24Ter,-0.271018882612065,0.3628325776722321,4
urn:mavedb:00000096-b-1#2337,,,p.Gln24Thr,0.7575061168553442,0.423421681658891,8
urn:mavedb:00000096-b-1#2338,,,p.Gln24Trp,1.60960868202501,0.0594858138558808,4
urn:mavedb:00000096-b-1#2339,,,p.Gln24Tyr,0.504366516486483,0.5034281601695759,4
urn:mavedb:00000096-b-1#2340,,,p.Gln24Val,1.07734012034329,0.3898784896989579,8
urn:mavedb:00000096-b-1#2341,,,p.Gln26=,0.944596236729896,0.386412076388137,4
urn:mavedb:00000096-b-1#2342,,,p.Gln26Ala,0.708513300817301,0.266960780367255,8
urn:mavedb:00000096-b-1#2343,,,p.Gln26Arg,0.662650915541559,0.225147737391528,12
urn:mavedb:00000096-b-1#2344,,,p.Gln26Asn,1.17396564340977,0.6955923898946789,4
urn:mavedb:00000096-b-1#2345,,,p.Gln26Asp,0.813044802677212,0.189964616901417,4
urn:mavedb:00000096-b-1#2346,,,p.Gln26Cys,1.1844240730653302,0.101821457682005,4
urn:mavedb:00000096-b-1#2347,,,p.Gln26Glu,1.04490780485188,0.44570035635528,4
urn:mavedb:00000096-b-1#2348,,,p.Gln26Gly,0.8921090659541642,0.202473643076901,8
urn:mavedb:00000096-b-1#2349,,,p.Gln26Ile,0.8665781772595459,0.4083470706207439,4
urn:mavedb:00000096-b-1#2350,,,p.Gln26Leu,0.74483692048059,0.245954885066968,8
urn:mavedb:00000096-b-1#2351,,,p.Gln26Lys,0.579167492612076,0.654353935508843,4
urn:mavedb:00000096-b-1#2352,,,p.Gln26Met,0.426334930381932,0.129652656571958,4
urn:mavedb:00000096-b-1#2353,,,p.Gln26Phe,0.8416029290991941,0.0682306108761701,4
urn:mavedb:00000096-b-1#2354,,,p.Gln26Pro,0.673236538963073,0.3186806406847439,8
urn:mavedb:00000096-b-1#2355,,,p.Gln26Ser,0.928851215702139,0.2420988463035989,8
urn:mavedb:00000096-b-1#2356,,,p.Gln26Ter,-0.0712128101218567,0.23084628812339,4
urn:mavedb:00000096-b-1#2357,,,p.Gln26Thr,1.09481117684015,0.291667631808205,8
urn:mavedb:00000096-b-1#2358,,,p.Gln26Trp,0.748149291996707,0.0843534800969866,4
urn:mavedb:00000096-b-1#2359,,,p.Gln26Tyr,0.4708631269382439,0.114958524388558,4
urn:mavedb:00000096-b-1#2360,,,p.Gln26Val,0.979181537925398,0.270676982598306,8
urn:mavedb:00000096-b-1#2361,,,p.Gln286=,0.987556159928552,0.1956869656490089,4
urn:mavedb:00000096-b-1#2362,,,p.Gln286Ala,1.03747609214835,0.106749919506562,8
urn:mavedb:00000096-b-1#2363,,,p.Gln286Arg,1.09652938943384,0.197171709617291,16
urn:mavedb:00000096-b-1#2364,,,p.Gln286Asn,1.09679844097613,0.187268726230176,4
urn:mavedb:00000096-b-1#2365,,,p.Gln286Asp,0.7017351692310629,0.438944149498734,4
urn:mavedb:00000096-b-1#2366,,,p.Gln286Cys,1.16265043933152,0.03645320896373,4
urn:mavedb:00000096-b-1#2367,,,p.Gln286Glu,0.920712725264654,0.0600622445921033,4
urn:mavedb:00000096-b-1#2368,,,p.Gln286Gly,0.876278470072764,0.0907082690701773,8
urn:mavedb:00000096-b-1#2369,,,p.Gln286His,1.0948896325362398,0.303401172500771,4
urn:mavedb:00000096-b-1#2370,,,p.Gln286Ile,1.11333786288351,0.089276604624404,4
urn:mavedb:00000096-b-1#2371,,,p.Gln286Leu,0.98825992541382,0.113672811827251,12
urn:mavedb:00000096-b-1#2372,,,p.Gln286Lys,0.6992895120691371,0.0600722644250857,4
urn:mavedb:00000096-b-1#2373,,,p.Gln286Pro,0.411763922363805,0.1062033915888169,8
urn:mavedb:00000096-b-1#2374,,,p.Gln286Ser,1.0680355677221898,0.203345129633358,12
urn:mavedb:00000096-b-1#2375,,,p.Gln286Ter,0.348996177948241,0.0801437981366822,4
urn:mavedb:00000096-b-1#2376,,,p.Gln286Thr,1.09586434954485,0.0872205702704613,8
urn:mavedb:00000096-b-1#2377,,,p.Gln286Trp,0.769924592763836,0.155584551627374,4
urn:mavedb:00000096-b-1#2378,,,p.Gln286Tyr,0.8441555544011651,0.235355126470197,4
urn:mavedb:00000096-b-1#2379,,,p.Gln286Val,1.14493112395107,0.309201864695552,8
urn:mavedb:00000096-b-1#2380,,,p.Gln287=,1.49253592443844,0.1194065639132739,4
urn:mavedb:00000096-b-1#2381,,,p.Gln287Ala,0.982067629031344,0.299419602147817,8
urn:mavedb:00000096-b-1#2382,,,p.Gln287Arg,0.887621661950292,0.2612633373641039,12
urn:mavedb:00000096-b-1#2383,,,p.Gln287Asn,1.18668609008027,0.0911001497367854,4
urn:mavedb:00000096-b-1#2384,,,p.Gln287Asp,0.643046933965431,0.355202859704721,4
urn:mavedb:00000096-b-1#2385,,,p.Gln287Cys,0.794393725948669,0.384174357871751,4
urn:mavedb:00000096-b-1#2386,,,p.Gln287Glu,0.5563660154798851,0.664232520406179,4
urn:mavedb:00000096-b-1#2387,,,p.Gln287Gly,0.797390570067757,0.1773510206967199,4
urn:mavedb:00000096-b-1#2388,,,p.Gln287Ile,0.9734676453525288,0.679874726033779,4
urn:mavedb:00000096-b-1#2389,,,p.Gln287Leu,1.02485442755816,0.186576030601748,8
urn:mavedb:00000096-b-1#2390,,,p.Gln287Lys,0.903028259571298,0.0789990894160641,4
urn:mavedb:00000096-b-1#2391,,,p.Gln287Met,1.09466965627678,0.1182267930162599,4
urn:mavedb:00000096-b-1#2392,,,p.Gln287Phe,0.6480639104690601,0.170912638469963,4
urn:mavedb:00000096-b-1#2393,,,p.Gln287Pro,0.0123696521125982,0.415433274334948,8
urn:mavedb:00000096-b-1#2394,,,p.Gln287Ser,0.928826507812183,0.217617362403426,12
urn:mavedb:00000096-b-1#2395,,,p.Gln287Ter,0.50657169988759,0.110082922977893,4
urn:mavedb:00000096-b-1#2396,,,p.Gln287Thr,0.7741360717953649,0.0806952266392744,4
urn:mavedb:00000096-b-1#2397,,,p.Gln287Trp,0.8934981599399829,0.3593139237449179,4
urn:mavedb:00000096-b-1#2398,,,p.Gln287Val,0.850373927012041,0.341843667401796,8
urn:mavedb:00000096-b-1#2399,,,p.Gln323=,1.07464202953415,0.358442471514493,4
urn:mavedb:00000096-b-1#2400,,,p.Gln323Ala,0.854956614386082,0.0843525902385287,8
urn:mavedb:00000096-b-1#2401,,,p.Gln323Arg,0.8310004093500111,0.110000095553223,12
urn:mavedb:00000096-b-1#2402,,,p.Gln323Asn,1.12372492106714,0.417941841652927,4
urn:mavedb:00000096-b-1#2403,,,p.Gln323Asp,0.9749252328413158,0.0819221188397986,4
urn:mavedb:00000096-b-1#2404,,,p.Gln323Cys,1.02724464366581,0.0458237312985661,4
urn:mavedb:00000096-b-1#2405,,,p.Gln323Glu,0.8078116847514131,0.630218947259349,4
urn:mavedb:00000096-b-1#2406,,,p.Gln323Gly,1.00847903380958,0.0733009840576969,8
urn:mavedb:00000096-b-1#2407,,,p.Gln323His,0.75213711395747,0.395536481095805,4
urn:mavedb:00000096-b-1#2408,,,p.Gln323Ile,0.870558046495111,0.116323332344425,4
urn:mavedb:00000096-b-1#2409,,,p.Gln323Leu,0.88555088151971,0.121235966770356,8
urn:mavedb:00000096-b-1#2410,,,p.Gln323Lys,1.19955943234633,0.095103134339679,4
urn:mavedb:00000096-b-1#2411,,,p.Gln323Met,0.8789837327111991,0.0800489073051641,4
urn:mavedb:00000096-b-1#2412,,,p.Gln323Phe,0.7616127876785139,0.0722400057194271,4
urn:mavedb:00000096-b-1#2413,,,p.Gln323Pro,0.9623897694918578,0.123826652928493,8
urn:mavedb:00000096-b-1#2414,,,p.Gln323Ser,0.7354511821652371,0.145846600194704,8
urn:mavedb:00000096-b-1#2415,,,p.Gln323Ter,0.30220441022111,0.6396202854635661,8
urn:mavedb:00000096-b-1#2416,,,p.Gln323Thr,0.753374865379263,0.170401926015089,8
urn:mavedb:00000096-b-1#2417,,,p.Gln323Trp,0.569840103865542,0.0615079802827117,4
urn:mavedb:00000096-b-1#2418,,,p.Gln323Tyr,0.522027243988374,0.0707083816361136,4
urn:mavedb:00000096-b-1#2419,,,p.Gln323Val,0.85129122688171,0.1844178346596819,8
urn:mavedb:00000096-b-1#2420,,,p.Gln337=,1.1554954415173402,0.232289285366417,4
urn:mavedb:00000096-b-1#2421,,,p.Gln337Ala,1.0708652020195,0.1809411582220689,8
urn:mavedb:00000096-b-1#2422,,,p.Gln337Arg,0.850786918607979,0.27929100368256,16
urn:mavedb:00000096-b-1#2423,,,p.Gln337Asn,0.7339923331988409,0.1407154108736369,4
urn:mavedb:00000096-b-1#2424,,,p.Gln337Asp,0.647116924067072,0.296131728017711,4
urn:mavedb:00000096-b-1#2425,,,p.Gln337Cys,0.560921789125354,0.0964153030480739,4
urn:mavedb:00000096-b-1#2426,,,p.Gln337Glu,0.6795706362475589,0.214415425067713,4
urn:mavedb:00000096-b-1#2427,,,p.Gln337Gly,0.845397447008824,0.2421555649690309,8
urn:mavedb:00000096-b-1#2428,,,p.Gln337His,1.00298058051598,0.336098370430813,8
urn:mavedb:00000096-b-1#2429,,,p.Gln337Ile,0.747797936026234,0.0588119416088549,4
urn:mavedb:00000096-b-1#2430,,,p.Gln337Leu,0.95271443415389,0.127644065057931,12
urn:mavedb:00000096-b-1#2431,,,p.Gln337Lys,1.16519778140848,0.4144375928568979,4
urn:mavedb:00000096-b-1#2432,,,p.Gln337Met,0.6953260481035178,0.0675195249476115,4
urn:mavedb:00000096-b-1#2433,,,p.Gln337Phe,0.669570530855593,0.076113612642586,4
urn:mavedb:00000096-b-1#2434,,,p.Gln337Pro,0.426232222452986,0.190037407926118,8
urn:mavedb:00000096-b-1#2435,,,p.Gln337Ser,0.910256221179622,0.0894843893451912,12
urn:mavedb:00000096-b-1#2436,,,p.Gln337Ter,0.0324368978820542,0.149926536887028,4
urn:mavedb:00000096-b-1#2437,,,p.Gln337Thr,0.90849912783447,0.15956950574173,8
urn:mavedb:00000096-b-1#2438,,,p.Gln337Trp,0.698239734574325,0.581143719290027,4
urn:mavedb:00000096-b-1#2439,,,p.Gln337Tyr,0.780194856068474,0.112710615580416,4
urn:mavedb:00000096-b-1#2440,,,p.Gln337Val,0.791681783120847,0.177118969157758,8
urn:mavedb:00000096-b-1#2441,,,p.Gln347=,1.05086332058613,0.138085527834317,4
urn:mavedb:00000096-b-1#2442,,,p.Gln347Ala,0.922564695918298,0.0509446899522624,8
urn:mavedb:00000096-b-1#2443,,,p.Gln347Arg,0.6824753464559239,0.129376918013533,12
urn:mavedb:00000096-b-1#2444,,,p.Gln347Asn,0.9109927552173248,0.0532690311399685,4
urn:mavedb:00000096-b-1#2445,,,p.Gln347Asp,1.03796857954629,0.103380636873205,4
urn:mavedb:00000096-b-1#2446,,,p.Gln347Cys,1.17330588018963,0.0345286622750398,4
urn:mavedb:00000096-b-1#2447,,,p.Gln347Gly,1.0794285312617,0.11674101473857,8
urn:mavedb:00000096-b-1#2448,,,p.Gln347His,0.6939403221304351,0.518177322407603,4
urn:mavedb:00000096-b-1#2449,,,p.Gln347Ile,1.03584018945997,0.109841364316673,4
urn:mavedb:00000096-b-1#2450,,,p.Gln347Leu,0.95681190995629,0.114553538112789,12
urn:mavedb:00000096-b-1#2451,,,p.Gln347Lys,0.9865103630187728,0.0536393941672919,4
urn:mavedb:00000096-b-1#2452,,,p.Gln347Met,1.2776340442032,0.0836611820974196,4
urn:mavedb:00000096-b-1#2453,,,p.Gln347Pro,0.7871009866103141,0.605148255673957,8
urn:mavedb:00000096-b-1#2454,,,p.Gln347Ser,0.847176617861235,0.167348592838454,12
urn:mavedb:00000096-b-1#2455,,,p.Gln347Ter,-0.2868265598942159,0.153049278942347,4
urn:mavedb:00000096-b-1#2456,,,p.Gln347Thr,1.1338095594725,0.171505703442561,8
urn:mavedb:00000096-b-1#2457,,,p.Gln347Trp,0.7109577119116999,0.430160872566285,4
urn:mavedb:00000096-b-1#2458,,,p.Gln347Tyr,1.01486307666391,0.0458170089060962,4
urn:mavedb:00000096-b-1#2459,,,p.Gln347Val,1.03931648243898,0.103908584125446,8
urn:mavedb:00000096-b-1#2460,,,p.Gln38=,1.05928301393083,0.503561100688818,4
urn:mavedb:00000096-b-1#2461,,,p.Gln38Ala,0.784732746491973,0.6024423016193821,8
urn:mavedb:00000096-b-1#2462,,,p.Gln38Arg,0.9798222112335472,0.37873416738526,12
urn:mavedb:00000096-b-1#2463,,,p.Gln38Asn,0.686816080110718,0.5807243083941199,4
urn:mavedb:00000096-b-1#2464,,,p.Gln38Asp,0.5440520389246329,0.4029914758397129,4
urn:mavedb:00000096-b-1#2465,,,p.Gln38Cys,0.874153209269691,0.0726600199465556,4
urn:mavedb:00000096-b-1#2466,,,p.Gln38Glu,0.4118405870241879,0.114238620860918,4
urn:mavedb:00000096-b-1#2467,,,p.Gln38Gly,0.7754357063587509,0.117173596952958,8
urn:mavedb:00000096-b-1#2468,,,p.Gln38His,1.04223606041232,0.567277615996675,4
urn:mavedb:00000096-b-1#2469,,,p.Gln38Ile,0.962742860841669,0.524087564431274,4
urn:mavedb:00000096-b-1#2470,,,p.Gln38Leu,0.755572589204247,0.1390650708559719,12
urn:mavedb:00000096-b-1#2471,,,p.Gln38Lys,0.98982661473521,0.146217693494469,4
urn:mavedb:00000096-b-1#2472,,,p.Gln38Met,0.9218353738422868,0.575382532996482,4
urn:mavedb:00000096-b-1#2473,,,p.Gln38Phe,0.610706608619541,0.0717653927337592,4
urn:mavedb:00000096-b-1#2474,,,p.Gln38Pro,0.106786323737973,0.295281423195706,8
urn:mavedb:00000096-b-1#2475,,,p.Gln38Ser,0.36268579850775,0.400256061893977,8
urn:mavedb:00000096-b-1#2476,,,p.Gln38Ter,-0.0645631287850506,0.369772717814927,8
urn:mavedb:00000096-b-1#2477,,,p.Gln38Thr,0.111631964005663,0.306741776157378,8
urn:mavedb:00000096-b-1#2478,,,p.Gln38Trp,1.0220742154850402,0.0631344667095513,4
urn:mavedb:00000096-b-1#2479,,,p.Gln38Tyr,0.660062636038844,0.7406784434228509,4
urn:mavedb:00000096-b-1#2480,,,p.Gln38Val,0.7925041024668079,0.109294927246688,8
urn:mavedb:00000096-b-1#2481,,,p.Gln465Ala,0.924054850339963,0.317565373395541,8
urn:mavedb:00000096-b-1#2482,,,p.Gln465Arg,0.532528797688404,0.3294353207647669,4
urn:mavedb:00000096-b-1#2483,,,p.Gln465Asn,0.107445383809323,0.213714694914774,4
urn:mavedb:00000096-b-1#2484,,,p.Gln465Cys,0.987677454276513,0.0636621449130498,4
urn:mavedb:00000096-b-1#2485,,,p.Gln465Glu,0.714857543740617,0.6620689648172309,4
urn:mavedb:00000096-b-1#2486,,,p.Gln465Gly,0.7855412173658951,0.147721552641329,8
urn:mavedb:00000096-b-1#2487,,,p.Gln465Ile,0.794979665256687,0.088114088921121,4
urn:mavedb:00000096-b-1#2488,,,p.Gln465Leu,1.0170797107236,0.251940553270618,8
urn:mavedb:00000096-b-1#2489,,,p.Gln465Lys,0.6255007885247261,0.615262054560599,4
urn:mavedb:00000096-b-1#2490,,,p.Gln465Met,0.812665384110632,0.878843711550886,4
urn:mavedb:00000096-b-1#2491,,,p.Gln465Phe,0.689124053949639,0.11118613664448,4
urn:mavedb:00000096-b-1#2492,,,p.Gln465Ser,1.09743099505774,0.237533685501392,8
urn:mavedb:00000096-b-1#2493,,,p.Gln465Ter,0.632650930058557,0.696908018853836,8
urn:mavedb:00000096-b-1#2494,,,p.Gln465Thr,0.6340471075933989,0.373450701613884,4
urn:mavedb:00000096-b-1#2495,,,p.Gln465Trp,0.7554862795840269,0.0810394798518951,4
urn:mavedb:00000096-b-1#2496,,,p.Gln465Tyr,0.775108531830065,0.0858013985943437,4
urn:mavedb:00000096-b-1#2497,,,p.Gln465Val,0.631121629977364,0.359964850873082,8
urn:mavedb:00000096-b-1#2498,,,p.Gln98=,0.551945658881829,0.4379988383079949,4
urn:mavedb:00000096-b-1#2499,,,p.Gln98Ala,1.0761796767717802,0.0805020613456268,8
urn:mavedb:00000096-b-1#2500,,,p.Gln98Arg,0.811284736961186,0.222637999016385,16
urn:mavedb:00000096-b-1#2501,,,p.Gln98Asn,1.02774789174536,0.0740977923998807,4
urn:mavedb:00000096-b-1#2502,,,p.Gln98Asp,0.982046113356407,0.126295408428376,4
urn:mavedb:00000096-b-1#2503,,,p.Gln98Cys,0.8979651226276179,0.100483608025704,4
urn:mavedb:00000096-b-1#2504,,,p.Gln98Glu,0.9252866912960972,0.0670378090434063,4
urn:mavedb:00000096-b-1#2505,,,p.Gln98Gly,1.13924978704722,0.113830112837989,4
urn:mavedb:00000096-b-1#2506,,,p.Gln98His,0.394290329907366,0.7268169973114429,4
urn:mavedb:00000096-b-1#2507,,,p.Gln98Ile,0.993939476113513,0.2134488459254989,4
urn:mavedb:00000096-b-1#2508,,,p.Gln98Leu,0.752840593716741,0.292280814918426,12
urn:mavedb:00000096-b-1#2509,,,p.Gln98Lys,0.9062448522562891,0.482252149687691,4
urn:mavedb:00000096-b-1#2510,,,p.Gln98Met,0.8630984664075508,0.109705011317589,4
urn:mavedb:00000096-b-1#2511,,,p.Gln98Phe,0.632659329610378,0.0653676070497167,4
urn:mavedb:00000096-b-1#2512,,,p.Gln98Pro,0.909825349217913,0.501934257180416,12
urn:mavedb:00000096-b-1#2513,,,p.Gln98Ser,0.700718176766219,0.134702800272627,12
urn:mavedb:00000096-b-1#2514,,,p.Gln98Ter,0.264295534684058,0.277053505450758,8
urn:mavedb:00000096-b-1#2515,,,p.Gln98Thr,0.910182058876844,0.282449052012145,8
urn:mavedb:00000096-b-1#2516,,,p.Gln98Trp,0.688595421552352,0.0742515283563669,4
urn:mavedb:00000096-b-1#2517,,,p.Gln98Tyr,0.877845374287292,0.131575372612814,4
urn:mavedb:00000096-b-1#2518,,,p.Gln98Val,0.926767474433205,0.181532603742337,8
urn:mavedb:00000096-b-1#2519,,,p.Glu112=,1.02948492187992,0.577453535481417,4
urn:mavedb:00000096-b-1#2520,,,p.Glu112Ala,0.802129018219741,0.207242635795875,8
urn:mavedb:00000096-b-1#2521,,,p.Glu112Arg,0.779039345576503,0.1844136899892139,12
urn:mavedb:00000096-b-1#2522,,,p.Glu112Asn,1.06891048569377,0.102777242592704,4
urn:mavedb:00000096-b-1#2523,,,p.Glu112Asp,0.589761652015597,0.36870965689787,4
urn:mavedb:00000096-b-1#2524,,,p.Glu112Cys,0.7844334779286141,0.0541823457802694,4
urn:mavedb:00000096-b-1#2525,,,p.Glu112Gln,0.8266406814150509,0.84940912172707,4
urn:mavedb:00000096-b-1#2526,,,p.Glu112Gly,0.939136969895811,0.280946886626047,12
urn:mavedb:00000096-b-1#2527,,,p.Glu112His,0.9985531324256692,0.136934101943943,4
urn:mavedb:00000096-b-1#2528,,,p.Glu112Ile,0.815581182705678,0.149782547683481,4
urn:mavedb:00000096-b-1#2529,,,p.Glu112Leu,0.806514910625986,0.301064002362983,12
urn:mavedb:00000096-b-1#2530,,,p.Glu112Lys,1.22142533984435,0.447889438651351,4
urn:mavedb:00000096-b-1#2531,,,p.Glu112Met,0.762393741684116,0.14525655300056,4
urn:mavedb:00000096-b-1#2532,,,p.Glu112Phe,0.9001934339964521,0.325962555966049,4
urn:mavedb:00000096-b-1#2533,,,p.Glu112Pro,0.7823247056464719,0.1917520972006779,8
urn:mavedb:00000096-b-1#2534,,,p.Glu112Ser,0.819536296850453,0.406282285307216,12
urn:mavedb:00000096-b-1#2535,,,p.Glu112Ter,0.185277806024171,0.109683130586688,4
urn:mavedb:00000096-b-1#2536,,,p.Glu112Thr,0.83402813982933,0.0855644872996123,8
urn:mavedb:00000096-b-1#2537,,,p.Glu112Trp,0.5270532873495579,0.0743502134802311,4
urn:mavedb:00000096-b-1#2538,,,p.Glu112Tyr,0.8477959125515251,0.297867238092305,4
urn:mavedb:00000096-b-1#2539,,,p.Glu112Val,0.898654419127315,0.241408637631993,8
urn:mavedb:00000096-b-1#2540,,,p.Glu120=,0.783947857125225,0.669023474810536,4
urn:mavedb:00000096-b-1#2541,,,p.Glu120Ala,0.5904017259681589,0.460203547278343,12
urn:mavedb:00000096-b-1#2542,,,p.Glu120Arg,0.773974567299801,0.171423437463039,12
urn:mavedb:00000096-b-1#2543,,,p.Glu120Asn,0.6101101638638321,0.1200070461771379,4
urn:mavedb:00000096-b-1#2544,,,p.Glu120Asp,1.12702406178153,0.2248656662976799,4
urn:mavedb:00000096-b-1#2545,,,p.Glu120Cys,0.953811258399496,0.0539243314035412,4
urn:mavedb:00000096-b-1#2546,,,p.Glu120Gln,0.130381250497914,0.716411890278674,4
urn:mavedb:00000096-b-1#2547,,,p.Glu120Gly,0.845120365290477,0.1935324118205479,8
urn:mavedb:00000096-b-1#2548,,,p.Glu120His,0.635839610321562,0.274750854707176,4
urn:mavedb:00000096-b-1#2549,,,p.Glu120Ile,0.5655070286503759,0.110144669046975,4
urn:mavedb:00000096-b-1#2550,,,p.Glu120Leu,0.5876528125658,0.1796649720568949,12
urn:mavedb:00000096-b-1#2551,,,p.Glu120Lys,-0.4030756514484039,0.332744158527505,4
urn:mavedb:00000096-b-1#2552,,,p.Glu120Met,0.5092310534033279,0.12458503533137,4
urn:mavedb:00000096-b-1#2553,,,p.Glu120Phe,0.728230864137914,0.197575627528742,4
urn:mavedb:00000096-b-1#2554,,,p.Glu120Pro,0.750179594139274,0.6566889883500749,8
urn:mavedb:00000096-b-1#2555,,,p.Glu120Ser,0.609869862086685,0.328637614434474,8
urn:mavedb:00000096-b-1#2556,,,p.Glu120Ter,0.497569129906917,0.9809491793907,8
urn:mavedb:00000096-b-1#2557,,,p.Glu120Thr,0.2160892120849699,0.628304532490626,8
urn:mavedb:00000096-b-1#2558,,,p.Glu120Trp,0.7502406024033059,0.503756173592845,4
urn:mavedb:00000096-b-1#2559,,,p.Glu120Tyr,1.1473484322681,0.0574601776163443,4
urn:mavedb:00000096-b-1#2560,,,p.Glu120Val,0.9144333199167308,0.130412208873205,8
urn:mavedb:00000096-b-1#2561,,,p.Glu128Ala,0.591366262788416,0.342097306717629,12
urn:mavedb:00000096-b-1#2562,,,p.Glu128Arg,0.769252571243628,0.353881400009791,12
urn:mavedb:00000096-b-1#2563,,,p.Glu128Asn,0.234505042696635,0.7425056056410441,4
urn:mavedb:00000096-b-1#2564,,,p.Glu128Cys,0.726204411520336,0.304626493874257,4
urn:mavedb:00000096-b-1#2565,,,p.Glu128Gln,0.939471078091916,0.204760275139707,4
urn:mavedb:00000096-b-1#2566,,,p.Glu128Gly,0.8015867798270409,0.1749178779272029,8
urn:mavedb:00000096-b-1#2567,,,p.Glu128His,0.3854275263532829,0.154880835943051,4
urn:mavedb:00000096-b-1#2568,,,p.Glu128Ile,1.18445574123148,0.13109883102952,4
urn:mavedb:00000096-b-1#2569,,,p.Glu128Leu,0.8134434246850508,0.285466513042012,12
urn:mavedb:00000096-b-1#2570,,,p.Glu128Lys,1.02801387475205,0.90886033335303,4
urn:mavedb:00000096-b-1#2571,,,p.Glu128Met,1.1029810032992,0.424190457436617,4
urn:mavedb:00000096-b-1#2572,,,p.Glu128Phe,0.8950892203102242,0.077413814137244,4
urn:mavedb:00000096-b-1#2573,,,p.Glu128Pro,0.290657827245584,0.50055461316473,8
urn:mavedb:00000096-b-1#2574,,,p.Glu128Ser,0.7098863602442891,0.3827853027236489,12
urn:mavedb:00000096-b-1#2575,,,p.Glu128Ter,0.181832877127642,0.514223720416746,4
urn:mavedb:00000096-b-1#2576,,,p.Glu128Thr,1.14431858736574,0.7690568227365491,8
urn:mavedb:00000096-b-1#2577,,,p.Glu128Trp,0.562619384965146,0.1216625256604369,4
urn:mavedb:00000096-b-1#2578,,,p.Glu128Tyr,0.7230221977021909,0.608661965021857,4
urn:mavedb:00000096-b-1#2579,,,p.Glu128Val,0.865244456690386,0.126288586114126,8
urn:mavedb:00000096-b-1#2580,,,p.Glu14=,1.02674106116623,0.351333915991382,4
urn:mavedb:00000096-b-1#2581,,,p.Glu14Ala,0.644875828875597,0.1483581953835709,8
urn:mavedb:00000096-b-1#2582,,,p.Glu14Arg,0.641544625425157,0.2627111477735729,12
urn:mavedb:00000096-b-1#2583,,,p.Glu14Asn,1.09894371914257,0.6346696627471341,4
urn:mavedb:00000096-b-1#2584,,,p.Glu14Asp,1.03470788145685,0.109470699506903,4
urn:mavedb:00000096-b-1#2585,,,p.Glu14Cys,1.07712807917042,0.132119484870291,4
urn:mavedb:00000096-b-1#2586,,,p.Glu14Gln,1.3925578789763,0.6720469635831829,4
urn:mavedb:00000096-b-1#2587,,,p.Glu14Gly,1.07341051355309,0.168858460374102,8
urn:mavedb:00000096-b-1#2588,,,p.Glu14His,0.3765360307190379,0.365386206186704,4
urn:mavedb:00000096-b-1#2589,,,p.Glu14Ile,0.662162458507926,0.202433712771338,4
urn:mavedb:00000096-b-1#2590,,,p.Glu14Leu,0.829205755112559,0.2618983456114599,12
urn:mavedb:00000096-b-1#2591,,,p.Glu14Lys,0.682227959773469,0.2810196651721989,8
urn:mavedb:00000096-b-1#2592,,,p.Glu14Met,1.18297041007765,0.570680637309889,4
urn:mavedb:00000096-b-1#2593,,,p.Glu14Phe,0.923634992685145,0.0502353363304088,4
urn:mavedb:00000096-b-1#2594,,,p.Glu14Pro,0.8538277388624659,0.771693305176813,8
urn:mavedb:00000096-b-1#2595,,,p.Glu14Ser,1.03193487475418,0.1772942404629169,8
urn:mavedb:00000096-b-1#2596,,,p.Glu14Ter,-0.092630885022544,0.513162112472146,8
urn:mavedb:00000096-b-1#2597,,,p.Glu14Thr,0.7805120023276959,0.267898536985686,8
urn:mavedb:00000096-b-1#2598,,,p.Glu14Trp,0.566031226457158,0.080848903994715,4
urn:mavedb:00000096-b-1#2599,,,p.Glu14Tyr,0.9683740774280648,0.133638451011465,4
urn:mavedb:00000096-b-1#2600,,,p.Glu14Val,0.987431035798522,0.128963851595678,8
urn:mavedb:00000096-b-1#2601,,,p.Glu157=,1.06837484674369,0.102590332792252,4
urn:mavedb:00000096-b-1#2602,,,p.Glu157Ala,0.87932998212734,0.0815170219112183,8
urn:mavedb:00000096-b-1#2603,,,p.Glu157Arg,0.920049509537168,0.163321386414684,8
urn:mavedb:00000096-b-1#2604,,,p.Glu157Asn,1.3176977182941298,0.385129928643507,4
urn:mavedb:00000096-b-1#2605,,,p.Glu157Asp,1.09721810992408,0.269796223737448,8
urn:mavedb:00000096-b-1#2606,,,p.Glu157Cys,1.21553772036578,0.172141556537601,4
urn:mavedb:00000096-b-1#2607,,,p.Glu157Gln,1.09781666248701,0.109137374738291,4
urn:mavedb:00000096-b-1#2608,,,p.Glu157Gly,0.9532203019011948,0.158968669633978,12
urn:mavedb:00000096-b-1#2609,,,p.Glu157His,0.937458333572034,0.258116687529942,4
urn:mavedb:00000096-b-1#2610,,,p.Glu157Ile,0.9403560090177692,0.3868360873152999,4
urn:mavedb:00000096-b-1#2611,,,p.Glu157Leu,0.930758314724048,0.209376563739814,12
urn:mavedb:00000096-b-1#2612,,,p.Glu157Lys,0.95793255875939,0.3511980044016699,4
urn:mavedb:00000096-b-1#2613,,,p.Glu157Met,1.05508724038041,0.448629118593923,4
urn:mavedb:00000096-b-1#2614,,,p.Glu157Phe,1.06871173635022,0.0677066729673675,4
urn:mavedb:00000096-b-1#2615,,,p.Glu157Pro,1.16558774303394,0.140237385776056,8
urn:mavedb:00000096-b-1#2616,,,p.Glu157Ser,0.8373303489638391,0.122732441885886,12
urn:mavedb:00000096-b-1#2617,,,p.Glu157Ter,0.29611611191205,0.21726875911019,8
urn:mavedb:00000096-b-1#2618,,,p.Glu157Thr,1.10292522668481,0.149090695843276,8
urn:mavedb:00000096-b-1#2619,,,p.Glu157Trp,1.02114275067094,0.156139253919145,4
urn:mavedb:00000096-b-1#2620,,,p.Glu157Tyr,0.717076138273567,0.0762057933761894,4
urn:mavedb:00000096-b-1#2621,,,p.Glu157Val,0.97926416503183,0.0851174693270573,8
urn:mavedb:00000096-b-1#2622,,,p.Glu17=,1.27928287783957,0.3771389603219829,4
urn:mavedb:00000096-b-1#2623,,,p.Glu177=,0.874662839646787,0.224395510323218,4
urn:mavedb:00000096-b-1#2624,,,p.Glu177Ala,0.9857376903066668,0.5074261938334059,8
urn:mavedb:00000096-b-1#2625,,,p.Glu177Arg,0.720263837532749,0.203103226831185,12
urn:mavedb:00000096-b-1#2626,,,p.Glu177Asn,0.8685061982303961,0.0842232238117449,4
urn:mavedb:00000096-b-1#2627,,,p.Glu177Asp,1.06135165596664,0.428375145947418,8
urn:mavedb:00000096-b-1#2628,,,p.Glu177Cys,1.14805894240164,0.108805700940035,4
urn:mavedb:00000096-b-1#2629,,,p.Glu177Gly,0.777403234133766,0.1892614949598449,8
urn:mavedb:00000096-b-1#2630,,,p.Glu177His,0.4558621410112589,0.161021166723079,4
urn:mavedb:00000096-b-1#2631,,,p.Glu177Ile,0.927439066169242,0.631751128656653,4
urn:mavedb:00000096-b-1#2632,,,p.Glu177Leu,0.93787483007598,0.4423196330161649,12
urn:mavedb:00000096-b-1#2633,,,p.Glu177Lys,0.64004543003042,0.13583707094911,4
urn:mavedb:00000096-b-1#2634,,,p.Glu177Met,1.03920005714673,0.327875681696107,4
urn:mavedb:00000096-b-1#2635,,,p.Glu177Phe,0.62342818915467,0.235677313908827,4
urn:mavedb:00000096-b-1#2636,,,p.Glu177Pro,0.6570651984360749,0.622301142682489,8
urn:mavedb:00000096-b-1#2637,,,p.Glu177Ser,0.7911875761682691,0.260687316951481,12
urn:mavedb:00000096-b-1#2638,,,p.Glu177Ter,-0.4200961300185939,0.3491719293325919,4
urn:mavedb:00000096-b-1#2639,,,p.Glu177Thr,0.963828055921793,0.161340133064184,8
urn:mavedb:00000096-b-1#2640,,,p.Glu177Trp,0.978725842253624,0.0563528951201161,4
urn:mavedb:00000096-b-1#2641,,,p.Glu177Tyr,0.462455071745786,0.145818633024617,4
urn:mavedb:00000096-b-1#2642,,,p.Glu177Val,1.01817833577744,0.2788095407200689,8
urn:mavedb:00000096-b-1#2643,,,p.Glu17Ala,0.750677668366429,0.403829252578315,8
urn:mavedb:00000096-b-1#2644,,,p.Glu17Arg,0.7110945927869899,0.699684490165731,12
urn:mavedb:00000096-b-1#2645,,,p.Glu17Asn,0.873074731380373,0.106567460572732,4
urn:mavedb:00000096-b-1#2646,,,p.Glu17Asp,0.518338958410135,1.12260727949229,4
urn:mavedb:00000096-b-1#2647,,,p.Glu17Cys,0.717341520631022,0.0909017969521776,4
urn:mavedb:00000096-b-1#2648,,,p.Glu17Gln,1.08019160632496,0.1637407128627359,4
urn:mavedb:00000096-b-1#2649,,,p.Glu17Gly,0.6392790863329529,0.0949150931143571,8
urn:mavedb:00000096-b-1#2650,,,p.Glu17His,0.7661149583528849,0.709375359840896,4
urn:mavedb:00000096-b-1#2651,,,p.Glu17Ile,1.12007894202502,0.0714456409858969,4
urn:mavedb:00000096-b-1#2652,,,p.Glu17Leu,0.6046876387919261,0.512089386792315,12
urn:mavedb:00000096-b-1#2653,,,p.Glu17Lys,0.518582586994325,0.3774579243460779,4
urn:mavedb:00000096-b-1#2654,,,p.Glu17Phe,1.07480304570463,0.556650443591161,4
urn:mavedb:00000096-b-1#2655,,,p.Glu17Pro,0.329996675003122,0.253032683777338,4
urn:mavedb:00000096-b-1#2656,,,p.Glu17Ser,1.05152670711786,0.155025780454483,12
urn:mavedb:00000096-b-1#2657,,,p.Glu17Thr,0.925151607111896,0.7152483225639029,8
urn:mavedb:00000096-b-1#2658,,,p.Glu17Trp,0.589938407847712,0.396537851221476,4
urn:mavedb:00000096-b-1#2659,,,p.Glu17Tyr,1.00425699660147,0.089170859185473,4
urn:mavedb:00000096-b-1#2660,,,p.Glu17Val,0.788316702081992,0.0830991925079785,4
urn:mavedb:00000096-b-1#2661,,,p.Glu196=,1.01339398971082,0.1020582446582069,4
urn:mavedb:00000096-b-1#2662,,,p.Glu196Ala,0.8039923017820141,0.162421555519763,8
urn:mavedb:00000096-b-1#2663,,,p.Glu196Arg,0.86757935566861,0.196766920966073,8
urn:mavedb:00000096-b-1#2664,,,p.Glu196Asn,0.608433840123644,0.432957290042928,4
urn:mavedb:00000096-b-1#2665,,,p.Glu196Cys,0.772324929074682,0.176527656399486,4
urn:mavedb:00000096-b-1#2666,,,p.Glu196Gln,0.74114484436784,0.2113921865584269,4
urn:mavedb:00000096-b-1#2667,,,p.Glu196Gly,0.73586682168796,0.259587004595501,12
urn:mavedb:00000096-b-1#2668,,,p.Glu196His,0.473309615755718,0.0988896749494675,4
urn:mavedb:00000096-b-1#2669,,,p.Glu196Ile,0.8358577679233999,0.692034454774439,4
urn:mavedb:00000096-b-1#2670,,,p.Glu196Leu,0.9586121634020128,0.248393834713283,12
urn:mavedb:00000096-b-1#2671,,,p.Glu196Met,0.947904070965146,0.114868926160755,4
urn:mavedb:00000096-b-1#2672,,,p.Glu196Phe,0.8453197059844271,0.1354510177286459,4
urn:mavedb:00000096-b-1#2673,,,p.Glu196Pro,0.815211187206792,0.221282630056245,8
urn:mavedb:00000096-b-1#2674,,,p.Glu196Ser,1.07134323353767,0.152965246051728,12
urn:mavedb:00000096-b-1#2675,,,p.Glu196Ter,0.0972806904771446,0.140519249641586,4
urn:mavedb:00000096-b-1#2676,,,p.Glu196Thr,0.82594339696246,0.376630470158491,8
urn:mavedb:00000096-b-1#2677,,,p.Glu196Trp,0.546379910433006,0.473535034131612,4
urn:mavedb:00000096-b-1#2678,,,p.Glu196Tyr,0.7854857512401159,0.0995576761623244,4
urn:mavedb:00000096-b-1#2679,,,p.Glu196Val,0.8476467958541949,0.197696372717208,8
urn:mavedb:00000096-b-1#2680,,,p.Glu216=,0.897379854935992,0.342481688533473,4
urn:mavedb:00000096-b-1#2681,,,p.Glu216Ala,0.603962800510852,0.238751295591528,8
urn:mavedb:00000096-b-1#2682,,,p.Glu216Arg,0.363665134973265,0.210971637494569,12
urn:mavedb:00000096-b-1#2683,,,p.Glu216Cys,0.4485969436210471,0.186585542634508,4
urn:mavedb:00000096-b-1#2684,,,p.Glu216Gln,0.646351687024907,0.149227030093701,4
urn:mavedb:00000096-b-1#2685,,,p.Glu216Gly,0.835289122092083,0.173980429648363,12
urn:mavedb:00000096-b-1#2686,,,p.Glu216Leu,0.537363324771537,0.0988465651849736,4
urn:mavedb:00000096-b-1#2687,,,p.Glu216Lys,0.8967193592567909,0.6543537900557579,4
urn:mavedb:00000096-b-1#2688,,,p.Glu216Met,0.8365713241034379,0.0875019394461866,4
urn:mavedb:00000096-b-1#2689,,,p.Glu216Pro,0.250125661184312,0.279520085364598,8
urn:mavedb:00000096-b-1#2690,,,p.Glu216Ser,0.913901688488204,0.6272124417968741,12
urn:mavedb:00000096-b-1#2691,,,p.Glu216Thr,0.526676604705018,0.1030596005315549,4
urn:mavedb:00000096-b-1#2692,,,p.Glu216Trp,0.146870654770428,0.361829869179416,4
urn:mavedb:00000096-b-1#2693,,,p.Glu216Val,0.8966000915773129,0.133777144113651,8
urn:mavedb:00000096-b-1#2694,,,p.Glu22=,0.831324210943132,0.457664388782831,4
urn:mavedb:00000096-b-1#2695,,,p.Glu221Ala,0.52732278600451,0.151315951909182,8
urn:mavedb:00000096-b-1#2696,,,p.Glu221Arg,0.285791897022295,0.183850521096888,12
urn:mavedb:00000096-b-1#2697,,,p.Glu221Asn,0.9788585178273372,0.0633014555077427,4
urn:mavedb:00000096-b-1#2698,,,p.Glu221Asp,0.929848512507188,0.273262390153695,8
urn:mavedb:00000096-b-1#2699,,,p.Glu221Cys,0.6617963050171171,0.136397420367676,4
urn:mavedb:00000096-b-1#2700,,,p.Glu221Gln,1.08341581275723,0.419672816385764,4
urn:mavedb:00000096-b-1#2701,,,p.Glu221Gly,0.8400674220084681,0.180766522816188,8
urn:mavedb:00000096-b-1#2702,,,p.Glu221His,0.9351839862452108,0.0670780568311716,4
urn:mavedb:00000096-b-1#2703,,,p.Glu221Ile,0.599751135014281,0.219258211201078,4
urn:mavedb:00000096-b-1#2704,,,p.Glu221Leu,0.605747184074569,0.221138000600905,12
urn:mavedb:00000096-b-1#2705,,,p.Glu221Lys,0.498750935733332,0.129425031818832,4
urn:mavedb:00000096-b-1#2706,,,p.Glu221Met,0.8149938739954449,0.721698153137381,4
urn:mavedb:00000096-b-1#2707,,,p.Glu221Phe,0.359845498764984,0.133108095385337,4
urn:mavedb:00000096-b-1#2708,,,p.Glu221Pro,0.117645680189948,0.402322518957775,8
urn:mavedb:00000096-b-1#2709,,,p.Glu221Ser,0.8215438634909108,0.300768570706785,12
urn:mavedb:00000096-b-1#2710,,,p.Glu221Ter,0.0768418425306129,0.169840838879737,4
urn:mavedb:00000096-b-1#2711,,,p.Glu221Thr,0.852300062492374,0.33033386564743,8
urn:mavedb:00000096-b-1#2712,,,p.Glu221Trp,0.342130483141667,0.113962493409105,4
urn:mavedb:00000096-b-1#2713,,,p.Glu221Tyr,0.486488499804776,0.0774589374086696,4
urn:mavedb:00000096-b-1#2714,,,p.Glu221Val,0.665061402461226,0.1986842386798839,8
urn:mavedb:00000096-b-1#2715,,,p.Glu22Ala,0.7550065093124341,0.3666287310267249,8
urn:mavedb:00000096-b-1#2716,,,p.Glu22Arg,0.915145589414882,0.6606572001045661,12
urn:mavedb:00000096-b-1#2717,,,p.Glu22Asn,0.868183381798483,0.587189396686844,4
urn:mavedb:00000096-b-1#2718,,,p.Glu22Asp,1.18738587396692,0.8734394060813421,4
urn:mavedb:00000096-b-1#2719,,,p.Glu22Cys,0.6079502531018879,0.1165803355354919,4
urn:mavedb:00000096-b-1#2720,,,p.Glu22Gln,0.3459741060031789,0.554496218869751,4
urn:mavedb:00000096-b-1#2721,,,p.Glu22Gly,0.541122265877707,0.348072121785698,8
urn:mavedb:00000096-b-1#2722,,,p.Glu22His,1.03190311042281,0.528775231431145,4
urn:mavedb:00000096-b-1#2723,,,p.Glu22Ile,0.954975402741134,0.3657877029164499,4
urn:mavedb:00000096-b-1#2724,,,p.Glu22Leu,0.6177565090632591,0.1912411982408529,12
urn:mavedb:00000096-b-1#2725,,,p.Glu22Lys,0.8368429982627129,0.460371952111068,4
urn:mavedb:00000096-b-1#2726,,,p.Glu22Met,0.563979137638048,0.162776761822579,4
urn:mavedb:00000096-b-1#2727,,,p.Glu22Phe,0.374394061590739,0.277779436311386,4
urn:mavedb:00000096-b-1#2728,,,p.Glu22Pro,1.13322340825962,0.6865688014402321,8
urn:mavedb:00000096-b-1#2729,,,p.Glu22Ser,0.5652386881275021,0.486359695044243,8
urn:mavedb:00000096-b-1#2730,,,p.Glu22Ter,-0.465540012627385,0.4596515196971679,4
urn:mavedb:00000096-b-1#2731,,,p.Glu22Thr,0.732258822503323,0.6331269599834279,8
urn:mavedb:00000096-b-1#2732,,,p.Glu22Trp,0.8831022044242192,0.2129381294010669,4
urn:mavedb:00000096-b-1#2733,,,p.Glu22Tyr,0.7764528729482829,0.219053690418298,4
urn:mavedb:00000096-b-1#2734,,,p.Glu22Val,0.873780033561375,0.453924214368659,8
urn:mavedb:00000096-b-1#2735,,,p.Glu236=,0.5551789765045511,0.8044005894576239,4
urn:mavedb:00000096-b-1#2736,,,p.Glu236Ala,0.196732041176314,0.275394004828916,8
urn:mavedb:00000096-b-1#2737,,,p.Glu236Arg,0.205485339337359,0.337444998138901,12
urn:mavedb:00000096-b-1#2738,,,p.Glu236Asn,-0.0382541934371953,0.2897173929577489,4
urn:mavedb:00000096-b-1#2739,,,p.Glu236Cys,0.4046867256378449,0.0642740386771158,4
urn:mavedb:00000096-b-1#2740,,,p.Glu236Gln,-0.209321550405862,0.3032321813323689,4
urn:mavedb:00000096-b-1#2741,,,p.Glu236Gly,-0.257732548857238,0.132131618072545,8
urn:mavedb:00000096-b-1#2742,,,p.Glu236Ile,0.4806785417274679,0.253794284021399,4
urn:mavedb:00000096-b-1#2743,,,p.Glu236Leu,0.5947214532498779,0.384212432555647,12
urn:mavedb:00000096-b-1#2744,,,p.Glu236Lys,0.427696699211738,0.572053395579065,8
urn:mavedb:00000096-b-1#2745,,,p.Glu236Met,0.243977248430741,0.123969670153648,4
urn:mavedb:00000096-b-1#2746,,,p.Glu236Phe,0.5973815499668199,0.0550829423007493,4
urn:mavedb:00000096-b-1#2747,,,p.Glu236Pro,0.128841182864361,0.36549425411469,4
urn:mavedb:00000096-b-1#2748,,,p.Glu236Ser,-0.0093194424370026,0.201842873767171,12
urn:mavedb:00000096-b-1#2749,,,p.Glu236Ter,0.3459855936268689,0.133896525485705,4
urn:mavedb:00000096-b-1#2750,,,p.Glu236Thr,0.35664085405055,0.190401662234796,8
urn:mavedb:00000096-b-1#2751,,,p.Glu236Trp,0.536869762256514,0.0604805687719592,4
urn:mavedb:00000096-b-1#2752,,,p.Glu236Tyr,0.1732100893284739,0.1198767310481169,4
urn:mavedb:00000096-b-1#2753,,,p.Glu236Val,0.5647929132223299,0.114556329259634,8
urn:mavedb:00000096-b-1#2754,,,p.Glu237=,0.995338188209731,0.161744652682132,4
urn:mavedb:00000096-b-1#2755,,,p.Glu237Ala,0.683884424794177,0.148196949068649,8
urn:mavedb:00000096-b-1#2756,,,p.Glu237Arg,0.925248546230486,0.232434520912606,12
urn:mavedb:00000096-b-1#2757,,,p.Glu237Asn,0.932065242824201,0.0528245889105083,4
urn:mavedb:00000096-b-1#2758,,,p.Glu237Asp,1.04917346058608,0.080763538052126,4
urn:mavedb:00000096-b-1#2759,,,p.Glu237Cys,0.864006168148825,0.0822799455169463,4
urn:mavedb:00000096-b-1#2760,,,p.Glu237Gln,0.7233245934995172,0.336598532812613,4
urn:mavedb:00000096-b-1#2761,,,p.Glu237Gly,0.804626641454826,0.0646160655720379,8
urn:mavedb:00000096-b-1#2762,,,p.Glu237His,0.820767577216062,0.0795045442184783,4
urn:mavedb:00000096-b-1#2763,,,p.Glu237Leu,0.827437662144234,0.1882183363771979,12
urn:mavedb:00000096-b-1#2764,,,p.Glu237Lys,0.5463929306743429,0.3724112808385929,4
urn:mavedb:00000096-b-1#2765,,,p.Glu237Met,0.523491719048981,0.649523396975325,4
urn:mavedb:00000096-b-1#2766,,,p.Glu237Phe,0.942668549544638,0.0659930849090604,4
urn:mavedb:00000096-b-1#2767,,,p.Glu237Pro,0.8591593518687389,0.3080125306729199,8
urn:mavedb:00000096-b-1#2768,,,p.Glu237Ser,0.800079423843626,0.248020749502926,12
urn:mavedb:00000096-b-1#2769,,,p.Glu237Ter,-0.14382677463312,0.306231959011794,4
urn:mavedb:00000096-b-1#2770,,,p.Glu237Thr,0.412684491260165,0.2065578187922289,8
urn:mavedb:00000096-b-1#2771,,,p.Glu237Trp,0.7230174940955071,0.15075012238224,4
urn:mavedb:00000096-b-1#2772,,,p.Glu237Tyr,0.967571963551266,0.0403320611285367,4
urn:mavedb:00000096-b-1#2773,,,p.Glu237Val,0.7071355568878579,0.0977218615140374,8
urn:mavedb:00000096-b-1#2774,,,p.Glu242=,0.662391425486619,0.479824194446207,4
urn:mavedb:00000096-b-1#2775,,,p.Glu242Ala,0.548853522344872,0.278154023620857,8
urn:mavedb:00000096-b-1#2776,,,p.Glu242Arg,0.160750980597556,0.4067296337128839,12
urn:mavedb:00000096-b-1#2777,,,p.Glu242Asn,0.355703304829092,0.1074727499360399,4
urn:mavedb:00000096-b-1#2778,,,p.Glu242Asp,1.04179261235005,0.743825578065843,4
urn:mavedb:00000096-b-1#2779,,,p.Glu242Cys,0.727956295938905,0.0779542554059549,4
urn:mavedb:00000096-b-1#2780,,,p.Glu242Gln,0.575970403770072,0.5885374710901711,4
urn:mavedb:00000096-b-1#2781,,,p.Glu242Gly,0.575024375551106,0.0850045048408121,8
urn:mavedb:00000096-b-1#2782,,,p.Glu242His,0.991161761193988,0.5079734219682679,4
urn:mavedb:00000096-b-1#2783,,,p.Glu242Ile,0.444132148808801,0.0901887704629658,4
urn:mavedb:00000096-b-1#2784,,,p.Glu242Leu,0.389723081192226,0.158613095611741,12
urn:mavedb:00000096-b-1#2785,,,p.Glu242Lys,0.180876916608291,0.133011512020709,4
urn:mavedb:00000096-b-1#2786,,,p.Glu242Met,0.125809046575841,0.143201912922266,4
urn:mavedb:00000096-b-1#2787,,,p.Glu242Phe,0.24739863204296,0.303275478779806,4
urn:mavedb:00000096-b-1#2788,,,p.Glu242Pro,0.721494967923133,0.306832610828882,8
urn:mavedb:00000096-b-1#2789,,,p.Glu242Ser,0.8183848782353079,0.2309040045807879,12
urn:mavedb:00000096-b-1#2790,,,p.Glu242Ter,0.046802336356621,0.16714424713778,4
urn:mavedb:00000096-b-1#2791,,,p.Glu242Thr,0.328110006106914,0.435856789881724,8
urn:mavedb:00000096-b-1#2792,,,p.Glu242Trp,0.490227939192306,0.122000662308572,4
urn:mavedb:00000096-b-1#2793,,,p.Glu242Tyr,0.610638596959416,0.185565871299268,4
urn:mavedb:00000096-b-1#2794,,,p.Glu242Val,0.239519582970618,0.3661516551135579,8
urn:mavedb:00000096-b-1#2795,,,p.Glu245=,0.959849720841454,0.100419507718584,4
urn:mavedb:00000096-b-1#2796,,,p.Glu245Ala,1.02054047808028,0.255223523220237,12
urn:mavedb:00000096-b-1#2797,,,p.Glu245Arg,0.8829470840092599,0.172090908292194,12
urn:mavedb:00000096-b-1#2798,,,p.Glu245Asn,0.984096713841038,0.0490270555913928,4
urn:mavedb:00000096-b-1#2799,,,p.Glu245Asp,1.20046078076305,0.1493197233349469,8
urn:mavedb:00000096-b-1#2800,,,p.Glu245Cys,0.8802190268810379,0.3591867737848621,4
urn:mavedb:00000096-b-1#2801,,,p.Glu245Gln,0.8829910331465408,0.0599773852655322,4
urn:mavedb:00000096-b-1#2802,,,p.Glu245Gly,0.927715718099958,0.183690661730927,12
urn:mavedb:00000096-b-1#2803,,,p.Glu245His,1.14252355320697,0.0826949640943674,4
urn:mavedb:00000096-b-1#2804,,,p.Glu245Ile,0.952413746171633,0.490000543207628,4
urn:mavedb:00000096-b-1#2805,,,p.Glu245Leu,0.665778069921249,0.2314452916509519,12
urn:mavedb:00000096-b-1#2806,,,p.Glu245Lys,0.8224030376991079,0.1962837473112789,8
urn:mavedb:00000096-b-1#2807,,,p.Glu245Met,1.04028945756981,0.109078625431051,4
urn:mavedb:00000096-b-1#2808,,,p.Glu245Phe,0.881352519674602,0.0393704638861994,4
urn:mavedb:00000096-b-1#2809,,,p.Glu245Pro,0.7923557186619009,0.247279707428465,8
urn:mavedb:00000096-b-1#2810,,,p.Glu245Ser,0.967033971084655,0.125381674037623,12
urn:mavedb:00000096-b-1#2811,,,p.Glu245Ter,-0.0154405386509659,0.119867570531206,4
urn:mavedb:00000096-b-1#2812,,,p.Glu245Thr,0.71191443029291,0.1229910296185159,8
urn:mavedb:00000096-b-1#2813,,,p.Glu245Trp,0.6431704044086739,0.153693363018098,4
urn:mavedb:00000096-b-1#2814,,,p.Glu245Tyr,0.818298549642234,0.18057441639739,4
urn:mavedb:00000096-b-1#2815,,,p.Glu245Val,0.7715077423097271,0.060055729968091,8
urn:mavedb:00000096-b-1#2816,,,p.Glu248=,0.984058490295106,0.148509226188134,4
urn:mavedb:00000096-b-1#2817,,,p.Glu248Ala,0.856545897861067,0.210512124441599,12
urn:mavedb:00000096-b-1#2818,,,p.Glu248Arg,0.71789015954779,0.105450434314346,12
urn:mavedb:00000096-b-1#2819,,,p.Glu248Asn,1.04248776696449,0.0582794021909492,4
urn:mavedb:00000096-b-1#2820,,,p.Glu248Asp,1.1283843720825502,0.142217569868039,4
urn:mavedb:00000096-b-1#2821,,,p.Glu248Cys,0.8596003553760071,0.0462185401393889,4
urn:mavedb:00000096-b-1#2822,,,p.Glu248Gln,1.1377461478177,0.0735371599461254,4
urn:mavedb:00000096-b-1#2823,,,p.Glu248Gly,0.69737154281158,0.1320077388156049,8
urn:mavedb:00000096-b-1#2824,,,p.Glu248His,0.8654628325357779,0.243281692911385,4
urn:mavedb:00000096-b-1#2825,,,p.Glu248Ile,0.6285049675887759,0.0562806649295272,4
urn:mavedb:00000096-b-1#2826,,,p.Glu248Leu,0.937323055873844,0.2403209071133789,12
urn:mavedb:00000096-b-1#2827,,,p.Glu248Lys,0.901734403340725,0.47521206892728,8
urn:mavedb:00000096-b-1#2828,,,p.Glu248Pro,0.403506851228927,0.232928620925481,8
urn:mavedb:00000096-b-1#2829,,,p.Glu248Ser,1.02812772866342,0.192761604249864,16
urn:mavedb:00000096-b-1#2830,,,p.Glu248Ter,0.1411848446807349,0.0831606225613638,4
urn:mavedb:00000096-b-1#2831,,,p.Glu248Thr,0.8894403988429621,0.291566492244276,8
urn:mavedb:00000096-b-1#2832,,,p.Glu248Trp,0.592143144279862,0.0904916976204392,4
urn:mavedb:00000096-b-1#2833,,,p.Glu248Tyr,0.8136331832471929,0.274742155686237,4
urn:mavedb:00000096-b-1#2834,,,p.Glu248Val,0.95341368992686,0.187373085552814,12
urn:mavedb:00000096-b-1#2835,,,p.Glu256=,1.24594652187216,0.1906244233573649,4
urn:mavedb:00000096-b-1#2836,,,p.Glu256Ala,0.7642351684224309,0.119235714725205,8
urn:mavedb:00000096-b-1#2837,,,p.Glu256Arg,0.7628012451120899,0.212371460737892,12
urn:mavedb:00000096-b-1#2838,,,p.Glu256Asn,0.739804375674658,0.3990020189220339,4
urn:mavedb:00000096-b-1#2839,,,p.Glu256Asp,1.178208324268,0.4641692504963979,4
urn:mavedb:00000096-b-1#2840,,,p.Glu256Cys,0.776772832724188,0.550374821254355,4
urn:mavedb:00000096-b-1#2841,,,p.Glu256Gln,0.8918585618255551,0.104494384183731,4
urn:mavedb:00000096-b-1#2842,,,p.Glu256Gly,0.916838057327958,0.0536687480914886,8
urn:mavedb:00000096-b-1#2843,,,p.Glu256His,0.44811899432304,0.149266449397474,4
urn:mavedb:00000096-b-1#2844,,,p.Glu256Ile,0.450484128736654,0.149618001428578,4
urn:mavedb:00000096-b-1#2845,,,p.Glu256Leu,0.8358631660022611,0.148968010067831,12
urn:mavedb:00000096-b-1#2846,,,p.Glu256Lys,0.6375703438267629,0.651962623132689,4
urn:mavedb:00000096-b-1#2847,,,p.Glu256Met,0.8736189298515931,0.0647985822786939,4
urn:mavedb:00000096-b-1#2848,,,p.Glu256Phe,0.7560127101015559,0.563788209457439,4
urn:mavedb:00000096-b-1#2849,,,p.Glu256Pro,0.167181620912179,0.175315513341573,8
urn:mavedb:00000096-b-1#2850,,,p.Glu256Ser,1.06299228327509,0.178524910449427,12
urn:mavedb:00000096-b-1#2851,,,p.Glu256Ter,0.274640937784568,0.083579805193262,4
urn:mavedb:00000096-b-1#2852,,,p.Glu256Thr,0.8360925879838459,0.331348494077718,8
urn:mavedb:00000096-b-1#2853,,,p.Glu256Trp,0.665341170994942,0.293288367195085,4
urn:mavedb:00000096-b-1#2854,,,p.Glu256Tyr,1.00427327936941,0.0524028076958413,4
urn:mavedb:00000096-b-1#2855,,,p.Glu256Val,0.542854166037357,0.244704545205198,8
urn:mavedb:00000096-b-1#2856,,,p.Glu265=,0.978525991908123,0.211832559950517,4
urn:mavedb:00000096-b-1#2857,,,p.Glu265Ala,0.7728156653145271,0.1881984130518459,8
urn:mavedb:00000096-b-1#2858,,,p.Glu265Arg,0.766414372209712,0.4762299749745829,12
urn:mavedb:00000096-b-1#2859,,,p.Glu265Asn,0.867168870113539,0.262742116415552,4
urn:mavedb:00000096-b-1#2860,,,p.Glu265Asp,0.9733284951209809,0.569477377756051,4
urn:mavedb:00000096-b-1#2861,,,p.Glu265Cys,0.904246376881323,0.1118851275751319,4
urn:mavedb:00000096-b-1#2862,,,p.Glu265Gln,-0.0373171848436066,0.3928636751588289,4
urn:mavedb:00000096-b-1#2863,,,p.Glu265Gly,0.8078773312464901,0.153394465911528,8
urn:mavedb:00000096-b-1#2864,,,p.Glu265His,0.192765896333715,0.2486402459232879,4
urn:mavedb:00000096-b-1#2865,,,p.Glu265Ile,0.658637157534689,0.0851977093221888,4
urn:mavedb:00000096-b-1#2866,,,p.Glu265Leu,0.752624003049881,0.274257953783808,12
urn:mavedb:00000096-b-1#2867,,,p.Glu265Lys,0.584225688374085,0.6039334950486371,8
urn:mavedb:00000096-b-1#2868,,,p.Glu265Met,0.2871818959637119,0.347731419464473,4
urn:mavedb:00000096-b-1#2869,,,p.Glu265Phe,0.8490755086996679,0.144990789955567,4
urn:mavedb:00000096-b-1#2870,,,p.Glu265Pro,0.339514510211483,0.310268192694511,8
urn:mavedb:00000096-b-1#2871,,,p.Glu265Ser,1.20902522868526,0.1974749684246119,12
urn:mavedb:00000096-b-1#2872,,,p.Glu265Ter,-0.35423080886622,0.298994591848049,4
urn:mavedb:00000096-b-1#2873,,,p.Glu265Thr,0.851426353756261,0.139947566179396,8
urn:mavedb:00000096-b-1#2874,,,p.Glu265Trp,0.5783147720686371,0.1140157929410399,4
urn:mavedb:00000096-b-1#2875,,,p.Glu265Tyr,0.620419595166884,0.444613977283836,4
urn:mavedb:00000096-b-1#2876,,,p.Glu265Val,0.822071925831686,0.4397086743585639,4
urn:mavedb:00000096-b-1#2877,,,p.Glu268=,1.01839044070583,0.2072014279257689,4
urn:mavedb:00000096-b-1#2878,,,p.Glu268Ala,0.9109490972509,0.118173454322208,8
urn:mavedb:00000096-b-1#2879,,,p.Glu268Arg,0.8531972671480309,0.226439325211724,8
urn:mavedb:00000096-b-1#2880,,,p.Glu268Asn,0.773275022575282,0.064932812169036,4
urn:mavedb:00000096-b-1#2881,,,p.Glu268Asp,0.9237921496620248,0.2431837359627449,4
urn:mavedb:00000096-b-1#2882,,,p.Glu268Cys,0.877255113474669,0.2799689305418,4
urn:mavedb:00000096-b-1#2883,,,p.Glu268Gln,0.981983364599728,0.608354372268265,4
urn:mavedb:00000096-b-1#2884,,,p.Glu268Gly,0.5276763109163921,0.0681285102121146,4
urn:mavedb:00000096-b-1#2885,,,p.Glu268His,0.855954685898028,0.0746780759058644,4
urn:mavedb:00000096-b-1#2886,,,p.Glu268Ile,0.319960388379599,0.3262494965293699,4
urn:mavedb:00000096-b-1#2887,,,p.Glu268Leu,0.513327033993526,0.439625129147117,12
urn:mavedb:00000096-b-1#2888,,,p.Glu268Lys,0.7316080848703341,0.6685441195509829,4
urn:mavedb:00000096-b-1#2889,,,p.Glu268Met,0.953098918520447,0.412539639109623,4
urn:mavedb:00000096-b-1#2890,,,p.Glu268Phe,0.5967838146975251,0.119869210263623,4
urn:mavedb:00000096-b-1#2891,,,p.Glu268Pro,1.10097179617253,0.110225336524427,8
urn:mavedb:00000096-b-1#2892,,,p.Glu268Ser,1.04530841205043,0.193620003276339,12
urn:mavedb:00000096-b-1#2893,,,p.Glu268Ter,0.202848998969518,0.256833962868975,4
urn:mavedb:00000096-b-1#2894,,,p.Glu268Thr,1.05216561610525,0.0648937731431882,4
urn:mavedb:00000096-b-1#2895,,,p.Glu268Trp,0.426730006573964,0.0767909045178031,4
urn:mavedb:00000096-b-1#2896,,,p.Glu268Tyr,0.634983206317505,0.160707051878532,4
urn:mavedb:00000096-b-1#2897,,,p.Glu268Val,0.87697587184831,0.1227046152344859,8
urn:mavedb:00000096-b-1#2898,,,p.Glu27=,0.7260887562353341,0.922407155347992,4
urn:mavedb:00000096-b-1#2899,,,p.Glu272=,0.8699829171841941,0.205724061809315,4
urn:mavedb:00000096-b-1#2900,,,p.Glu272Ala,0.694958208463424,0.1174021888162809,8
urn:mavedb:00000096-b-1#2901,,,p.Glu272Arg,0.8839226304614151,0.130506728432617,12
urn:mavedb:00000096-b-1#2902,,,p.Glu272Asn,0.802703865028252,0.0866694859605555,4
urn:mavedb:00000096-b-1#2903,,,p.Glu272Asp,0.8376460599162141,0.128446353283357,4
urn:mavedb:00000096-b-1#2904,,,p.Glu272Cys,1.15667851389173,0.0783016348788467,4
urn:mavedb:00000096-b-1#2905,,,p.Glu272Gln,0.37887995463765,0.110217285680873,4
urn:mavedb:00000096-b-1#2906,,,p.Glu272Gly,0.7752564177947049,0.205038693411435,8
urn:mavedb:00000096-b-1#2907,,,p.Glu272His,1.08386361832919,0.381468808840732,4
urn:mavedb:00000096-b-1#2908,,,p.Glu272Ile,0.563867838377177,0.0633525632527242,4
urn:mavedb:00000096-b-1#2909,,,p.Glu272Leu,0.801282325498507,0.1496456333170679,12
urn:mavedb:00000096-b-1#2910,,,p.Glu272Lys,0.9883223721198292,0.0586332236863457,4
urn:mavedb:00000096-b-1#2911,,,p.Glu272Met,1.05361410363222,0.463347208373243,4
urn:mavedb:00000096-b-1#2912,,,p.Glu272Phe,0.8329955824221021,0.0448291978887246,4
urn:mavedb:00000096-b-1#2913,,,p.Glu272Pro,0.992128154129479,0.159280457211135,8
urn:mavedb:00000096-b-1#2914,,,p.Glu272Ser,0.971815599611056,0.149879822517593,8
urn:mavedb:00000096-b-1#2915,,,p.Glu272Ter,-0.0287797810516942,0.31593927383775,4
urn:mavedb:00000096-b-1#2916,,,p.Glu272Thr,1.0671436702325,0.2076748531091,8
urn:mavedb:00000096-b-1#2917,,,p.Glu272Trp,0.500634886443031,0.0808832422975518,4
urn:mavedb:00000096-b-1#2918,,,p.Glu272Tyr,0.771093750589375,0.0539705772801293,4
urn:mavedb:00000096-b-1#2919,,,p.Glu272Val,0.7774999268443291,0.0746724746999581,8
urn:mavedb:00000096-b-1#2920,,,p.Glu279Ala,0.7860360740859359,0.340488027850123,8
urn:mavedb:00000096-b-1#2921,,,p.Glu279Arg,0.963328113419106,0.219758162713814,12
urn:mavedb:00000096-b-1#2922,,,p.Glu279Asn,0.792439139749641,0.0681377413339676,4
urn:mavedb:00000096-b-1#2923,,,p.Glu279Asp,1.20942618772904,0.3945971125422129,4
urn:mavedb:00000096-b-1#2924,,,p.Glu279Cys,1.15461826042586,0.199796010513695,4
urn:mavedb:00000096-b-1#2925,,,p.Glu279Gln,1.01769275886734,0.0929590454030228,4
urn:mavedb:00000096-b-1#2926,,,p.Glu279Gly,0.699801806624555,0.0759866395623818,8
urn:mavedb:00000096-b-1#2927,,,p.Glu279His,0.9956976817059808,0.2133620811110949,4
urn:mavedb:00000096-b-1#2928,,,p.Glu279Ile,1.07854761642414,0.178367764520938,4
urn:mavedb:00000096-b-1#2929,,,p.Glu279Leu,0.976062888078983,0.172605890174377,8
urn:mavedb:00000096-b-1#2930,,,p.Glu279Met,0.9327578568451,0.0635828016989275,4
urn:mavedb:00000096-b-1#2931,,,p.Glu279Pro,0.3960590600513521,0.19013567025034,8
urn:mavedb:00000096-b-1#2932,,,p.Glu279Ser,1.01198173504993,0.107621147487658,12
urn:mavedb:00000096-b-1#2933,,,p.Glu279Ter,-0.293779102179151,0.265999852727931,4
urn:mavedb:00000096-b-1#2934,,,p.Glu279Thr,0.84220797301043,0.15443901677959,8
urn:mavedb:00000096-b-1#2935,,,p.Glu279Trp,0.842739144237227,0.0610824632902885,4
urn:mavedb:00000096-b-1#2936,,,p.Glu279Tyr,0.8497736817164129,0.0756724449171234,4
urn:mavedb:00000096-b-1#2937,,,p.Glu279Val,0.8598680836567171,0.1388902071109249,8
urn:mavedb:00000096-b-1#2938,,,p.Glu27Ala,1.15495757878143,0.441203071105367,8
urn:mavedb:00000096-b-1#2939,,,p.Glu27Arg,0.254868694499283,0.5075290018016,12
urn:mavedb:00000096-b-1#2940,,,p.Glu27Asn,0.322282659594931,0.241699344387847,4
urn:mavedb:00000096-b-1#2941,,,p.Glu27Asp,1.4346125326901,0.4454909385111349,4
urn:mavedb:00000096-b-1#2942,,,p.Glu27Cys,0.3461721447140929,0.881636040201189,4
urn:mavedb:00000096-b-1#2943,,,p.Glu27Gln,0.6191894605306519,0.351074057505614,4
urn:mavedb:00000096-b-1#2944,,,p.Glu27Gly,0.715329355562904,0.286813479275061,8
urn:mavedb:00000096-b-1#2945,,,p.Glu27His,1.11639085611894,0.125023761775468,4
urn:mavedb:00000096-b-1#2946,,,p.Glu27Ile,0.5278632201151939,0.551833894327426,4
urn:mavedb:00000096-b-1#2947,,,p.Glu27Leu,0.9662841219257472,0.3618637919796049,12
urn:mavedb:00000096-b-1#2948,,,p.Glu27Lys,1.02250669451033,0.0969895832104804,4
urn:mavedb:00000096-b-1#2949,,,p.Glu27Met,0.388636191368257,0.251005880150618,4
urn:mavedb:00000096-b-1#2950,,,p.Glu27Phe,0.280625473952266,0.1357218956145119,4
urn:mavedb:00000096-b-1#2951,,,p.Glu27Pro,0.223993440880059,0.538047049563502,8
urn:mavedb:00000096-b-1#2952,,,p.Glu27Ser,0.4986702378308789,0.2903552568354989,12
urn:mavedb:00000096-b-1#2953,,,p.Glu27Ter,0.0362858735188362,0.4849608145348099,4
urn:mavedb:00000096-b-1#2954,,,p.Glu27Thr,0.634397676851028,0.6724527216241529,8
urn:mavedb:00000096-b-1#2955,,,p.Glu27Trp,0.589106609478968,0.2285428678341569,4
urn:mavedb:00000096-b-1#2956,,,p.Glu27Tyr,0.778475665197786,0.6738299318827671,4
urn:mavedb:00000096-b-1#2957,,,p.Glu27Val,0.6294296369115551,0.321660104247284,8
urn:mavedb:00000096-b-1#2958,,,p.Glu28Ala,0.799979076534792,0.6042520274303679,8
urn:mavedb:00000096-b-1#2959,,,p.Glu28Arg,0.6370513815533649,0.6129096314113089,12
urn:mavedb:00000096-b-1#2960,,,p.Glu28Asn,0.401469925954705,0.1771744284863,4
urn:mavedb:00000096-b-1#2961,,,p.Glu28Asp,0.8077692475956642,0.734727616412455,8
urn:mavedb:00000096-b-1#2962,,,p.Glu28Cys,0.544523427374336,0.302741986782763,4
urn:mavedb:00000096-b-1#2963,,,p.Glu28Gln,0.6390626806155351,0.135159008594253,4
urn:mavedb:00000096-b-1#2964,,,p.Glu28Gly,0.909855632294112,0.245967598126282,8
urn:mavedb:00000096-b-1#2965,,,p.Glu28His,1.22759157774716,0.209441489129654,4
urn:mavedb:00000096-b-1#2966,,,p.Glu28Ile,0.8027321441868042,0.64202412590848,4
urn:mavedb:00000096-b-1#2967,,,p.Glu28Leu,0.6373243545694329,0.454963959811479,12
urn:mavedb:00000096-b-1#2968,,,p.Glu28Lys,0.897396957105557,0.11168485609641,4
urn:mavedb:00000096-b-1#2969,,,p.Glu28Met,1.09530347869459,0.5883826754757591,4
urn:mavedb:00000096-b-1#2970,,,p.Glu28Phe,1.24854413706863,0.9251346155422808,4
urn:mavedb:00000096-b-1#2971,,,p.Glu28Pro,0.4783515779895529,0.3881431715319329,8
urn:mavedb:00000096-b-1#2972,,,p.Glu28Ser,0.965795183198393,0.3956456614291729,12
urn:mavedb:00000096-b-1#2973,,,p.Glu28Ter,0.400939816472365,0.726665182264377,4
urn:mavedb:00000096-b-1#2974,,,p.Glu28Thr,0.318567443376674,0.6822950537174781,8
urn:mavedb:00000096-b-1#2975,,,p.Glu28Trp,0.771421763153006,0.630511565780287,4
urn:mavedb:00000096-b-1#2976,,,p.Glu28Tyr,0.605923094213219,0.150335757492361,4
urn:mavedb:00000096-b-1#2977,,,p.Glu28Val,0.596747590527347,0.3948159055933321,8
urn:mavedb:00000096-b-1#2978,,,p.Glu290=,0.916018747407055,0.325591272509503,4
urn:mavedb:00000096-b-1#2979,,,p.Glu290Ala,0.8886607918811109,0.38474658879682,8
urn:mavedb:00000096-b-1#2980,,,p.Glu290Arg,0.6285351578691071,0.28764498340305,12
urn:mavedb:00000096-b-1#2981,,,p.Glu290Asn,0.768559944900917,0.0683293484959845,4
urn:mavedb:00000096-b-1#2982,,,p.Glu290Asp,1.07030980368965,0.225075120466961,4
urn:mavedb:00000096-b-1#2983,,,p.Glu290Cys,0.8076666435462779,0.0843773002925421,4
urn:mavedb:00000096-b-1#2984,,,p.Glu290Gln,1.0137509976776802,0.0734443963256954,4
urn:mavedb:00000096-b-1#2985,,,p.Glu290Gly,0.6750547039369731,0.277472630444079,12
urn:mavedb:00000096-b-1#2986,,,p.Glu290His,0.946149887123998,0.0750640960396909,4
urn:mavedb:00000096-b-1#2987,,,p.Glu290Ile,0.554390290820202,0.207299480702602,4
urn:mavedb:00000096-b-1#2988,,,p.Glu290Leu,0.7934233626013499,0.0914768547603419,12
urn:mavedb:00000096-b-1#2989,,,p.Glu290Lys,0.5400288643218021,0.289748449421799,8
urn:mavedb:00000096-b-1#2990,,,p.Glu290Met,0.645901501848036,0.108459356783963,4
urn:mavedb:00000096-b-1#2991,,,p.Glu290Phe,0.6023863998403169,0.0607770174524123,4
urn:mavedb:00000096-b-1#2992,,,p.Glu290Pro,0.827853675960218,0.244196240016796,8
urn:mavedb:00000096-b-1#2993,,,p.Glu290Ser,0.694060913293657,0.237645328497129,12
urn:mavedb:00000096-b-1#2994,,,p.Glu290Ter,0.1155876422651819,0.123053794110977,4
urn:mavedb:00000096-b-1#2995,,,p.Glu290Thr,0.816154957795603,0.261008943398865,8
urn:mavedb:00000096-b-1#2996,,,p.Glu290Trp,0.7820952428490259,0.0887369031716684,4
urn:mavedb:00000096-b-1#2997,,,p.Glu290Tyr,0.8040952404408429,0.3878502775236629,4
urn:mavedb:00000096-b-1#2998,,,p.Glu290Val,0.55699567615257,0.340566120746089,12
urn:mavedb:00000096-b-1#2999,,,p.Glu300=,0.8481038047269399,0.320775255300265,4
urn:mavedb:00000096-b-1#3000,,,p.Glu300Ala,0.179451186493292,0.233459178949708,8
urn:mavedb:00000096-b-1#3001,,,p.Glu300Arg,0.284322976848572,0.2967591679562539,12
urn:mavedb:00000096-b-1#3002,,,p.Glu300Asn,-0.177000920427977,0.271057449929629,4
urn:mavedb:00000096-b-1#3003,,,p.Glu300Asp,0.815780661609379,0.319839361935295,4
urn:mavedb:00000096-b-1#3004,,,p.Glu300Cys,0.630399804290292,0.628149392146369,4
urn:mavedb:00000096-b-1#3005,,,p.Glu300Gln,0.386987672861251,0.3903578971250839,4
urn:mavedb:00000096-b-1#3006,,,p.Glu300Gly,0.313925096693501,0.269782205524817,12
urn:mavedb:00000096-b-1#3007,,,p.Glu300His,0.190496034279388,0.339784644067998,4
urn:mavedb:00000096-b-1#3008,,,p.Glu300Ile,-0.16573242349279,0.356839177256033,4
urn:mavedb:00000096-b-1#3009,,,p.Glu300Leu,-0.1073245789254319,0.322104239126275,12
urn:mavedb:00000096-b-1#3010,,,p.Glu300Lys,0.0873866796087679,0.1979172599058589,4
urn:mavedb:00000096-b-1#3011,,,p.Glu300Met,-0.4251901352910279,0.3243607414407299,4
urn:mavedb:00000096-b-1#3012,,,p.Glu300Phe,-0.304825901530166,0.236101461579304,4
urn:mavedb:00000096-b-1#3013,,,p.Glu300Pro,0.154967137938193,0.356553174530776,4
urn:mavedb:00000096-b-1#3014,,,p.Glu300Ser,0.0215316883427666,0.358201787814061,12
urn:mavedb:00000096-b-1#3015,,,p.Glu300Ter,-0.2259233440863289,0.415609837107907,4
urn:mavedb:00000096-b-1#3016,,,p.Glu300Thr,-0.0268495512288372,0.4607389697416379,8
urn:mavedb:00000096-b-1#3017,,,p.Glu300Trp,-0.616403701103795,0.229880664211716,4
urn:mavedb:00000096-b-1#3018,,,p.Glu300Tyr,-0.478042250769157,0.319456296979441,4
urn:mavedb:00000096-b-1#3019,,,p.Glu300Val,-0.0551803454584746,0.24742359458009,8
urn:mavedb:00000096-b-1#3020,,,p.Glu312=,0.7533977197299859,0.6644909546917801,4
urn:mavedb:00000096-b-1#3021,,,p.Glu312Ala,1.13330330026559,0.183522735546157,8
urn:mavedb:00000096-b-1#3022,,,p.Glu312Arg,1.01765807034804,0.2220590464813369,12
urn:mavedb:00000096-b-1#3023,,,p.Glu312Asn,1.07101073997285,0.245162531153076,4
urn:mavedb:00000096-b-1#3024,,,p.Glu312Asp,0.9089265863005028,0.8483078996196541,4
urn:mavedb:00000096-b-1#3025,,,p.Glu312Cys,0.8930642245465699,0.0938657978280377,4
urn:mavedb:00000096-b-1#3026,,,p.Glu312Gln,1.28605861273433,0.0971820597537914,4
urn:mavedb:00000096-b-1#3027,,,p.Glu312Gly,0.962477645847964,0.1955613341039589,12
urn:mavedb:00000096-b-1#3028,,,p.Glu312His,1.1371902268208,0.125624838100424,4
urn:mavedb:00000096-b-1#3029,,,p.Glu312Ile,0.776634621951401,0.0660590484822126,4
urn:mavedb:00000096-b-1#3030,,,p.Glu312Leu,0.969102569484032,0.145032510277413,8
urn:mavedb:00000096-b-1#3031,,,p.Glu312Lys,0.757815416175893,0.282809811339542,8
urn:mavedb:00000096-b-1#3032,,,p.Glu312Met,0.6178266645234151,0.0845149655531463,4
urn:mavedb:00000096-b-1#3033,,,p.Glu312Phe,1.0343291969139798,0.336697349715831,4
urn:mavedb:00000096-b-1#3034,,,p.Glu312Pro,0.110354131230004,0.262133917633445,8
urn:mavedb:00000096-b-1#3035,,,p.Glu312Ser,0.983077194662253,0.2351993564961869,12
urn:mavedb:00000096-b-1#3036,,,p.Glu312Ter,0.0107992601753895,0.171962903429799,4
urn:mavedb:00000096-b-1#3037,,,p.Glu312Thr,0.6058390844518461,0.182534835426986,8
urn:mavedb:00000096-b-1#3038,,,p.Glu312Trp,0.73951088523954,0.376387057648021,4
urn:mavedb:00000096-b-1#3039,,,p.Glu312Tyr,0.733522277127741,0.18910369758924,4
urn:mavedb:00000096-b-1#3040,,,p.Glu312Val,0.7205921171894529,0.0946028985419026,8
urn:mavedb:00000096-b-1#3041,,,p.Glu319=,1.20003744839813,0.105032623260154,4
urn:mavedb:00000096-b-1#3042,,,p.Glu319Ala,0.9003851271697809,0.228668409256607,8
urn:mavedb:00000096-b-1#3043,,,p.Glu319Arg,0.7109168995490849,0.0776188194298423,8
urn:mavedb:00000096-b-1#3044,,,p.Glu319Asn,1.08460952510844,0.342747512555945,4
urn:mavedb:00000096-b-1#3045,,,p.Glu319Asp,1.16163174438662,0.0989994935935107,4
urn:mavedb:00000096-b-1#3046,,,p.Glu319Cys,1.06553016929253,0.0993257735990863,4
urn:mavedb:00000096-b-1#3047,,,p.Glu319Gln,0.746133342325667,0.0735611842407722,4
urn:mavedb:00000096-b-1#3048,,,p.Glu319Gly,0.9225975640745392,0.167462083044209,8
urn:mavedb:00000096-b-1#3049,,,p.Glu319His,1.1871562173771002,0.0457501465872865,4
urn:mavedb:00000096-b-1#3050,,,p.Glu319Ile,1.07456188319925,0.303814891382101,4
urn:mavedb:00000096-b-1#3051,,,p.Glu319Leu,0.906298833802716,0.151834126151784,12
urn:mavedb:00000096-b-1#3052,,,p.Glu319Lys,0.702993391875266,0.556537276800484,4
urn:mavedb:00000096-b-1#3053,,,p.Glu319Met,0.8574412678282181,0.0870703258073221,4
urn:mavedb:00000096-b-1#3054,,,p.Glu319Phe,0.8732048046570021,0.330317902685644,4
urn:mavedb:00000096-b-1#3055,,,p.Glu319Pro,0.288319158828264,0.251572099641932,8
urn:mavedb:00000096-b-1#3056,,,p.Glu319Ser,0.9510523692732872,0.173842202313346,12
urn:mavedb:00000096-b-1#3057,,,p.Glu319Ter,-0.476997803935967,0.2745741443855249,4
urn:mavedb:00000096-b-1#3058,,,p.Glu319Thr,0.8261395803580741,0.0747614438311358,4
urn:mavedb:00000096-b-1#3059,,,p.Glu319Trp,0.8385791938801809,0.074845714277941,4
urn:mavedb:00000096-b-1#3060,,,p.Glu319Tyr,1.3040916921869798,0.0385361101980829,4
urn:mavedb:00000096-b-1#3061,,,p.Glu319Val,0.6713785831683872,0.29405691006182,8
urn:mavedb:00000096-b-1#3062,,,p.Glu322=,0.988166014693007,0.199709302043135,4
urn:mavedb:00000096-b-1#3063,,,p.Glu322Ala,0.99485873262074,0.445401361535831,4
urn:mavedb:00000096-b-1#3064,,,p.Glu322Arg,0.8959190714700129,0.148748405327684,12
urn:mavedb:00000096-b-1#3065,,,p.Glu322Asn,0.8296560828658579,0.130259467786268,4
urn:mavedb:00000096-b-1#3066,,,p.Glu322Asp,0.896297072413529,0.3133268085144199,4
urn:mavedb:00000096-b-1#3067,,,p.Glu322Cys,0.8993862975851171,0.141561219451401,4
urn:mavedb:00000096-b-1#3068,,,p.Glu322Gln,1.05065738238566,0.1092067167017599,4
urn:mavedb:00000096-b-1#3069,,,p.Glu322Gly,1.01113941434182,0.166194067289934,12
urn:mavedb:00000096-b-1#3070,,,p.Glu322His,0.552367807587049,0.0876067219977159,4
urn:mavedb:00000096-b-1#3071,,,p.Glu322Ile,0.731523392129101,0.111222882343187,4
urn:mavedb:00000096-b-1#3072,,,p.Glu322Leu,0.7926392711007759,0.120548124217725,12
urn:mavedb:00000096-b-1#3073,,,p.Glu322Lys,0.7726267174407059,0.244778009819315,4
urn:mavedb:00000096-b-1#3074,,,p.Glu322Met,0.3892956377909319,0.257618162622601,4
urn:mavedb:00000096-b-1#3075,,,p.Glu322Phe,0.664804894656301,0.190286715849195,4
urn:mavedb:00000096-b-1#3076,,,p.Glu322Pro,0.685640928392764,0.306368782928627,4
urn:mavedb:00000096-b-1#3077,,,p.Glu322Ser,1.01459457176694,0.137757956874169,12
urn:mavedb:00000096-b-1#3078,,,p.Glu322Ter,-0.131265957165915,0.131611241075185,4
urn:mavedb:00000096-b-1#3079,,,p.Glu322Thr,0.8688692385155471,0.0980879417290485,8
urn:mavedb:00000096-b-1#3080,,,p.Glu322Trp,0.8614464610913449,0.297281232313984,4
urn:mavedb:00000096-b-1#3081,,,p.Glu322Tyr,0.561883668542552,0.0781575725159319,4
urn:mavedb:00000096-b-1#3082,,,p.Glu322Val,0.9341561365293448,0.257836871630929,12
urn:mavedb:00000096-b-1#3083,,,p.Glu331=,1.2058178772316102,0.100372933669297,4
urn:mavedb:00000096-b-1#3084,,,p.Glu331Ala,0.7704525130798879,0.0622113677260698,4
urn:mavedb:00000096-b-1#3085,,,p.Glu331Arg,1.05089702123667,0.123010158034568,12
urn:mavedb:00000096-b-1#3086,,,p.Glu331Asp,1.17715457975171,0.232232651162938,8
urn:mavedb:00000096-b-1#3087,,,p.Glu331Cys,1.07203808736173,0.303018200055033,4
urn:mavedb:00000096-b-1#3088,,,p.Glu331Gln,0.977901829001859,0.47109777453869,4
urn:mavedb:00000096-b-1#3089,,,p.Glu331Gly,0.9911981781516872,0.350519336378698,12
urn:mavedb:00000096-b-1#3090,,,p.Glu331His,1.1325672739008,0.0476446611217571,4
urn:mavedb:00000096-b-1#3091,,,p.Glu331Ile,0.868573269666725,0.16936436819328,4
urn:mavedb:00000096-b-1#3092,,,p.Glu331Leu,1.10500747298801,0.196974325999813,12
urn:mavedb:00000096-b-1#3093,,,p.Glu331Lys,1.18977785322811,0.0454868434265081,4
urn:mavedb:00000096-b-1#3094,,,p.Glu331Met,0.665343165284083,0.0745017214291175,4
urn:mavedb:00000096-b-1#3095,,,p.Glu331Phe,0.891699342743346,0.0612244788556597,4
urn:mavedb:00000096-b-1#3096,,,p.Glu331Pro,0.7907757799297241,0.111889512532205,8
urn:mavedb:00000096-b-1#3097,,,p.Glu331Ser,1.02982261102144,0.0960234677316135,12
urn:mavedb:00000096-b-1#3098,,,p.Glu331Ter,-0.2942997438517319,0.162750363089159,4
urn:mavedb:00000096-b-1#3099,,,p.Glu331Thr,0.915432131194117,0.148401153196817,8
urn:mavedb:00000096-b-1#3100,,,p.Glu331Trp,0.7939974310884449,0.479940836975626,4
urn:mavedb:00000096-b-1#3101,,,p.Glu331Val,1.03719552496166,0.131467370459191,8
urn:mavedb:00000096-b-1#3102,,,p.Glu339=,1.1809449887285,0.111515820866463,4
urn:mavedb:00000096-b-1#3103,,,p.Glu339Ala,0.591014799067702,0.2146099769639,8
urn:mavedb:00000096-b-1#3104,,,p.Glu339Arg,-0.146459603688517,0.449323726270939,12
urn:mavedb:00000096-b-1#3105,,,p.Glu339Asn,0.308957211392977,0.794930908804152,4
urn:mavedb:00000096-b-1#3106,,,p.Glu339Asp,0.7955742614841992,0.568231282429357,8
urn:mavedb:00000096-b-1#3107,,,p.Glu339Cys,0.688861418816058,0.0881116121844285,4
urn:mavedb:00000096-b-1#3108,,,p.Glu339Gln,0.4414457863636079,0.115891854435473,4
urn:mavedb:00000096-b-1#3109,,,p.Glu339Gly,0.5875131492479411,0.1997439102287019,8
urn:mavedb:00000096-b-1#3110,,,p.Glu339His,0.0508977964010823,0.3966378872945949,4
urn:mavedb:00000096-b-1#3111,,,p.Glu339Ile,0.636374483669385,0.0617387986735969,4
urn:mavedb:00000096-b-1#3112,,,p.Glu339Leu,0.6766369937893629,0.1917318822415659,12
urn:mavedb:00000096-b-1#3113,,,p.Glu339Lys,-0.0832074451488441,0.311339748876653,4
urn:mavedb:00000096-b-1#3114,,,p.Glu339Met,0.519478241748317,0.0754357843599367,4
urn:mavedb:00000096-b-1#3115,,,p.Glu339Phe,0.566692406192864,0.0524379055574833,4
urn:mavedb:00000096-b-1#3116,,,p.Glu339Pro,0.240135721551738,0.6413852366004891,8
urn:mavedb:00000096-b-1#3117,,,p.Glu339Ser,0.914274958405014,0.462238007360748,12
urn:mavedb:00000096-b-1#3118,,,p.Glu339Ter,-0.462113602743479,0.235663165795292,4
urn:mavedb:00000096-b-1#3119,,,p.Glu339Thr,0.47738656813698,0.214959727301998,8
urn:mavedb:00000096-b-1#3120,,,p.Glu339Trp,0.393401991442579,0.2244712848447869,4
urn:mavedb:00000096-b-1#3121,,,p.Glu339Tyr,0.495698938851967,0.0715096885854981,4
urn:mavedb:00000096-b-1#3122,,,p.Glu339Val,0.647439909418004,0.11449661358575,8
urn:mavedb:00000096-b-1#3123,,,p.Glu372=,0.5610737345303289,0.74929917772697,4
urn:mavedb:00000096-b-1#3124,,,p.Glu372Ala,0.7915738011403229,0.151811563132308,8
urn:mavedb:00000096-b-1#3125,,,p.Glu372Arg,0.7479853474945949,0.174786219266145,12
urn:mavedb:00000096-b-1#3126,,,p.Glu372Asn,0.964773403780328,0.0844015629469351,4
urn:mavedb:00000096-b-1#3127,,,p.Glu372Asp,0.846189317052789,0.24769114869984,4
urn:mavedb:00000096-b-1#3128,,,p.Glu372Gln,0.5810670926596079,0.490400917584152,4
urn:mavedb:00000096-b-1#3129,,,p.Glu372Gly,0.8672897079146229,0.440828616848314,8
urn:mavedb:00000096-b-1#3130,,,p.Glu372His,0.3803569387847689,0.0864358235728441,4
urn:mavedb:00000096-b-1#3131,,,p.Glu372Ile,0.8654211961338109,0.110616056264008,4
urn:mavedb:00000096-b-1#3132,,,p.Glu372Leu,0.774442575696384,0.246252797162424,12
urn:mavedb:00000096-b-1#3133,,,p.Glu372Lys,0.8826437253933341,0.411487815998177,8
urn:mavedb:00000096-b-1#3134,,,p.Glu372Met,1.23864055696469,0.1085287097466709,4
urn:mavedb:00000096-b-1#3135,,,p.Glu372Phe,1.00094794497946,0.0857065356988456,4
urn:mavedb:00000096-b-1#3136,,,p.Glu372Pro,-0.5991674252749271,0.342882592290645,8
urn:mavedb:00000096-b-1#3137,,,p.Glu372Ser,0.718844812750759,0.214974525750486,12
urn:mavedb:00000096-b-1#3138,,,p.Glu372Ter,-0.334918559897756,0.128840902620698,4
urn:mavedb:00000096-b-1#3139,,,p.Glu372Thr,0.7610780256531758,0.686319150984382,8
urn:mavedb:00000096-b-1#3140,,,p.Glu372Trp,0.981675020123155,0.0951894484427842,4
urn:mavedb:00000096-b-1#3141,,,p.Glu372Tyr,0.417241526707307,0.4311845174277829,4
urn:mavedb:00000096-b-1#3142,,,p.Glu372Val,0.5607445920235811,0.0795433890535992,8
urn:mavedb:00000096-b-1#3143,,,p.Glu395=,0.948686683050972,0.292546231832571,4
urn:mavedb:00000096-b-1#3144,,,p.Glu395Ala,0.967115210060274,0.250309726128967,8
urn:mavedb:00000096-b-1#3145,,,p.Glu395Arg,0.784804623564917,0.1724963914091,12
urn:mavedb:00000096-b-1#3146,,,p.Glu395Asn,-0.264744147053462,0.2204590258728939,4
urn:mavedb:00000096-b-1#3147,,,p.Glu395Asp,1.20399156426888,0.9001256556000291,4
urn:mavedb:00000096-b-1#3148,,,p.Glu395Cys,0.8985530198642491,0.0732945106905747,4
urn:mavedb:00000096-b-1#3149,,,p.Glu395Gln,0.554788177138802,0.0927526290994954,4
urn:mavedb:00000096-b-1#3150,,,p.Glu395Gly,0.811032088337184,0.229407160648826,12
urn:mavedb:00000096-b-1#3151,,,p.Glu395His,0.795736767036455,0.235965882151496,4
urn:mavedb:00000096-b-1#3152,,,p.Glu395Ile,0.8755923719099459,0.500886353919196,4
urn:mavedb:00000096-b-1#3153,,,p.Glu395Leu,0.874745795534035,0.235540909023882,12
urn:mavedb:00000096-b-1#3154,,,p.Glu395Lys,1.14168603576941,0.0569394907531031,4
urn:mavedb:00000096-b-1#3155,,,p.Glu395Met,0.988066039461098,0.420807515890677,4
urn:mavedb:00000096-b-1#3156,,,p.Glu395Pro,0.341345833194658,0.3978617426670589,8
urn:mavedb:00000096-b-1#3157,,,p.Glu395Ser,0.872272959024675,0.218717533994429,12
urn:mavedb:00000096-b-1#3158,,,p.Glu395Ter,0.0372269384515838,0.268680864949233,4
urn:mavedb:00000096-b-1#3159,,,p.Glu395Thr,0.902892864077747,0.1242432745855819,8
urn:mavedb:00000096-b-1#3160,,,p.Glu395Trp,0.815446165734329,0.056100716419129,4
urn:mavedb:00000096-b-1#3161,,,p.Glu395Tyr,1.04106995095622,0.321461656486872,4
urn:mavedb:00000096-b-1#3162,,,p.Glu395Val,0.88649509762802,0.465669806874575,8
urn:mavedb:00000096-b-1#3163,,,p.Glu399=,0.921671560545788,0.5634330639003641,4
urn:mavedb:00000096-b-1#3164,,,p.Glu399Ala,0.9806905608795108,0.336585576700183,4
urn:mavedb:00000096-b-1#3165,,,p.Glu399Arg,0.774629962305745,0.3881700450296339,12
urn:mavedb:00000096-b-1#3166,,,p.Glu399Asn,0.743321451375587,0.147955114137573,4
urn:mavedb:00000096-b-1#3167,,,p.Glu399Asp,1.09770896024627,0.129401909723063,4
urn:mavedb:00000096-b-1#3168,,,p.Glu399Cys,1.03872608635191,0.16160103174846,4
urn:mavedb:00000096-b-1#3169,,,p.Glu399Gly,0.804234027898625,0.4457979457502489,4
urn:mavedb:00000096-b-1#3170,,,p.Glu399His,0.9331777885891448,0.8466959779833589,4
urn:mavedb:00000096-b-1#3171,,,p.Glu399Ile,0.9334716819935848,0.293267650950949,4
urn:mavedb:00000096-b-1#3172,,,p.Glu399Leu,0.8337144977732509,0.2149928032594189,8
urn:mavedb:00000096-b-1#3173,,,p.Glu399Lys,0.5834197936497529,0.0746800209991054,4
urn:mavedb:00000096-b-1#3174,,,p.Glu399Met,0.861474612603102,0.118778054452893,4
urn:mavedb:00000096-b-1#3175,,,p.Glu399Phe,0.818919638966881,0.0998659265440488,4
urn:mavedb:00000096-b-1#3176,,,p.Glu399Pro,0.4486261304509379,0.2743861555278239,8
urn:mavedb:00000096-b-1#3177,,,p.Glu399Ser,0.926832001000574,0.0786402269122333,12
urn:mavedb:00000096-b-1#3178,,,p.Glu399Ter,-0.242309921355278,0.155360658445591,4
urn:mavedb:00000096-b-1#3179,,,p.Glu399Thr,1.01523641988481,0.342100363686529,4
urn:mavedb:00000096-b-1#3180,,,p.Glu399Trp,0.2178222418608399,0.460653926440126,4
urn:mavedb:00000096-b-1#3181,,,p.Glu399Tyr,1.03986099007635,0.0588048049397257,4
urn:mavedb:00000096-b-1#3182,,,p.Glu399Val,0.853189257730323,0.172613576713209,4
urn:mavedb:00000096-b-1#3183,,,p.Glu40=,0.181739784561462,1.21724855623556,4
urn:mavedb:00000096-b-1#3184,,,p.Glu40Ala,0.787895107894465,0.141191391430495,8
urn:mavedb:00000096-b-1#3185,,,p.Glu40Arg,-0.0669344986751977,0.298282665820384,12
urn:mavedb:00000096-b-1#3186,,,p.Glu40Asn,0.659212901222826,0.56478988325033,4
urn:mavedb:00000096-b-1#3187,,,p.Glu40Asp,1.06181195333032,0.458342447887941,4
urn:mavedb:00000096-b-1#3188,,,p.Glu40Cys,0.2577890259194539,0.745268160513339,4
urn:mavedb:00000096-b-1#3189,,,p.Glu40Gly,0.422973731225827,0.508354087955825,8
urn:mavedb:00000096-b-1#3190,,,p.Glu40His,0.274340366748284,0.113557606597574,4
urn:mavedb:00000096-b-1#3191,,,p.Glu40Ile,0.260767479815692,0.803498213476183,4
urn:mavedb:00000096-b-1#3192,,,p.Glu40Leu,-0.126985461307061,0.3007984758842119,12
urn:mavedb:00000096-b-1#3193,,,p.Glu40Lys,0.294371091673464,0.346058802123633,4
urn:mavedb:00000096-b-1#3194,,,p.Glu40Met,0.802045579257669,0.108011611560898,4
urn:mavedb:00000096-b-1#3195,,,p.Glu40Phe,0.0780488491695728,0.104304403624711,4
urn:mavedb:00000096-b-1#3196,,,p.Glu40Pro,-0.108734729505393,0.648460983555113,8
urn:mavedb:00000096-b-1#3197,,,p.Glu40Ser,0.7046974554324879,0.3592418645270639,12
urn:mavedb:00000096-b-1#3198,,,p.Glu40Ter,0.3611238700356239,0.9959487801901128,4
urn:mavedb:00000096-b-1#3199,,,p.Glu40Thr,0.658729502442994,0.11985295300682,8
urn:mavedb:00000096-b-1#3200,,,p.Glu40Trp,0.30552535259323,0.8795477105616211,4
urn:mavedb:00000096-b-1#3201,,,p.Glu40Tyr,0.0550933009045665,0.6269918131290171,4
urn:mavedb:00000096-b-1#3202,,,p.Glu40Val,0.775799185365364,0.196438832585361,8
urn:mavedb:00000096-b-1#3203,,,p.Glu421Ala,0.9127926554971608,0.0863161776620934,8
urn:mavedb:00000096-b-1#3204,,,p.Glu421Arg,0.6993956596854449,0.1639067948358809,12
urn:mavedb:00000096-b-1#3205,,,p.Glu421Asp,0.932473225568028,0.0815439866100807,4
urn:mavedb:00000096-b-1#3206,,,p.Glu421Cys,0.8381665789779941,0.0451897102907527,4
urn:mavedb:00000096-b-1#3207,,,p.Glu421Gln,0.846854963755916,0.336509125436771,4
urn:mavedb:00000096-b-1#3208,,,p.Glu421Gly,1.02867951213987,0.11367769245085,12
urn:mavedb:00000096-b-1#3209,,,p.Glu421His,0.9383810136727072,0.2056823850161139,4
urn:mavedb:00000096-b-1#3210,,,p.Glu421Ile,1.07671264467101,0.0725088787973837,4
urn:mavedb:00000096-b-1#3211,,,p.Glu421Leu,0.848972516425011,0.121133196314283,12
urn:mavedb:00000096-b-1#3212,,,p.Glu421Lys,0.8237225789184409,0.2194969108875839,4
urn:mavedb:00000096-b-1#3213,,,p.Glu421Met,0.936896240005978,0.2561485185052389,4
urn:mavedb:00000096-b-1#3214,,,p.Glu421Phe,0.890724003716996,0.0649568370434786,4
urn:mavedb:00000096-b-1#3215,,,p.Glu421Pro,0.675105191303777,0.144675918396276,8
urn:mavedb:00000096-b-1#3216,,,p.Glu421Ser,0.8051878708112371,0.0910936906188277,12
urn:mavedb:00000096-b-1#3217,,,p.Glu421Ter,-0.0309377911436364,0.4042458534236289,4
urn:mavedb:00000096-b-1#3218,,,p.Glu421Thr,0.7319459264921829,0.1583601900169249,8
urn:mavedb:00000096-b-1#3219,,,p.Glu421Tyr,0.9758158319111808,0.14653483670784,4
urn:mavedb:00000096-b-1#3220,,,p.Glu421Val,0.7828303539350121,0.144506251016089,8
urn:mavedb:00000096-b-1#3221,,,p.Glu435=,0.970857469914615,0.1802664356678149,4
urn:mavedb:00000096-b-1#3222,,,p.Glu435Ala,0.8371597717744091,0.0765585498959675,8
urn:mavedb:00000096-b-1#3223,,,p.Glu435Arg,0.823560949973088,0.206517045002722,12
urn:mavedb:00000096-b-1#3224,,,p.Glu435Asn,0.8546555386710151,0.41498360226074,4
urn:mavedb:00000096-b-1#3225,,,p.Glu435Asp,0.8677117302550071,0.108658291541144,4
urn:mavedb:00000096-b-1#3226,,,p.Glu435Cys,0.718541752874365,0.2324061411195639,4
urn:mavedb:00000096-b-1#3227,,,p.Glu435Gln,0.833505201326351,0.0957753089421957,4
urn:mavedb:00000096-b-1#3228,,,p.Glu435Gly,0.641446560540079,0.150479134562099,8
urn:mavedb:00000096-b-1#3229,,,p.Glu435His,0.734177819732953,0.0839986522918589,4
urn:mavedb:00000096-b-1#3230,,,p.Glu435Ile,0.9307772460751528,0.2342786054052789,4
urn:mavedb:00000096-b-1#3231,,,p.Glu435Leu,1.07434571810894,0.1780395075902099,12
urn:mavedb:00000096-b-1#3232,,,p.Glu435Lys,0.712078978303896,0.69624621495617,4
urn:mavedb:00000096-b-1#3233,,,p.Glu435Phe,0.9382287403006628,0.101345870654975,4
urn:mavedb:00000096-b-1#3234,,,p.Glu435Pro,0.6214210133503381,0.143377052621883,8
urn:mavedb:00000096-b-1#3235,,,p.Glu435Ser,0.657832613196496,0.175375994157702,12
urn:mavedb:00000096-b-1#3236,,,p.Glu435Ter,0.0805088295041626,0.58484404829741,4
urn:mavedb:00000096-b-1#3237,,,p.Glu435Thr,0.7574095421079069,0.144789706630683,8
urn:mavedb:00000096-b-1#3238,,,p.Glu435Trp,0.77111439060597,0.0536790462838233,4
urn:mavedb:00000096-b-1#3239,,,p.Glu435Tyr,0.64814200920968,0.114491742443516,4
urn:mavedb:00000096-b-1#3240,,,p.Glu435Val,1.01675539440322,0.1612651623527539,8
urn:mavedb:00000096-b-1#3241,,,p.Glu440=,0.963967991634407,0.17702543223591,4
urn:mavedb:00000096-b-1#3242,,,p.Glu440Ala,0.8308205541483811,0.274473635842651,8
urn:mavedb:00000096-b-1#3243,,,p.Glu440Arg,0.71087370686232,0.3292731318491469,12
urn:mavedb:00000096-b-1#3244,,,p.Glu440Asn,0.459238360189695,0.561985937782588,4
urn:mavedb:00000096-b-1#3245,,,p.Glu440Asp,0.4542385041124149,0.64784873609702,4
urn:mavedb:00000096-b-1#3246,,,p.Glu440Cys,0.905772108018986,0.26347270447069,4
urn:mavedb:00000096-b-1#3247,,,p.Glu440Gln,-0.0973120807182094,0.225610750151493,4
urn:mavedb:00000096-b-1#3248,,,p.Glu440Gly,0.8846280436422209,0.143010888580564,8
urn:mavedb:00000096-b-1#3249,,,p.Glu440His,0.8358436977345508,0.1051787388496219,4
urn:mavedb:00000096-b-1#3250,,,p.Glu440Ile,0.874272391164282,0.255324846850222,4
urn:mavedb:00000096-b-1#3251,,,p.Glu440Leu,0.965661941653061,0.1804051618964849,12
urn:mavedb:00000096-b-1#3252,,,p.Glu440Lys,0.690337049096023,0.42907450043305,4
urn:mavedb:00000096-b-1#3253,,,p.Glu440Met,1.19406020810879,0.0856676235128187,4
urn:mavedb:00000096-b-1#3254,,,p.Glu440Phe,0.621765292056006,0.499248194263066,4
urn:mavedb:00000096-b-1#3255,,,p.Glu440Pro,0.8648475342212529,0.191493267445771,8
urn:mavedb:00000096-b-1#3256,,,p.Glu440Ser,0.913729342091922,0.138590887946148,12
urn:mavedb:00000096-b-1#3257,,,p.Glu440Ter,0.0252475714554259,0.137408576207235,4
urn:mavedb:00000096-b-1#3258,,,p.Glu440Thr,0.7765972760085659,0.194390911673441,8
urn:mavedb:00000096-b-1#3259,,,p.Glu440Trp,0.542630406050366,0.3224573563476149,4
urn:mavedb:00000096-b-1#3260,,,p.Glu440Tyr,0.424703951442323,0.0906379773301465,4
urn:mavedb:00000096-b-1#3261,,,p.Glu440Val,0.7533918544154959,0.1586409684984969,8
urn:mavedb:00000096-b-1#3262,,,p.Glu442=,0.6661789166612869,0.849916779708891,4
urn:mavedb:00000096-b-1#3263,,,p.Glu442Ala,0.8636517437962979,0.1706816316247559,8
urn:mavedb:00000096-b-1#3264,,,p.Glu442Arg,0.540700249921228,0.144619153337503,12
urn:mavedb:00000096-b-1#3265,,,p.Glu442Asn,1.02058054553286,0.159216844914178,4
urn:mavedb:00000096-b-1#3266,,,p.Glu442Asp,0.851022793272717,0.528633823796544,4
urn:mavedb:00000096-b-1#3267,,,p.Glu442Cys,1.13423220435825,0.359532787216091,4
urn:mavedb:00000096-b-1#3268,,,p.Glu442Gln,0.633878408037004,0.0982415670220823,4
urn:mavedb:00000096-b-1#3269,,,p.Glu442Gly,0.322622181143515,0.508748367381344,8
urn:mavedb:00000096-b-1#3270,,,p.Glu442His,-0.193191311067026,0.238553544737993,4
urn:mavedb:00000096-b-1#3271,,,p.Glu442Ile,0.8586528188766159,0.147886503483989,4
urn:mavedb:00000096-b-1#3272,,,p.Glu442Leu,0.7886715283595179,0.3005096768399919,12
urn:mavedb:00000096-b-1#3273,,,p.Glu442Lys,0.957963516906322,0.0996999599589632,4
urn:mavedb:00000096-b-1#3274,,,p.Glu442Met,0.538517043166536,0.208960078999189,4
urn:mavedb:00000096-b-1#3275,,,p.Glu442Phe,0.876247026187345,0.0650388418421431,4
urn:mavedb:00000096-b-1#3276,,,p.Glu442Pro,0.9421518959680172,0.3150329500680759,8
urn:mavedb:00000096-b-1#3277,,,p.Glu442Ser,0.6893875376698381,0.422861279272414,12
urn:mavedb:00000096-b-1#3278,,,p.Glu442Ter,0.155278325956931,0.1743960615028709,4
urn:mavedb:00000096-b-1#3279,,,p.Glu442Thr,0.5096039479135039,0.6252645940345429,4
urn:mavedb:00000096-b-1#3280,,,p.Glu442Trp,0.8637020504080419,0.0701398010237633,4
urn:mavedb:00000096-b-1#3281,,,p.Glu442Tyr,0.736506295297739,0.115830638550054,4
urn:mavedb:00000096-b-1#3282,,,p.Glu442Val,0.823774075869919,0.246892983631998,8
urn:mavedb:00000096-b-1#3283,,,p.Glu443=,0.974179113409292,0.505438646981944,4
urn:mavedb:00000096-b-1#3284,,,p.Glu443Ala,0.9457008374996808,0.4695876465504919,12
urn:mavedb:00000096-b-1#3285,,,p.Glu443Arg,0.344976525828679,0.3620810651533449,12
urn:mavedb:00000096-b-1#3286,,,p.Glu443Asn,0.7698984366483891,0.341781427824084,4
urn:mavedb:00000096-b-1#3287,,,p.Glu443Asp,0.609300186409692,0.7406611456236669,8
urn:mavedb:00000096-b-1#3288,,,p.Glu443Cys,0.3691045845212921,0.293382930998401,4
urn:mavedb:00000096-b-1#3289,,,p.Glu443Gln,0.966111236513149,0.872614457886615,4
urn:mavedb:00000096-b-1#3290,,,p.Glu443Gly,0.8344268774849699,0.263201374615715,12
urn:mavedb:00000096-b-1#3291,,,p.Glu443His,0.34054476627962,0.677786943856041,4
urn:mavedb:00000096-b-1#3292,,,p.Glu443Ile,0.0090161378565971,0.2484312781027279,4
urn:mavedb:00000096-b-1#3293,,,p.Glu443Leu,0.792510400933803,0.104349051746135,4
urn:mavedb:00000096-b-1#3294,,,p.Glu443Lys,-0.407542161398582,0.351175129208828,4
urn:mavedb:00000096-b-1#3295,,,p.Glu443Met,0.9098753250118892,0.6173876793901121,4
urn:mavedb:00000096-b-1#3296,,,p.Glu443Phe,0.433115915806536,0.301814079879067,4
urn:mavedb:00000096-b-1#3297,,,p.Glu443Pro,0.169527145265916,0.4687074959545,4
urn:mavedb:00000096-b-1#3298,,,p.Glu443Ser,0.156182268057443,0.616855856846678,12
urn:mavedb:00000096-b-1#3299,,,p.Glu443Ter,0.3835080824050139,0.7267957995577831,4
urn:mavedb:00000096-b-1#3300,,,p.Glu443Thr,0.102973477926998,0.5562755469496059,8
urn:mavedb:00000096-b-1#3301,,,p.Glu443Trp,0.52711911572659,0.108182634674168,4
urn:mavedb:00000096-b-1#3302,,,p.Glu443Tyr,0.584100265025278,0.1008040662402569,4
urn:mavedb:00000096-b-1#3303,,,p.Glu443Val,0.896820957413298,0.517681087151276,8
urn:mavedb:00000096-b-1#3304,,,p.Glu48Ala,0.8406672896204279,0.633104383284445,12
urn:mavedb:00000096-b-1#3305,,,p.Glu48Arg,0.546082788246097,0.375236175606189,8
urn:mavedb:00000096-b-1#3306,,,p.Glu48Asn,0.788794952729544,0.0888118650512255,4
urn:mavedb:00000096-b-1#3307,,,p.Glu48Asp,0.9453581905938,0.156674797871601,4
urn:mavedb:00000096-b-1#3308,,,p.Glu48Gln,-0.113725724841102,0.360134176936914,4
urn:mavedb:00000096-b-1#3309,,,p.Glu48Gly,0.7247025254538009,0.168554553331088,8
urn:mavedb:00000096-b-1#3310,,,p.Glu48His,0.611064343769911,0.8800181188769001,4
urn:mavedb:00000096-b-1#3311,,,p.Glu48Ile,1.06401124809417,0.0675443036323553,4
urn:mavedb:00000096-b-1#3312,,,p.Glu48Leu,0.427046751620822,0.500913496944681,4
urn:mavedb:00000096-b-1#3313,,,p.Glu48Lys,0.89769581928194,0.7668253115234479,4
urn:mavedb:00000096-b-1#3314,,,p.Glu48Pro,0.7326617216020079,0.483015769265278,8
urn:mavedb:00000096-b-1#3315,,,p.Glu48Ser,1.02227788233096,0.102521730098249,8
urn:mavedb:00000096-b-1#3316,,,p.Glu48Thr,0.623974839663031,0.664701368247811,8
urn:mavedb:00000096-b-1#3317,,,p.Glu48Val,0.819818759264271,0.597294180753374,4
urn:mavedb:00000096-b-1#3318,,,p.Glu51=,1.09414168684802,0.223726893979048,4
urn:mavedb:00000096-b-1#3319,,,p.Glu51Ala,1.01663237048811,0.174051648177547,8
urn:mavedb:00000096-b-1#3320,,,p.Glu51Arg,1.13113000103956,0.287722311809207,12
urn:mavedb:00000096-b-1#3321,,,p.Glu51Asn,0.244073570648744,0.13183320794118,4
urn:mavedb:00000096-b-1#3322,,,p.Glu51Asp,0.588956855458645,0.735378016222228,4
urn:mavedb:00000096-b-1#3323,,,p.Glu51Cys,1.27457457717545,0.0782668039537577,4
urn:mavedb:00000096-b-1#3324,,,p.Glu51Gln,0.797338470142499,0.0839936374795802,4
urn:mavedb:00000096-b-1#3325,,,p.Glu51Gly,0.945256878411852,0.178097744490436,12
urn:mavedb:00000096-b-1#3326,,,p.Glu51His,1.36441547306052,0.6809492752852281,4
urn:mavedb:00000096-b-1#3327,,,p.Glu51Ile,0.5322687093632671,0.0922752208862057,4
urn:mavedb:00000096-b-1#3328,,,p.Glu51Leu,0.8163068003553109,0.18147965569331,12
urn:mavedb:00000096-b-1#3329,,,p.Glu51Lys,0.869417878311739,0.266971660895006,4
urn:mavedb:00000096-b-1#3330,,,p.Glu51Met,0.888856443589752,0.1043682481912719,4
urn:mavedb:00000096-b-1#3331,,,p.Glu51Phe,0.761461539479634,0.2053743578440849,4
urn:mavedb:00000096-b-1#3332,,,p.Glu51Pro,0.872330526844941,0.556392951859634,8
urn:mavedb:00000096-b-1#3333,,,p.Glu51Ser,0.656597649101461,0.234798495772133,12
urn:mavedb:00000096-b-1#3334,,,p.Glu51Ter,0.326065978609282,0.243575391826553,4
urn:mavedb:00000096-b-1#3335,,,p.Glu51Thr,1.03782908996932,0.187299777105094,8
urn:mavedb:00000096-b-1#3336,,,p.Glu51Trp,0.856792743870749,0.0623555513573335,4
urn:mavedb:00000096-b-1#3337,,,p.Glu51Tyr,0.315259179878704,0.494901421998857,4
urn:mavedb:00000096-b-1#3338,,,p.Glu51Val,0.505950059085843,0.234026618810898,8
urn:mavedb:00000096-b-1#3339,,,p.Glu52=,0.8625631789110559,0.55542050332763,4
urn:mavedb:00000096-b-1#3340,,,p.Glu52Ala,0.687392112301656,0.269751302026347,8
urn:mavedb:00000096-b-1#3341,,,p.Glu52Arg,0.8341581191622809,0.113159208753644,8
urn:mavedb:00000096-b-1#3342,,,p.Glu52Asp,0.4784342137410289,0.5818405446240121,4
urn:mavedb:00000096-b-1#3343,,,p.Glu52Cys,1.0968205982361998,0.0735567008809103,4
urn:mavedb:00000096-b-1#3344,,,p.Glu52Gln,1.07785077892766,0.0974359706000986,4
urn:mavedb:00000096-b-1#3345,,,p.Glu52Gly,1.19154058157874,0.32316348665562,8
urn:mavedb:00000096-b-1#3346,,,p.Glu52His,0.73474727392733,0.9354937519612072,4
urn:mavedb:00000096-b-1#3347,,,p.Glu52Ile,0.7448597929995621,0.132075769287313,4
urn:mavedb:00000096-b-1#3348,,,p.Glu52Leu,0.926708279998433,0.165248289949106,12
urn:mavedb:00000096-b-1#3349,,,p.Glu52Lys,1.2486794849588,0.351582273580528,4
urn:mavedb:00000096-b-1#3350,,,p.Glu52Met,0.8691267675944151,0.0747319140529345,4
urn:mavedb:00000096-b-1#3351,,,p.Glu52Phe,1.1291437056579,0.131478952355313,4
urn:mavedb:00000096-b-1#3352,,,p.Glu52Pro,0.243350995064101,0.58457136928288,8
urn:mavedb:00000096-b-1#3353,,,p.Glu52Ser,0.982757941597714,0.0989885151880903,12
urn:mavedb:00000096-b-1#3354,,,p.Glu52Ter,-0.343848190604938,0.178150902574951,4
urn:mavedb:00000096-b-1#3355,,,p.Glu52Thr,1.11048467518589,0.124027505939439,8
urn:mavedb:00000096-b-1#3356,,,p.Glu52Trp,0.854611773853195,0.135598446863616,4
urn:mavedb:00000096-b-1#3357,,,p.Glu52Tyr,0.867004399502846,0.154784292851897,4
urn:mavedb:00000096-b-1#3358,,,p.Glu52Val,0.763343442627719,0.3991794372290689,8
urn:mavedb:00000096-b-1#3359,,,p.Glu67=,1.05091908551137,0.146947389453153,4
urn:mavedb:00000096-b-1#3360,,,p.Glu67Ala,0.7394785018559809,0.160093853266719,8
urn:mavedb:00000096-b-1#3361,,,p.Glu67Arg,0.7353055729237891,0.357887671348587,12
urn:mavedb:00000096-b-1#3362,,,p.Glu67Asn,0.8423843988387241,0.6590068306004611,4
urn:mavedb:00000096-b-1#3363,,,p.Glu67Asp,0.8571962584669991,0.7920254265724092,4
urn:mavedb:00000096-b-1#3364,,,p.Glu67Cys,0.907374191920668,0.1638145353882769,4
urn:mavedb:00000096-b-1#3365,,,p.Glu67Gln,1.09256452625316,0.6744075247250401,8
urn:mavedb:00000096-b-1#3366,,,p.Glu67Gly,0.839688977004884,0.1832739571031039,8
urn:mavedb:00000096-b-1#3367,,,p.Glu67His,0.611219008616585,0.0835926465139793,4
urn:mavedb:00000096-b-1#3368,,,p.Glu67Ile,0.8456009861455379,0.076481833724977,4
urn:mavedb:00000096-b-1#3369,,,p.Glu67Leu,0.8717473331485641,0.409375853980966,12
urn:mavedb:00000096-b-1#3370,,,p.Glu67Lys,0.9912466433277248,0.2047601127127629,4
urn:mavedb:00000096-b-1#3371,,,p.Glu67Met,0.63765188773732,0.0778888463548084,4
urn:mavedb:00000096-b-1#3372,,,p.Glu67Phe,0.893925517492812,0.0536143680874864,4
urn:mavedb:00000096-b-1#3373,,,p.Glu67Pro,0.3682906972291429,0.135050562836836,8
urn:mavedb:00000096-b-1#3374,,,p.Glu67Ser,0.7837938755803872,0.0875158374039509,12
urn:mavedb:00000096-b-1#3375,,,p.Glu67Ter,-0.141238613346106,0.293981640898762,4
urn:mavedb:00000096-b-1#3376,,,p.Glu67Thr,1.22676145332436,0.288015120841438,8
urn:mavedb:00000096-b-1#3377,,,p.Glu67Trp,1.00019243364134,0.647246894817365,4
urn:mavedb:00000096-b-1#3378,,,p.Glu67Tyr,0.855584087890341,0.155616677065871,4
urn:mavedb:00000096-b-1#3379,,,p.Glu67Val,0.8163416911517339,0.18808172840413,8
urn:mavedb:00000096-b-1#3380,,,p.Glu70=,1.0080104296021,0.1479634872553649,4
urn:mavedb:00000096-b-1#3381,,,p.Glu70Ala,0.9333386166383232,0.134303177959961,8
urn:mavedb:00000096-b-1#3382,,,p.Glu70Arg,1.0810865360795698,0.2132060996245499,12
urn:mavedb:00000096-b-1#3383,,,p.Glu70Asn,1.29537862596526,0.209238736077973,4
urn:mavedb:00000096-b-1#3384,,,p.Glu70Asp,0.605843375233014,0.225252684813235,4
urn:mavedb:00000096-b-1#3385,,,p.Glu70Cys,0.5864940160593659,0.0785686256597091,4
urn:mavedb:00000096-b-1#3386,,,p.Glu70Gln,0.758286365115922,0.101129168925669,4
urn:mavedb:00000096-b-1#3387,,,p.Glu70Gly,0.951881350522028,0.0908811454761372,8
urn:mavedb:00000096-b-1#3388,,,p.Glu70His,0.872545270207937,0.178521205050181,4
urn:mavedb:00000096-b-1#3389,,,p.Glu70Ile,0.6703850948649389,0.8068475110911558,4
urn:mavedb:00000096-b-1#3390,,,p.Glu70Leu,0.36512813474333,0.1689427798798229,12
urn:mavedb:00000096-b-1#3391,,,p.Glu70Lys,1.14909925627128,0.466244617434811,4
urn:mavedb:00000096-b-1#3392,,,p.Glu70Met,0.572675096993795,0.1137150676819269,4
urn:mavedb:00000096-b-1#3393,,,p.Glu70Phe,0.7260103575841279,0.238453532931682,4
urn:mavedb:00000096-b-1#3394,,,p.Glu70Pro,0.765442584276621,0.471753479637224,8
urn:mavedb:00000096-b-1#3395,,,p.Glu70Ser,0.9954407706840992,0.229625670116145,12
urn:mavedb:00000096-b-1#3396,,,p.Glu70Ter,0.326076685676029,0.115233046065263,4
urn:mavedb:00000096-b-1#3397,,,p.Glu70Thr,1.34926963474674,0.759165198410423,4
urn:mavedb:00000096-b-1#3398,,,p.Glu70Trp,0.65839231576422,0.304622462313284,4
urn:mavedb:00000096-b-1#3399,,,p.Glu70Tyr,0.993498429473004,0.149651485028414,4
urn:mavedb:00000096-b-1#3400,,,p.Glu70Val,0.727108309632384,0.148620542482243,8
urn:mavedb:00000096-b-1#3401,,,p.Glu9=,0.924579632912094,0.3580402002262289,4
urn:mavedb:00000096-b-1#3402,,,p.Glu93=,1.03821231856521,0.0748255249019573,4
urn:mavedb:00000096-b-1#3403,,,p.Glu93Ala,0.8084141649747221,0.186454436110227,8
urn:mavedb:00000096-b-1#3404,,,p.Glu93Arg,0.908952592241079,0.103076690829092,12
urn:mavedb:00000096-b-1#3405,,,p.Glu93Asn,1.0873917325371,0.2007329573964,4
urn:mavedb:00000096-b-1#3406,,,p.Glu93Asp,0.990851161114594,0.131355547730168,8
urn:mavedb:00000096-b-1#3407,,,p.Glu93Cys,0.9672190035345428,0.0441528047053275,4
urn:mavedb:00000096-b-1#3408,,,p.Glu93Gln,0.773251490756988,0.0697306995297262,4
urn:mavedb:00000096-b-1#3409,,,p.Glu93Gly,1.00303717925701,0.167920972617422,12
urn:mavedb:00000096-b-1#3410,,,p.Glu93His,1.1657795433086,0.0487349468716416,4
urn:mavedb:00000096-b-1#3411,,,p.Glu93Ile,0.865651330389097,0.1374874014501869,4
urn:mavedb:00000096-b-1#3412,,,p.Glu93Leu,1.05970241128877,0.0989624172360247,12
urn:mavedb:00000096-b-1#3413,,,p.Glu93Lys,1.2122565130489298,0.427861244216379,4
urn:mavedb:00000096-b-1#3414,,,p.Glu93Met,0.927370339064841,0.172584267007833,4
urn:mavedb:00000096-b-1#3415,,,p.Glu93Phe,1.05817099695153,0.052709780480155,4
urn:mavedb:00000096-b-1#3416,,,p.Glu93Pro,1.17561343345839,0.144716497227023,8
urn:mavedb:00000096-b-1#3417,,,p.Glu93Ser,0.962613165644168,0.142024179811925,12
urn:mavedb:00000096-b-1#3418,,,p.Glu93Ter,-0.0143882748127844,0.318588296844661,4
urn:mavedb:00000096-b-1#3419,,,p.Glu93Thr,0.9858627142297048,0.0975067485651053,8
urn:mavedb:00000096-b-1#3420,,,p.Glu93Trp,0.8289303127464129,0.0987241074884457,4
urn:mavedb:00000096-b-1#3421,,,p.Glu93Tyr,1.12835021700251,0.0559941297926403,4
urn:mavedb:00000096-b-1#3422,,,p.Glu93Val,1.04446625618981,0.135528213811567,8
urn:mavedb:00000096-b-1#3423,,,p.Glu95=,0.955107604007114,0.107900465462416,4
urn:mavedb:00000096-b-1#3424,,,p.Glu95Ala,0.833821628161338,0.0485769171122414,8
urn:mavedb:00000096-b-1#3425,,,p.Glu95Arg,0.863320991293996,0.1131063025447009,12
urn:mavedb:00000096-b-1#3426,,,p.Glu95Asn,0.559222374567646,0.0903477479206775,4
urn:mavedb:00000096-b-1#3427,,,p.Glu95Asp,1.00452587624588,0.0926451657917404,4
urn:mavedb:00000096-b-1#3428,,,p.Glu95Cys,1.20894086527899,0.0528678952584295,4
urn:mavedb:00000096-b-1#3429,,,p.Glu95Gln,0.7095903522640509,0.0912387403605963,4
urn:mavedb:00000096-b-1#3430,,,p.Glu95Gly,0.9964826812209532,0.223404510484638,12
urn:mavedb:00000096-b-1#3431,,,p.Glu95His,0.691853444235456,0.0661810568570507,4
urn:mavedb:00000096-b-1#3432,,,p.Glu95Ile,1.11955000539724,0.0600942889153645,4
urn:mavedb:00000096-b-1#3433,,,p.Glu95Leu,0.9941611642761,0.1409893863966539,12
urn:mavedb:00000096-b-1#3434,,,p.Glu95Lys,0.741366679475438,0.437582317932309,8
urn:mavedb:00000096-b-1#3435,,,p.Glu95Met,1.02221510212123,0.152118155253535,4
urn:mavedb:00000096-b-1#3436,,,p.Glu95Phe,0.9190441458541272,0.0459001701807737,4
urn:mavedb:00000096-b-1#3437,,,p.Glu95Pro,0.9985882306068092,0.0939152733640041,8
urn:mavedb:00000096-b-1#3438,,,p.Glu95Ser,1.03127270957196,0.107852761190918,12
urn:mavedb:00000096-b-1#3439,,,p.Glu95Ter,0.0576877152346222,0.0778047237407012,4
urn:mavedb:00000096-b-1#3440,,,p.Glu95Thr,0.754211515940633,0.181477342003642,8
urn:mavedb:00000096-b-1#3441,,,p.Glu95Trp,0.783444861641652,0.0464371872850252,4
urn:mavedb:00000096-b-1#3442,,,p.Glu95Tyr,1.0857570227494202,0.0812609472588279,4
urn:mavedb:00000096-b-1#3443,,,p.Glu95Val,1.10417589068943,0.256732332560699,8
urn:mavedb:00000096-b-1#3444,,,p.Glu96=,0.7739786698385671,0.12463289236038,4
urn:mavedb:00000096-b-1#3445,,,p.Glu96Ala,0.863036701260477,0.1858888815713719,12
urn:mavedb:00000096-b-1#3446,,,p.Glu96Arg,0.971755597799996,0.12619249200555,12
urn:mavedb:00000096-b-1#3447,,,p.Glu96Asn,0.9364626806949392,0.472878792232484,4
urn:mavedb:00000096-b-1#3448,,,p.Glu96Asp,1.01443172135097,0.309571979370204,8
urn:mavedb:00000096-b-1#3449,,,p.Glu96Cys,1.0646666258104,0.0759488057699103,4
urn:mavedb:00000096-b-1#3450,,,p.Glu96Gln,0.9498023713612008,0.276010708816269,4
urn:mavedb:00000096-b-1#3451,,,p.Glu96Gly,1.01490187479143,0.132561538851077,8
urn:mavedb:00000096-b-1#3452,,,p.Glu96His,0.8992028603305491,0.0873805966807271,4
urn:mavedb:00000096-b-1#3453,,,p.Glu96Ile,0.6088482218441059,0.379775844324359,4
urn:mavedb:00000096-b-1#3454,,,p.Glu96Leu,0.9797126292269448,0.128625621689535,12
urn:mavedb:00000096-b-1#3455,,,p.Glu96Lys,1.13278588499164,0.870277482534057,4
urn:mavedb:00000096-b-1#3456,,,p.Glu96Met,0.927421531572893,0.256697669744206,4
urn:mavedb:00000096-b-1#3457,,,p.Glu96Phe,1.1609255404911,0.0428178951367801,4
urn:mavedb:00000096-b-1#3458,,,p.Glu96Pro,0.7201492820503549,0.228582136754886,8
urn:mavedb:00000096-b-1#3459,,,p.Glu96Ser,1.05316424577931,0.1768877211010439,12
urn:mavedb:00000096-b-1#3460,,,p.Glu96Ter,-0.433566315732795,0.141797775125213,4
urn:mavedb:00000096-b-1#3461,,,p.Glu96Thr,1.0295655448045602,0.0764788287139925,8
urn:mavedb:00000096-b-1#3462,,,p.Glu96Trp,0.897716132698098,0.0405723568197157,4
urn:mavedb:00000096-b-1#3463,,,p.Glu96Tyr,1.0538533695076702,0.0583395308194032,4
urn:mavedb:00000096-b-1#3464,,,p.Glu96Val,0.952615062082148,0.101809813088015,8
urn:mavedb:00000096-b-1#3465,,,p.Glu9Ala,0.710864767382422,0.4097414224110879,8
urn:mavedb:00000096-b-1#3466,,,p.Glu9Arg,0.8566993113272071,0.2253362687329839,12
urn:mavedb:00000096-b-1#3467,,,p.Glu9Asn,0.920257031082923,0.143570715437903,4
urn:mavedb:00000096-b-1#3468,,,p.Glu9Asp,0.995343276021112,0.239556519963178,8
urn:mavedb:00000096-b-1#3469,,,p.Glu9Cys,1.09941296998395,0.1802951180809899,4
urn:mavedb:00000096-b-1#3470,,,p.Glu9Gln,0.7024235216095629,0.0966085012375791,4
urn:mavedb:00000096-b-1#3471,,,p.Glu9Gly,1.21446924612052,0.1696422876653759,12
urn:mavedb:00000096-b-1#3472,,,p.Glu9His,0.8300503419549771,0.0859166998285317,4
urn:mavedb:00000096-b-1#3473,,,p.Glu9Ile,0.8272272534639891,0.285393901181398,4
urn:mavedb:00000096-b-1#3474,,,p.Glu9Leu,0.812079044443803,0.2822888614109139,12
urn:mavedb:00000096-b-1#3475,,,p.Glu9Lys,1.2563516647155402,0.54140730889735,8
urn:mavedb:00000096-b-1#3476,,,p.Glu9Met,0.875310279576018,0.105055765072013,4
urn:mavedb:00000096-b-1#3477,,,p.Glu9Pro,0.923327791672504,0.23234831962616,8
urn:mavedb:00000096-b-1#3478,,,p.Glu9Ser,1.02093766455063,0.2424392947599219,12
urn:mavedb:00000096-b-1#3479,,,p.Glu9Ter,0.0567970411936135,0.123179185963029,4
urn:mavedb:00000096-b-1#3480,,,p.Glu9Thr,0.9314923059254788,0.510724394195289,8
urn:mavedb:00000096-b-1#3481,,,p.Glu9Trp,0.336226020939289,0.1168372964961619,4
urn:mavedb:00000096-b-1#3482,,,p.Glu9Tyr,0.819782112081172,0.1682113197129469,4
urn:mavedb:00000096-b-1#3483,,,p.Glu9Val,0.8589028632371801,0.12179553445822,8
urn:mavedb:00000096-b-1#3484,,,p.Gly117=,1.06326962519507,0.510986190557572,12
urn:mavedb:00000096-b-1#3485,,,p.Gly117Ala,0.403938707069762,0.441078874745448,8
urn:mavedb:00000096-b-1#3486,,,p.Gly117Arg,0.4989206732339259,0.464009453112686,12
urn:mavedb:00000096-b-1#3487,,,p.Gly117Asn,0.987080124972964,0.276796365510346,4
urn:mavedb:00000096-b-1#3488,,,p.Gly117Asp,1.04463697904709,0.604019919651907,4
urn:mavedb:00000096-b-1#3489,,,p.Gly117Cys,0.105038402345514,1.07413117327879,4
urn:mavedb:00000096-b-1#3490,,,p.Gly117Gln,0.7037078335227829,0.330923270753197,4
urn:mavedb:00000096-b-1#3491,,,p.Gly117Glu,0.9506907898345748,0.3704702892894689,4
urn:mavedb:00000096-b-1#3492,,,p.Gly117His,0.85993824849092,0.6533924137003051,4
urn:mavedb:00000096-b-1#3493,,,p.Gly117Ile,0.108254995513556,0.15669413864081,4
urn:mavedb:00000096-b-1#3494,,,p.Gly117Leu,0.737936069135828,0.26066165206267,12
urn:mavedb:00000096-b-1#3495,,,p.Gly117Lys,0.3977618924382449,0.797351966751745,4
urn:mavedb:00000096-b-1#3496,,,p.Gly117Met,0.6929269166914039,0.176610420384021,4
urn:mavedb:00000096-b-1#3497,,,p.Gly117Phe,0.87180272319505,0.0738954274314583,4
urn:mavedb:00000096-b-1#3498,,,p.Gly117Pro,0.91487268675452,0.607497472385697,8
urn:mavedb:00000096-b-1#3499,,,p.Gly117Ser,0.7055114106506629,0.37553295991323,12
urn:mavedb:00000096-b-1#3500,,,p.Gly117Ter,0.0647910037740692,0.214573602907703,4
urn:mavedb:00000096-b-1#3501,,,p.Gly117Thr,0.570056285797885,0.292132614380049,8
urn:mavedb:00000096-b-1#3502,,,p.Gly117Trp,0.815387777015373,0.180740045010561,4
urn:mavedb:00000096-b-1#3503,,,p.Gly117Tyr,0.836745916389787,0.4956320904387779,4
urn:mavedb:00000096-b-1#3504,,,p.Gly117Val,0.378527854395516,0.144429014185528,8
urn:mavedb:00000096-b-1#3505,,,p.Gly147=,1.28604009500844,0.313078183582408,8
urn:mavedb:00000096-b-1#3506,,,p.Gly147Ala,0.892549330123807,0.21835308407823,8
urn:mavedb:00000096-b-1#3507,,,p.Gly147Arg,0.628943971466189,0.559768488333307,12
urn:mavedb:00000096-b-1#3508,,,p.Gly147Asn,0.91178081299276,0.082383401032789,4
urn:mavedb:00000096-b-1#3509,,,p.Gly147Asp,0.327994854261445,0.737034127557168,4
urn:mavedb:00000096-b-1#3510,,,p.Gly147Cys,0.59473570264882,0.848162403271031,4
urn:mavedb:00000096-b-1#3511,,,p.Gly147Gln,0.752697905401954,0.0986146850602508,4
urn:mavedb:00000096-b-1#3512,,,p.Gly147Glu,0.601840320192554,0.106865537905279,4
urn:mavedb:00000096-b-1#3513,,,p.Gly147His,0.9168272873564972,0.18408946948656,4
urn:mavedb:00000096-b-1#3514,,,p.Gly147Ile,0.950738452752442,0.0655230987927405,4
urn:mavedb:00000096-b-1#3515,,,p.Gly147Leu,0.9098894243651322,0.244997011606646,8
urn:mavedb:00000096-b-1#3516,,,p.Gly147Lys,0.127060517231064,0.4812941339171839,4
urn:mavedb:00000096-b-1#3517,,,p.Gly147Met,0.934529029951763,0.1591398095752109,4
urn:mavedb:00000096-b-1#3518,,,p.Gly147Phe,0.757074583928823,0.0752939120633896,4
urn:mavedb:00000096-b-1#3519,,,p.Gly147Pro,0.401284278872728,0.291275072304016,8
urn:mavedb:00000096-b-1#3520,,,p.Gly147Ser,0.896424073332368,0.219522860133528,12
urn:mavedb:00000096-b-1#3521,,,p.Gly147Ter,0.23124386922248,0.350324563325198,4
urn:mavedb:00000096-b-1#3522,,,p.Gly147Thr,0.869053295328948,0.572822263669556,4
urn:mavedb:00000096-b-1#3523,,,p.Gly147Trp,0.8201884642890841,0.0779971433492265,4
urn:mavedb:00000096-b-1#3524,,,p.Gly147Tyr,0.3492711415453569,0.160557913297695,4
urn:mavedb:00000096-b-1#3525,,,p.Gly147Val,0.7907804546475551,0.1399732304655249,4
urn:mavedb:00000096-b-1#3526,,,p.Gly162=,0.8641516594448242,0.286455364977109,8
urn:mavedb:00000096-b-1#3527,,,p.Gly162Ala,0.852115445904755,0.1857441861939489,4
urn:mavedb:00000096-b-1#3528,,,p.Gly162Arg,0.887246941243968,0.1795228294367389,8
urn:mavedb:00000096-b-1#3529,,,p.Gly162Asn,0.845597148276167,0.528310695795497,4
urn:mavedb:00000096-b-1#3530,,,p.Gly162Asp,0.9585216703788628,0.10276306311132,4
urn:mavedb:00000096-b-1#3531,,,p.Gly162Cys,0.256576439050225,1.09000500453228,4
urn:mavedb:00000096-b-1#3532,,,p.Gly162Gln,0.943536553803683,0.0818109638311145,4
urn:mavedb:00000096-b-1#3533,,,p.Gly162Glu,1.05237606302515,0.174515420260399,4
urn:mavedb:00000096-b-1#3534,,,p.Gly162His,0.611995564547828,0.592575992515526,4
urn:mavedb:00000096-b-1#3535,,,p.Gly162Ile,0.8276267066371259,0.435439153436832,4
urn:mavedb:00000096-b-1#3536,,,p.Gly162Leu,0.78276736218358,0.1427113068515499,12
urn:mavedb:00000096-b-1#3537,,,p.Gly162Lys,1.0145223534218,0.0686774294251879,4
urn:mavedb:00000096-b-1#3538,,,p.Gly162Met,0.550829940792912,0.0769273843269013,4
urn:mavedb:00000096-b-1#3539,,,p.Gly162Phe,0.960477446918375,0.19712623326606,4
urn:mavedb:00000096-b-1#3540,,,p.Gly162Pro,1.10730742681948,0.24147635621881,8
urn:mavedb:00000096-b-1#3541,,,p.Gly162Ser,0.929826257871866,0.122774293419518,12
urn:mavedb:00000096-b-1#3542,,,p.Gly162Ter,0.321009908653474,0.8364367261833149,4
urn:mavedb:00000096-b-1#3543,,,p.Gly162Thr,0.6330971499268621,0.118682703986949,8
urn:mavedb:00000096-b-1#3544,,,p.Gly162Trp,0.553380466796212,0.4075785921779629,4
urn:mavedb:00000096-b-1#3545,,,p.Gly162Tyr,0.888283037673112,0.0708389930035358,4
urn:mavedb:00000096-b-1#3546,,,p.Gly162Val,0.814937628977722,0.120263219044823,8
urn:mavedb:00000096-b-1#3547,,,p.Gly170=,1.21192666735079,0.3167142999007489,8
urn:mavedb:00000096-b-1#3548,,,p.Gly170Ala,1.11561586021115,0.0831512368183891,8
urn:mavedb:00000096-b-1#3549,,,p.Gly170Arg,0.747186041981319,0.14924680731137,8
urn:mavedb:00000096-b-1#3550,,,p.Gly170Asn,0.997358183456916,0.3319689842959519,4
urn:mavedb:00000096-b-1#3551,,,p.Gly170Asp,0.9122030919659808,0.222255017182553,4
urn:mavedb:00000096-b-1#3552,,,p.Gly170Cys,1.09309135927562,0.121071094210754,4
urn:mavedb:00000096-b-1#3553,,,p.Gly170Gln,0.5639344780704829,0.117014677064009,4
urn:mavedb:00000096-b-1#3554,,,p.Gly170Glu,1.09593724073016,0.125859800282763,4
urn:mavedb:00000096-b-1#3555,,,p.Gly170His,1.4708789226489,0.0555473486991979,4
urn:mavedb:00000096-b-1#3556,,,p.Gly170Ile,1.04872988987146,0.107569201255341,4
urn:mavedb:00000096-b-1#3557,,,p.Gly170Leu,0.9622824846509548,0.338119995136258,12
urn:mavedb:00000096-b-1#3558,,,p.Gly170Lys,0.982629881126687,0.0882548478851054,4
urn:mavedb:00000096-b-1#3559,,,p.Gly170Met,1.21487121273224,0.0532977042118449,4
urn:mavedb:00000096-b-1#3560,,,p.Gly170Pro,0.7608682869674941,0.140517248225985,8
urn:mavedb:00000096-b-1#3561,,,p.Gly170Ser,0.9949674429000008,0.178365563910337,12
urn:mavedb:00000096-b-1#3562,,,p.Gly170Ter,-0.16160926111058,0.5976298146667249,4
urn:mavedb:00000096-b-1#3563,,,p.Gly170Thr,1.0597980386878,0.1683385681796569,8
urn:mavedb:00000096-b-1#3564,,,p.Gly170Tyr,0.989751020745399,0.153460604239995,4
urn:mavedb:00000096-b-1#3565,,,p.Gly170Val,1.1471266011936,0.1028622668194269,8
urn:mavedb:00000096-b-1#3566,,,p.Gly175=,0.9910215283514352,0.0456915619137828,4
urn:mavedb:00000096-b-1#3567,,,p.Gly175Ala,0.7412457059734809,0.170910749350221,8
urn:mavedb:00000096-b-1#3568,,,p.Gly175Arg,0.91063171913998,0.1016098098259259,12
urn:mavedb:00000096-b-1#3569,,,p.Gly175Asn,0.7729989157581991,0.0601422498756031,4
urn:mavedb:00000096-b-1#3570,,,p.Gly175Asp,0.950883598929722,0.23404763025369,4
urn:mavedb:00000096-b-1#3571,,,p.Gly175Cys,0.6536746982206271,0.72194775330951,4
urn:mavedb:00000096-b-1#3572,,,p.Gly175Gln,0.837535491127186,0.113242971235049,4
urn:mavedb:00000096-b-1#3573,,,p.Gly175Glu,0.939097266035487,0.231466301177899,4
urn:mavedb:00000096-b-1#3574,,,p.Gly175His,0.8328781775752909,0.055026415894998,4
urn:mavedb:00000096-b-1#3575,,,p.Gly175Ile,1.0409679481857,0.0428877062430602,4
urn:mavedb:00000096-b-1#3576,,,p.Gly175Leu,0.9021930320606808,0.0838913154101383,12
urn:mavedb:00000096-b-1#3577,,,p.Gly175Lys,0.7988158613083209,0.0611806155120658,4
urn:mavedb:00000096-b-1#3578,,,p.Gly175Met,0.747534734737598,0.0608457532963831,4
urn:mavedb:00000096-b-1#3579,,,p.Gly175Phe,0.8754006937579649,0.1700823856167699,4
urn:mavedb:00000096-b-1#3580,,,p.Gly175Pro,0.826842760784321,0.127993605828069,8
urn:mavedb:00000096-b-1#3581,,,p.Gly175Ser,1.01124791035915,0.127107160676765,12
urn:mavedb:00000096-b-1#3582,,,p.Gly175Ter,0.0838409792614491,0.51949343966856,4
urn:mavedb:00000096-b-1#3583,,,p.Gly175Thr,0.863221710307501,0.1816020707087939,8
urn:mavedb:00000096-b-1#3584,,,p.Gly175Trp,0.5361668139457629,0.064158838472326,4
urn:mavedb:00000096-b-1#3585,,,p.Gly175Tyr,0.6567563191796422,0.104120865219113,4
urn:mavedb:00000096-b-1#3586,,,p.Gly175Val,0.938870683066859,0.182243821586101,8
urn:mavedb:00000096-b-1#3587,,,p.Gly178=,1.1034727451227802,0.15992866757072,8
urn:mavedb:00000096-b-1#3588,,,p.Gly178Ala,1.15753986763972,0.288922726550765,8
urn:mavedb:00000096-b-1#3589,,,p.Gly178Arg,0.9629221993821948,0.277726862974664,12
urn:mavedb:00000096-b-1#3590,,,p.Gly178Asn,1.05864973502645,0.462646542815006,4
urn:mavedb:00000096-b-1#3591,,,p.Gly178Asp,0.8792468849096379,0.569833343122102,4
urn:mavedb:00000096-b-1#3592,,,p.Gly178Cys,1.04015402819613,0.109222594559856,4
urn:mavedb:00000096-b-1#3593,,,p.Gly178Gln,0.942471586030736,0.0810801825103467,4
urn:mavedb:00000096-b-1#3594,,,p.Gly178Glu,1.22405726422729,0.219605318193968,4
urn:mavedb:00000096-b-1#3595,,,p.Gly178His,0.833228648742765,0.114234570109415,4
urn:mavedb:00000096-b-1#3596,,,p.Gly178Ile,0.7730620332407551,0.0852100051731922,4
urn:mavedb:00000096-b-1#3597,,,p.Gly178Leu,0.97255785735794,0.2377517292193889,12
urn:mavedb:00000096-b-1#3598,,,p.Gly178Lys,1.10429533744418,0.053131215921255,4
urn:mavedb:00000096-b-1#3599,,,p.Gly178Met,0.8966793437096929,0.22922745810213,4
urn:mavedb:00000096-b-1#3600,,,p.Gly178Phe,1.11026590125275,0.043396222811777,4
urn:mavedb:00000096-b-1#3601,,,p.Gly178Pro,0.7459195988492,0.146565271329653,8
urn:mavedb:00000096-b-1#3602,,,p.Gly178Ser,0.862658210768923,0.242762373006292,12
urn:mavedb:00000096-b-1#3603,,,p.Gly178Thr,1.21088041822944,0.532794524782937,8
urn:mavedb:00000096-b-1#3604,,,p.Gly178Trp,0.715029431697712,0.360547930648486,4
urn:mavedb:00000096-b-1#3605,,,p.Gly178Tyr,0.861270261781487,0.0858552377876484,4
urn:mavedb:00000096-b-1#3606,,,p.Gly178Val,1.02326363505745,0.174512713718738,8
urn:mavedb:00000096-b-1#3607,,,p.Gly183=,1.12120661698826,0.0387714971211127,4
urn:mavedb:00000096-b-1#3608,,,p.Gly183Ala,0.7781740106963121,0.163145361291806,8
urn:mavedb:00000096-b-1#3609,,,p.Gly183Arg,0.846215213906057,0.153336694230539,12
urn:mavedb:00000096-b-1#3610,,,p.Gly183Asn,1.051334140222,0.404075694820746,4
urn:mavedb:00000096-b-1#3611,,,p.Gly183Asp,1.0081833117013,0.502678136299419,4
urn:mavedb:00000096-b-1#3612,,,p.Gly183Cys,0.5482691336326121,0.283503348283301,4
urn:mavedb:00000096-b-1#3613,,,p.Gly183Gln,1.14827623569609,0.124960912825154,4
urn:mavedb:00000096-b-1#3614,,,p.Gly183Glu,0.993919378670855,0.1176279118230519,4
urn:mavedb:00000096-b-1#3615,,,p.Gly183His,1.03376627833013,0.427175291888889,4
urn:mavedb:00000096-b-1#3616,,,p.Gly183Ile,0.70770306651648,0.0854155272844942,4
urn:mavedb:00000096-b-1#3617,,,p.Gly183Leu,0.885394102326207,0.262923403109754,12
urn:mavedb:00000096-b-1#3618,,,p.Gly183Lys,1.10819040410692,0.0723593012024428,4
urn:mavedb:00000096-b-1#3619,,,p.Gly183Met,0.9353537346779928,0.0606760839570772,4
urn:mavedb:00000096-b-1#3620,,,p.Gly183Phe,0.9694398467497708,0.0593672448476945,4
urn:mavedb:00000096-b-1#3621,,,p.Gly183Pro,0.9085163951098648,0.188632662093776,8
urn:mavedb:00000096-b-1#3622,,,p.Gly183Ser,0.937298471382391,0.271634079281877,12
urn:mavedb:00000096-b-1#3623,,,p.Gly183Ter,0.119059329510603,0.331467562007812,4
urn:mavedb:00000096-b-1#3624,,,p.Gly183Thr,0.796004116757375,0.1316653615548169,8
urn:mavedb:00000096-b-1#3625,,,p.Gly183Trp,0.7031911254601461,0.148110666298018,4
urn:mavedb:00000096-b-1#3626,,,p.Gly183Tyr,0.882267217903066,0.0895998207743009,4
urn:mavedb:00000096-b-1#3627,,,p.Gly183Val,0.898945298890297,0.1134001142449799,8
urn:mavedb:00000096-b-1#3628,,,p.Gly193=,0.911606693645605,0.106471866597184,4
urn:mavedb:00000096-b-1#3629,,,p.Gly193Ala,0.955226083497196,0.1898727579270989,8
urn:mavedb:00000096-b-1#3630,,,p.Gly193Arg,0.812844222120976,0.147279251503415,8
urn:mavedb:00000096-b-1#3631,,,p.Gly193Asn,0.459621102505278,0.1781574471390739,4
urn:mavedb:00000096-b-1#3632,,,p.Gly193Gln,1.01599481144964,0.411816986101497,4
urn:mavedb:00000096-b-1#3633,,,p.Gly193Glu,0.99230036149328,0.497407332781117,4
urn:mavedb:00000096-b-1#3634,,,p.Gly193His,0.661429939161125,0.0885486158715402,4
urn:mavedb:00000096-b-1#3635,,,p.Gly193Ile,0.863938559906258,0.0671708973812395,4
urn:mavedb:00000096-b-1#3636,,,p.Gly193Leu,0.628839407798531,0.247810760247314,12
urn:mavedb:00000096-b-1#3637,,,p.Gly193Lys,0.781610659190792,0.369054425737589,4
urn:mavedb:00000096-b-1#3638,,,p.Gly193Met,0.6964229780257939,0.660729155268415,4
urn:mavedb:00000096-b-1#3639,,,p.Gly193Phe,0.60886461237723,0.0835999675421597,4
urn:mavedb:00000096-b-1#3640,,,p.Gly193Pro,0.738940584545912,0.166854921132425,8
urn:mavedb:00000096-b-1#3641,,,p.Gly193Ser,0.717905186853957,0.164010586454218,8
urn:mavedb:00000096-b-1#3642,,,p.Gly193Ter,-0.1989209732952699,0.2984457265219699,4
urn:mavedb:00000096-b-1#3643,,,p.Gly193Thr,0.8279558204166579,0.238678445490704,8
urn:mavedb:00000096-b-1#3644,,,p.Gly193Trp,0.419874708948741,0.5538410265692739,4
urn:mavedb:00000096-b-1#3645,,,p.Gly193Tyr,0.2263452431982399,0.209948563820797,4
urn:mavedb:00000096-b-1#3646,,,p.Gly193Val,0.682801720849912,0.228067616846511,8
urn:mavedb:00000096-b-1#3647,,,p.Gly223=,1.0834460856261,0.129458232944918,8
urn:mavedb:00000096-b-1#3648,,,p.Gly223Ala,1.09753208539423,0.27511685580894,8
urn:mavedb:00000096-b-1#3649,,,p.Gly223Arg,0.126523680283618,0.317639543565801,12
urn:mavedb:00000096-b-1#3650,,,p.Gly223Asn,0.134914230293511,0.132481332397267,4
urn:mavedb:00000096-b-1#3651,,,p.Gly223Gln,0.218639700112373,0.352895202378636,4
urn:mavedb:00000096-b-1#3652,,,p.Gly223Glu,0.7211853686641272,0.223482433540581,4
urn:mavedb:00000096-b-1#3653,,,p.Gly223His,-0.0447254357854697,0.236940336183385,4
urn:mavedb:00000096-b-1#3654,,,p.Gly223Ile,0.306166647793018,0.172968981690636,4
urn:mavedb:00000096-b-1#3655,,,p.Gly223Leu,0.1384105363856269,0.243762109697441,12
urn:mavedb:00000096-b-1#3656,,,p.Gly223Lys,-0.100444029184285,0.220442925386835,4
urn:mavedb:00000096-b-1#3657,,,p.Gly223Met,0.246863185482361,0.110542472968728,4
urn:mavedb:00000096-b-1#3658,,,p.Gly223Phe,0.5139649602799891,0.076164373713638,4
urn:mavedb:00000096-b-1#3659,,,p.Gly223Pro,0.111594123465286,0.5115980223804939,8
urn:mavedb:00000096-b-1#3660,,,p.Gly223Ser,0.749990299198128,0.160322456039724,12
urn:mavedb:00000096-b-1#3661,,,p.Gly223Ter,-0.0924808992216766,0.1847840535182739,4
urn:mavedb:00000096-b-1#3662,,,p.Gly223Thr,0.1048867184769059,0.288188467846409,8
urn:mavedb:00000096-b-1#3663,,,p.Gly223Trp,-0.116197404013917,0.297547864634771,4
urn:mavedb:00000096-b-1#3664,,,p.Gly223Tyr,0.4227598015320579,0.164521526146153,4
urn:mavedb:00000096-b-1#3665,,,p.Gly223Val,0.650130616482216,0.303295713296075,8
urn:mavedb:00000096-b-1#3666,,,p.Gly227=,0.92996662480697,0.215984300712096,8
urn:mavedb:00000096-b-1#3667,,,p.Gly227Ala,0.564074774430771,0.265113558898867,8
urn:mavedb:00000096-b-1#3668,,,p.Gly227Arg,0.4494965322614621,0.382419684928551,12
urn:mavedb:00000096-b-1#3669,,,p.Gly227Asn,0.587471153385974,0.655082176119632,4
urn:mavedb:00000096-b-1#3670,,,p.Gly227Asp,1.00884660779569,0.976373182939864,4
urn:mavedb:00000096-b-1#3671,,,p.Gly227Cys,0.398926897368114,0.281408095488533,4
urn:mavedb:00000096-b-1#3672,,,p.Gly227Gln,-0.104241371613216,0.215010532716707,4
urn:mavedb:00000096-b-1#3673,,,p.Gly227Glu,0.8107090325651729,0.0532978261621972,4
urn:mavedb:00000096-b-1#3674,,,p.Gly227His,0.729032914718466,0.150463488646803,4
urn:mavedb:00000096-b-1#3675,,,p.Gly227Ile,0.45057542926173,0.51179670162653,4
urn:mavedb:00000096-b-1#3676,,,p.Gly227Leu,0.353091450423027,0.232241189075249,12
urn:mavedb:00000096-b-1#3677,,,p.Gly227Lys,-0.22401417830479,0.221704413085831,4
urn:mavedb:00000096-b-1#3678,,,p.Gly227Met,0.400093628769113,0.4640269982560029,4
urn:mavedb:00000096-b-1#3679,,,p.Gly227Phe,0.555108595014489,0.0712948616872306,4
urn:mavedb:00000096-b-1#3680,,,p.Gly227Pro,-0.1868421864530849,0.319358368813666,8
urn:mavedb:00000096-b-1#3681,,,p.Gly227Ser,0.8118857253258771,0.207012827203293,8
urn:mavedb:00000096-b-1#3682,,,p.Gly227Ter,-0.038566096027859,0.4090115410028039,4
urn:mavedb:00000096-b-1#3683,,,p.Gly227Thr,0.278308559217931,0.243510909458796,8
urn:mavedb:00000096-b-1#3684,,,p.Gly227Trp,0.244197655962866,0.1355961856033319,4
urn:mavedb:00000096-b-1#3685,,,p.Gly227Tyr,0.0199384652097397,0.171233611224286,4
urn:mavedb:00000096-b-1#3686,,,p.Gly227Val,0.3215549100039019,0.480784147012647,8
urn:mavedb:00000096-b-1#3687,,,p.Gly229=,0.83673793039927,0.333474675385866,8
urn:mavedb:00000096-b-1#3688,,,p.Gly229Ala,0.839668509664168,0.244002931251091,8
urn:mavedb:00000096-b-1#3689,,,p.Gly229Arg,0.914860926082616,0.172108671222105,12
urn:mavedb:00000096-b-1#3690,,,p.Gly229Asn,0.8494763320638041,0.0758068635005031,4
urn:mavedb:00000096-b-1#3691,,,p.Gly229Asp,0.938116206888327,0.4134132273631949,4
urn:mavedb:00000096-b-1#3692,,,p.Gly229Cys,0.6123675439770021,0.576165898999807,4
urn:mavedb:00000096-b-1#3693,,,p.Gly229Gln,1.10566548151907,0.0484407748136835,4
urn:mavedb:00000096-b-1#3694,,,p.Gly229Glu,1.21352780335223,0.0410449956679659,4
urn:mavedb:00000096-b-1#3695,,,p.Gly229His,0.295601809302757,0.223404539088181,4
urn:mavedb:00000096-b-1#3696,,,p.Gly229Ile,0.699286568510587,0.0816746338398324,4
urn:mavedb:00000096-b-1#3697,,,p.Gly229Leu,0.707943844604357,0.261004371527754,12
urn:mavedb:00000096-b-1#3698,,,p.Gly229Lys,0.260433643284012,0.163136432312578,4
urn:mavedb:00000096-b-1#3699,,,p.Gly229Met,1.19506620025546,0.0482736717399809,4
urn:mavedb:00000096-b-1#3700,,,p.Gly229Pro,0.516499357978575,0.216616236441807,8
urn:mavedb:00000096-b-1#3701,,,p.Gly229Ser,0.888493757359542,0.23594521358001,12
urn:mavedb:00000096-b-1#3702,,,p.Gly229Ter,-0.2370047872610689,0.417295926155573,4
urn:mavedb:00000096-b-1#3703,,,p.Gly229Thr,1.06044957611816,0.192872461367083,8
urn:mavedb:00000096-b-1#3704,,,p.Gly229Trp,0.540004368937317,0.0822264318658326,4
urn:mavedb:00000096-b-1#3705,,,p.Gly229Val,0.6282842910219121,0.71854622239066,8
urn:mavedb:00000096-b-1#3706,,,p.Gly246=,0.951438630539183,0.162973831298797,4
urn:mavedb:00000096-b-1#3707,,,p.Gly246Ala,0.512195510456195,0.493544875523194,8
urn:mavedb:00000096-b-1#3708,,,p.Gly246Arg,0.5408769290501321,0.2010369136195769,8
urn:mavedb:00000096-b-1#3709,,,p.Gly246Asn,0.500291462231669,0.384658437474192,4
urn:mavedb:00000096-b-1#3710,,,p.Gly246Asp,0.5841080951809251,0.64546712459796,4
urn:mavedb:00000096-b-1#3711,,,p.Gly246Cys,0.671687202439172,0.3640510791547089,4
urn:mavedb:00000096-b-1#3712,,,p.Gly246Gln,1.01148007321693,0.52679201514532,4
urn:mavedb:00000096-b-1#3713,,,p.Gly246Glu,0.294938218791904,0.1091982915566159,4
urn:mavedb:00000096-b-1#3714,,,p.Gly246His,0.745940726734032,0.352195544988494,4
urn:mavedb:00000096-b-1#3715,,,p.Gly246Ile,0.893091508398433,0.466763466932836,4
urn:mavedb:00000096-b-1#3716,,,p.Gly246Leu,0.801591628165015,0.227090229286412,12
urn:mavedb:00000096-b-1#3717,,,p.Gly246Lys,0.406378206597307,0.0909139419203728,4
urn:mavedb:00000096-b-1#3718,,,p.Gly246Met,0.6836965786115881,0.077449215953552,4
urn:mavedb:00000096-b-1#3719,,,p.Gly246Phe,0.5887109900487629,0.3501127640701879,4
urn:mavedb:00000096-b-1#3720,,,p.Gly246Pro,0.5803728199255149,0.5502742711378039,8
urn:mavedb:00000096-b-1#3721,,,p.Gly246Ser,0.8592297955689399,0.118367793481058,12
urn:mavedb:00000096-b-1#3722,,,p.Gly246Ter,-0.303077496386951,0.1889709884855489,4
urn:mavedb:00000096-b-1#3723,,,p.Gly246Thr,0.7865659460170351,0.287399514126593,8
urn:mavedb:00000096-b-1#3724,,,p.Gly246Trp,0.5893104910592889,0.317057825719998,4
urn:mavedb:00000096-b-1#3725,,,p.Gly246Tyr,0.431089981442644,0.0907507932972032,4
urn:mavedb:00000096-b-1#3726,,,p.Gly246Val,0.507587798376709,0.2096931662446919,8
urn:mavedb:00000096-b-1#3727,,,p.Gly249=,1.1915782490373898,0.226092449390879,8
urn:mavedb:00000096-b-1#3728,,,p.Gly249Ala,-0.0494688682860635,0.284100940687199,4
urn:mavedb:00000096-b-1#3729,,,p.Gly249Arg,0.415686561158869,0.264893977643018,8
urn:mavedb:00000096-b-1#3730,,,p.Gly249Asn,-0.125705335505914,0.244247052135426,4
urn:mavedb:00000096-b-1#3731,,,p.Gly249Gln,0.1089956733579919,0.172158052777088,4
urn:mavedb:00000096-b-1#3732,,,p.Gly249Glu,0.0864168756518993,0.122548920225464,4
urn:mavedb:00000096-b-1#3733,,,p.Gly249His,0.139903991250272,0.286708115692881,4
urn:mavedb:00000096-b-1#3734,,,p.Gly249Ile,0.513957399173487,0.482620011998109,4
urn:mavedb:00000096-b-1#3735,,,p.Gly249Leu,-0.11919394341223,0.511788336651048,12
urn:mavedb:00000096-b-1#3736,,,p.Gly249Lys,0.0929199077605459,0.187225534863376,4
urn:mavedb:00000096-b-1#3737,,,p.Gly249Met,0.31001872340504,0.347571482763822,4
urn:mavedb:00000096-b-1#3738,,,p.Gly249Phe,0.267471024287351,0.467063412628482,4
urn:mavedb:00000096-b-1#3739,,,p.Gly249Pro,-0.0748902230233833,0.4077342873701239,4
urn:mavedb:00000096-b-1#3740,,,p.Gly249Ser,0.304248321226601,0.305425477633705,8
urn:mavedb:00000096-b-1#3741,,,p.Gly249Ter,-0.0526390874117421,0.179580214397255,4
urn:mavedb:00000096-b-1#3742,,,p.Gly249Thr,0.279649976571845,0.178185581917591,8
urn:mavedb:00000096-b-1#3743,,,p.Gly249Trp,0.369680632678801,0.176615859043976,4
urn:mavedb:00000096-b-1#3744,,,p.Gly249Tyr,0.471934398834391,0.33376255493506,4
urn:mavedb:00000096-b-1#3745,,,p.Gly249Val,0.151149164598029,0.4022829002914849,8
urn:mavedb:00000096-b-1#3746,,,p.Gly258=,1.14784336981688,0.0781886879587787,4
urn:mavedb:00000096-b-1#3747,,,p.Gly258Ala,1.2368186785945,0.5761785642957811,4
urn:mavedb:00000096-b-1#3748,,,p.Gly258Arg,0.268051450418894,0.437232755753943,8
urn:mavedb:00000096-b-1#3749,,,p.Gly258Asp,0.8314682991088921,0.549165642551025,4
urn:mavedb:00000096-b-1#3750,,,p.Gly258His,0.201674496256131,0.270156592111442,4
urn:mavedb:00000096-b-1#3751,,,p.Gly258Leu,0.0713986058732455,0.457710266770979,8
urn:mavedb:00000096-b-1#3752,,,p.Gly258Met,0.713839488953096,0.430897492166878,4
urn:mavedb:00000096-b-1#3753,,,p.Gly258Phe,0.502428702324382,0.291642925586533,4
urn:mavedb:00000096-b-1#3754,,,p.Gly258Pro,0.8008728126794692,0.4297439202884199,4
urn:mavedb:00000096-b-1#3755,,,p.Gly258Ser,0.294083139588738,0.503276601548336,8
urn:mavedb:00000096-b-1#3756,,,p.Gly258Ter,0.479865490256827,0.5108802677633529,4
urn:mavedb:00000096-b-1#3757,,,p.Gly258Thr,0.406550022304635,0.3584785850797129,8
urn:mavedb:00000096-b-1#3758,,,p.Gly258Trp,0.393970374665224,0.127251794933284,4
urn:mavedb:00000096-b-1#3759,,,p.Gly258Tyr,0.201586752404338,0.272818982154019,4
urn:mavedb:00000096-b-1#3760,,,p.Gly258Val,0.0681774671623916,0.228013731315528,4
urn:mavedb:00000096-b-1#3761,,,p.Gly261=,1.1748225468233002,0.130031453483392,4
urn:mavedb:00000096-b-1#3762,,,p.Gly261Ala,0.508595717711818,0.2300255214424139,8
urn:mavedb:00000096-b-1#3763,,,p.Gly261Arg,0.178884100865076,0.19396304568338,8
urn:mavedb:00000096-b-1#3764,,,p.Gly261Asn,-0.2680939874025089,0.264178049219207,4
urn:mavedb:00000096-b-1#3765,,,p.Gly261Asp,0.0412259801781203,0.955919557011378,4
urn:mavedb:00000096-b-1#3766,,,p.Gly261Gln,0.136526418281282,0.109104641300077,4
urn:mavedb:00000096-b-1#3767,,,p.Gly261Glu,0.114870531642271,0.0983046590553039,4
urn:mavedb:00000096-b-1#3768,,,p.Gly261His,0.480897041741812,0.18016569551107,4
urn:mavedb:00000096-b-1#3769,,,p.Gly261Ile,0.167503011308118,0.304582619354632,4
urn:mavedb:00000096-b-1#3770,,,p.Gly261Leu,0.4672317589943979,0.236429585038975,12
urn:mavedb:00000096-b-1#3771,,,p.Gly261Lys,-0.0044167397721913,0.32127711976496,4
urn:mavedb:00000096-b-1#3772,,,p.Gly261Met,0.8313841692249309,0.4464593370019279,4
urn:mavedb:00000096-b-1#3773,,,p.Gly261Phe,0.694861732543189,0.134690034548873,4
urn:mavedb:00000096-b-1#3774,,,p.Gly261Pro,0.141624394665082,0.495306288244265,8
urn:mavedb:00000096-b-1#3775,,,p.Gly261Ser,0.230806362245556,0.162281267495363,8
urn:mavedb:00000096-b-1#3776,,,p.Gly261Ter,-0.0365303708906328,0.0974305576752642,4
urn:mavedb:00000096-b-1#3777,,,p.Gly261Thr,-0.0426139205855773,0.3724053054786359,8
urn:mavedb:00000096-b-1#3778,,,p.Gly261Trp,0.0778413474116531,0.09067303292764,4
urn:mavedb:00000096-b-1#3779,,,p.Gly261Tyr,0.0176503936418217,0.279607076484718,4
urn:mavedb:00000096-b-1#3780,,,p.Gly261Val,0.218781163758536,0.383526475243941,8
urn:mavedb:00000096-b-1#3781,,,p.Gly264=,1.11568892072269,0.1422719497047559,4
urn:mavedb:00000096-b-1#3782,,,p.Gly264Ala,0.863894771092107,0.134345598173029,8
urn:mavedb:00000096-b-1#3783,,,p.Gly264Arg,0.7265695758601279,0.274191830558279,12
urn:mavedb:00000096-b-1#3784,,,p.Gly264Asn,0.615276328999201,0.457558201465346,4
urn:mavedb:00000096-b-1#3785,,,p.Gly264Asp,0.853268232356884,0.226303253927679,4
urn:mavedb:00000096-b-1#3786,,,p.Gly264Gln,0.8512763634092649,0.1288702847335349,4
urn:mavedb:00000096-b-1#3787,,,p.Gly264Glu,0.4635856565394129,0.1998288225349189,4
urn:mavedb:00000096-b-1#3788,,,p.Gly264His,1.0114622584951,0.15705355015809,4
urn:mavedb:00000096-b-1#3789,,,p.Gly264Ile,-0.0499164861193567,0.2644887125824289,4
urn:mavedb:00000096-b-1#3790,,,p.Gly264Leu,0.437719926900258,0.2162909830267289,12
urn:mavedb:00000096-b-1#3791,,,p.Gly264Lys,1.21398878520946,0.426451555948822,4
urn:mavedb:00000096-b-1#3792,,,p.Gly264Met,0.364162231659231,0.123024098768146,4
urn:mavedb:00000096-b-1#3793,,,p.Gly264Phe,0.4457328326087899,0.6456216915387211,4
urn:mavedb:00000096-b-1#3794,,,p.Gly264Pro,-0.148638612147455,0.399926330392915,8
urn:mavedb:00000096-b-1#3795,,,p.Gly264Ser,0.77163865332804,0.383385088634366,12
urn:mavedb:00000096-b-1#3796,,,p.Gly264Ter,0.314620008170301,0.490095865638794,4
urn:mavedb:00000096-b-1#3797,,,p.Gly264Thr,0.369060310436248,0.354226027626126,8
urn:mavedb:00000096-b-1#3798,,,p.Gly264Trp,0.111228699921393,0.157380538530091,4
urn:mavedb:00000096-b-1#3799,,,p.Gly264Tyr,0.8171432978093629,0.574713954693797,4
urn:mavedb:00000096-b-1#3800,,,p.Gly264Val,0.188897048372082,0.7056652904088392,8
urn:mavedb:00000096-b-1#3801,,,p.Gly285=,1.03197749550652,0.1029362610779609,8
urn:mavedb:00000096-b-1#3802,,,p.Gly285Ala,0.869824493879388,0.257021440291328,8
urn:mavedb:00000096-b-1#3803,,,p.Gly285Arg,1.00103317281274,0.176021021940171,12
urn:mavedb:00000096-b-1#3804,,,p.Gly285Asn,0.666205911493734,0.118705707300726,4
urn:mavedb:00000096-b-1#3805,,,p.Gly285Asp,0.8522189959167791,0.347577305011451,4
urn:mavedb:00000096-b-1#3806,,,p.Gly285Cys,0.470915373015534,0.598037325183666,4
urn:mavedb:00000096-b-1#3807,,,p.Gly285Gln,0.8350044915671422,0.599114940181288,4
urn:mavedb:00000096-b-1#3808,,,p.Gly285Glu,1.024052049233,0.2769887843071889,4
urn:mavedb:00000096-b-1#3809,,,p.Gly285His,0.4010099940446689,0.366898769491157,4
urn:mavedb:00000096-b-1#3810,,,p.Gly285Ile,0.471576044210265,0.620847729474932,4
urn:mavedb:00000096-b-1#3811,,,p.Gly285Leu,0.487777790418179,0.258009546505887,12
urn:mavedb:00000096-b-1#3812,,,p.Gly285Lys,0.8898528442726541,0.0647328616111958,4
urn:mavedb:00000096-b-1#3813,,,p.Gly285Met,0.5032405991914399,0.0938561656548523,4
urn:mavedb:00000096-b-1#3814,,,p.Gly285Phe,0.154330130512324,0.155832517387232,4
urn:mavedb:00000096-b-1#3815,,,p.Gly285Pro,0.3478997337683729,0.556326910369405,4
urn:mavedb:00000096-b-1#3816,,,p.Gly285Ser,0.8454725271942979,0.229768606194721,12
urn:mavedb:00000096-b-1#3817,,,p.Gly285Ter,0.460334597081279,0.10814162692644,4
urn:mavedb:00000096-b-1#3818,,,p.Gly285Thr,0.930856672688134,0.1833890748022169,8
urn:mavedb:00000096-b-1#3819,,,p.Gly285Trp,0.0724183630440911,0.107721628218742,4
urn:mavedb:00000096-b-1#3820,,,p.Gly285Tyr,0.886365845554331,0.0591378638035357,4
urn:mavedb:00000096-b-1#3821,,,p.Gly285Val,-0.357063810633521,0.21385983268766,4
urn:mavedb:00000096-b-1#3822,,,p.Gly294=,1.05217781373392,0.253517862254355,8
urn:mavedb:00000096-b-1#3823,,,p.Gly294Ala,1.04982479238177,0.312928000888082,8
urn:mavedb:00000096-b-1#3824,,,p.Gly294Arg,0.250726868132252,0.189702626931767,8
urn:mavedb:00000096-b-1#3825,,,p.Gly294Asn,0.566318060574793,0.0872386783089574,4
urn:mavedb:00000096-b-1#3826,,,p.Gly294Asp,0.542909620517686,0.459074113875056,4
urn:mavedb:00000096-b-1#3827,,,p.Gly294Cys,0.719028126166908,0.31152284979277,4
urn:mavedb:00000096-b-1#3828,,,p.Gly294Glu,0.6706334035913829,0.359407051007975,4
urn:mavedb:00000096-b-1#3829,,,p.Gly294His,0.921147447948145,0.6551552639286229,4
urn:mavedb:00000096-b-1#3830,,,p.Gly294Ile,0.6140416533929711,0.36085128267039,4
urn:mavedb:00000096-b-1#3831,,,p.Gly294Leu,0.8066161885765891,0.2152329856422679,12
urn:mavedb:00000096-b-1#3832,,,p.Gly294Lys,0.5317082269422171,0.13857594123695,4
urn:mavedb:00000096-b-1#3833,,,p.Gly294Met,0.7975933131063131,0.194682570073849,4
urn:mavedb:00000096-b-1#3834,,,p.Gly294Phe,0.2134166232735269,0.262917754352685,4
urn:mavedb:00000096-b-1#3835,,,p.Gly294Pro,0.58030771737513,0.244955340831973,8
urn:mavedb:00000096-b-1#3836,,,p.Gly294Ser,0.9514379861587858,0.247572606575652,12
urn:mavedb:00000096-b-1#3837,,,p.Gly294Ter,-0.0252628663955668,0.108089033892369,4
urn:mavedb:00000096-b-1#3838,,,p.Gly294Thr,0.791078695648613,0.135544946311776,8
urn:mavedb:00000096-b-1#3839,,,p.Gly294Trp,0.467891435406478,0.075987236701921,4
urn:mavedb:00000096-b-1#3840,,,p.Gly294Tyr,0.61623566991378,0.070809256192835,4
urn:mavedb:00000096-b-1#3841,,,p.Gly294Val,0.6985189677775689,0.209526038529227,8
urn:mavedb:00000096-b-1#3842,,,p.Gly295=,0.9849179156363372,0.1557237869430019,8
urn:mavedb:00000096-b-1#3843,,,p.Gly295Ala,1.1468467654602,0.114870357554579,4
urn:mavedb:00000096-b-1#3844,,,p.Gly295Arg,0.8096387335464079,0.285509609253597,12
urn:mavedb:00000096-b-1#3845,,,p.Gly295Asn,0.9305190290831792,0.0862703779037246,4
urn:mavedb:00000096-b-1#3846,,,p.Gly295Asp,1.0842728057121,0.0967647190744516,4
urn:mavedb:00000096-b-1#3847,,,p.Gly295Cys,0.9439456476499,0.1651399093201959,4
urn:mavedb:00000096-b-1#3848,,,p.Gly295Gln,1.0117696347629,0.0812786431508137,4
urn:mavedb:00000096-b-1#3849,,,p.Gly295Glu,0.8911640564316601,0.221596204863533,4
urn:mavedb:00000096-b-1#3850,,,p.Gly295His,1.09238515445956,0.0768857449049261,4
urn:mavedb:00000096-b-1#3851,,,p.Gly295Ile,0.925670339462546,0.1404241946970409,4
urn:mavedb:00000096-b-1#3852,,,p.Gly295Leu,0.7443468968611321,0.161126585389891,12
urn:mavedb:00000096-b-1#3853,,,p.Gly295Lys,0.937552034521935,0.217761905968068,4
urn:mavedb:00000096-b-1#3854,,,p.Gly295Met,0.249927542749863,0.247064711695058,4
urn:mavedb:00000096-b-1#3855,,,p.Gly295Phe,1.08199349050972,0.0390355373221272,4
urn:mavedb:00000096-b-1#3856,,,p.Gly295Pro,0.782721605716705,0.261713636875147,8
urn:mavedb:00000096-b-1#3857,,,p.Gly295Ser,1.08356597298902,0.2429957018384179,12
urn:mavedb:00000096-b-1#3858,,,p.Gly295Ter,-0.000212051939044,0.285208637779118,4
urn:mavedb:00000096-b-1#3859,,,p.Gly295Thr,0.7851906589065399,0.103859970033062,4
urn:mavedb:00000096-b-1#3860,,,p.Gly295Trp,1.04811330050358,0.175858413238957,4
urn:mavedb:00000096-b-1#3861,,,p.Gly295Tyr,0.982548695187977,0.0473047261520151,4
urn:mavedb:00000096-b-1#3862,,,p.Gly295Val,0.7797021577712271,0.101789401098151,8
urn:mavedb:00000096-b-1#3863,,,p.Gly299=,1.23586993801445,0.2805843838649939,12
urn:mavedb:00000096-b-1#3864,,,p.Gly299Ala,0.882316583239815,0.263811486776551,8
urn:mavedb:00000096-b-1#3865,,,p.Gly299Arg,-0.120920502144243,0.48127558886884,12
urn:mavedb:00000096-b-1#3866,,,p.Gly299Asn,0.7868728405329829,0.338753799740342,4
urn:mavedb:00000096-b-1#3867,,,p.Gly299Asp,0.665308405361625,0.239096924187548,4
urn:mavedb:00000096-b-1#3868,,,p.Gly299Cys,0.5457482204628951,0.926408322913073,4
urn:mavedb:00000096-b-1#3869,,,p.Gly299Gln,0.12434586757063,0.118520994208998,4
urn:mavedb:00000096-b-1#3870,,,p.Gly299Glu,0.314721713374426,0.0852093981923246,4
urn:mavedb:00000096-b-1#3871,,,p.Gly299His,-0.2181393510251439,0.163392755930203,4
urn:mavedb:00000096-b-1#3872,,,p.Gly299Ile,-0.332842599598011,0.155843859664463,4
urn:mavedb:00000096-b-1#3873,,,p.Gly299Leu,-0.0167607805357609,0.235960768177637,12
urn:mavedb:00000096-b-1#3874,,,p.Gly299Lys,0.0489470472427803,0.549706450235798,4
urn:mavedb:00000096-b-1#3875,,,p.Gly299Met,0.0222429571909255,0.105450515130203,4
urn:mavedb:00000096-b-1#3876,,,p.Gly299Phe,-0.0546877339657844,0.331810283388984,4
urn:mavedb:00000096-b-1#3877,,,p.Gly299Pro,0.1562279536866009,0.293123498702421,8
urn:mavedb:00000096-b-1#3878,,,p.Gly299Ser,0.568726651517304,0.1012701427219419,12
urn:mavedb:00000096-b-1#3879,,,p.Gly299Ter,-0.0290753115705083,0.125536793924488,4
urn:mavedb:00000096-b-1#3880,,,p.Gly299Thr,0.3127332030158739,0.352029780880407,8
urn:mavedb:00000096-b-1#3881,,,p.Gly299Trp,0.1772225258251629,0.0778030760761827,4
urn:mavedb:00000096-b-1#3882,,,p.Gly299Tyr,-0.3348510311989739,0.143026031612833,4
urn:mavedb:00000096-b-1#3883,,,p.Gly299Val,-0.0328327359618252,0.0941905571024593,4
urn:mavedb:00000096-b-1#3884,,,p.Gly318=,1.11857808005003,0.114324555716485,8
urn:mavedb:00000096-b-1#3885,,,p.Gly318Ala,0.968641132167169,0.3342703719390169,4
urn:mavedb:00000096-b-1#3886,,,p.Gly318Arg,0.7168165772329721,0.246078441741738,12
urn:mavedb:00000096-b-1#3887,,,p.Gly318Asn,0.959707705077023,0.386402733588766,4
urn:mavedb:00000096-b-1#3888,,,p.Gly318Asp,0.952946124769111,0.1315161847193819,4
urn:mavedb:00000096-b-1#3889,,,p.Gly318Gln,0.36241205203308,0.1409455935979069,4
urn:mavedb:00000096-b-1#3890,,,p.Gly318Glu,0.933569000055766,0.0675576750091476,4
urn:mavedb:00000096-b-1#3891,,,p.Gly318His,0.723908626283187,0.4448048883260789,4
urn:mavedb:00000096-b-1#3892,,,p.Gly318Ile,0.604408601864728,0.295357891869358,4
urn:mavedb:00000096-b-1#3893,,,p.Gly318Leu,0.579660555278506,0.424037778442005,12
urn:mavedb:00000096-b-1#3894,,,p.Gly318Lys,0.7782735802931271,0.430587400958092,4
urn:mavedb:00000096-b-1#3895,,,p.Gly318Met,0.484835997040258,0.102568075456343,4
urn:mavedb:00000096-b-1#3896,,,p.Gly318Phe,0.800637403308516,0.410552530525113,4
urn:mavedb:00000096-b-1#3897,,,p.Gly318Pro,1.2452560541554198,0.204828016382803,8
urn:mavedb:00000096-b-1#3898,,,p.Gly318Ser,0.849905352171081,0.449923583821563,12
urn:mavedb:00000096-b-1#3899,,,p.Gly318Ter,-0.190206033791224,0.214554750686983,4
urn:mavedb:00000096-b-1#3900,,,p.Gly318Thr,0.6505410008472521,0.298077168443809,8
urn:mavedb:00000096-b-1#3901,,,p.Gly318Trp,0.5503527314975261,0.232520797619486,4
urn:mavedb:00000096-b-1#3902,,,p.Gly318Tyr,0.645798206620783,0.266764237787262,4
urn:mavedb:00000096-b-1#3903,,,p.Gly318Val,0.696933299495913,0.5734057199152789,8
urn:mavedb:00000096-b-1#3904,,,p.Gly328=,1.03555671909388,0.133447672470096,8
urn:mavedb:00000096-b-1#3905,,,p.Gly328Ala,1.0922051003573598,0.19986530921575,8
urn:mavedb:00000096-b-1#3906,,,p.Gly328Arg,0.8880123515139291,0.21743204282194,12
urn:mavedb:00000096-b-1#3907,,,p.Gly328Asp,0.7010191607913759,0.5288959565270829,4
urn:mavedb:00000096-b-1#3908,,,p.Gly328Cys,0.689003817188167,0.419980480030597,4
urn:mavedb:00000096-b-1#3909,,,p.Gly328Gln,0.858551822464542,0.0625510320682239,4
urn:mavedb:00000096-b-1#3910,,,p.Gly328Glu,0.786881607325564,0.4204996990330129,4
urn:mavedb:00000096-b-1#3911,,,p.Gly328His,1.11130713513819,0.0550924620719642,4
urn:mavedb:00000096-b-1#3912,,,p.Gly328Ile,0.221877155544723,0.120750288862418,4
urn:mavedb:00000096-b-1#3913,,,p.Gly328Leu,0.954926525410649,0.258037295054542,12
urn:mavedb:00000096-b-1#3914,,,p.Gly328Lys,0.531220379313709,0.331676767506213,4
urn:mavedb:00000096-b-1#3915,,,p.Gly328Met,0.9713608031940152,0.0698383173591801,4
urn:mavedb:00000096-b-1#3916,,,p.Gly328Phe,0.769586156219079,0.0631733908241965,4
urn:mavedb:00000096-b-1#3917,,,p.Gly328Pro,0.445698395545477,0.245821046782431,8
urn:mavedb:00000096-b-1#3918,,,p.Gly328Ser,1.06734977156083,0.24736228986043,12
urn:mavedb:00000096-b-1#3919,,,p.Gly328Ter,0.122953157704151,0.118164997985963,4
urn:mavedb:00000096-b-1#3920,,,p.Gly328Thr,0.664523610306747,0.25273277547354,8
urn:mavedb:00000096-b-1#3921,,,p.Gly328Trp,0.930202712324501,0.0821003659429378,4
urn:mavedb:00000096-b-1#3922,,,p.Gly328Tyr,0.835962005753327,0.0792820745689662,4
urn:mavedb:00000096-b-1#3923,,,p.Gly328Val,0.499382923782049,0.244851588537451,8
urn:mavedb:00000096-b-1#3924,,,p.Gly343=,0.7753198232718541,0.0986594929402816,4
urn:mavedb:00000096-b-1#3925,,,p.Gly343Ala,1.08938341367064,0.47457715970059,8
urn:mavedb:00000096-b-1#3926,,,p.Gly343Arg,0.5959498453594649,0.292235903413144,12
urn:mavedb:00000096-b-1#3927,,,p.Gly343Asn,0.0728391196648704,0.120136258244584,4
urn:mavedb:00000096-b-1#3928,,,p.Gly343Asp,0.6001951174598801,0.5409024607902,4
urn:mavedb:00000096-b-1#3929,,,p.Gly343Cys,0.6328358098203001,0.494750163937433,4
urn:mavedb:00000096-b-1#3930,,,p.Gly343Gln,0.867506874214723,0.256802113560358,4
urn:mavedb:00000096-b-1#3931,,,p.Gly343Glu,0.703594216414662,0.120598142954471,4
urn:mavedb:00000096-b-1#3932,,,p.Gly343His,0.8615741577013292,0.296508501372249,4
urn:mavedb:00000096-b-1#3933,,,p.Gly343Ile,0.5879116161493521,0.1027082111189209,4
urn:mavedb:00000096-b-1#3934,,,p.Gly343Leu,0.6635499577733039,0.144521760630436,12
urn:mavedb:00000096-b-1#3935,,,p.Gly343Lys,0.987128584642971,0.0652054340725971,4
urn:mavedb:00000096-b-1#3936,,,p.Gly343Met,0.892910253732444,0.0870142842621659,4
urn:mavedb:00000096-b-1#3937,,,p.Gly343Pro,0.419408261727729,0.2537798665814019,8
urn:mavedb:00000096-b-1#3938,,,p.Gly343Ser,0.606640311362464,0.454684395787882,8
urn:mavedb:00000096-b-1#3939,,,p.Gly343Ter,-0.336415804411763,0.1690414888262379,4
urn:mavedb:00000096-b-1#3940,,,p.Gly343Thr,0.730875585524978,0.152517427873009,8
urn:mavedb:00000096-b-1#3941,,,p.Gly343Trp,0.0058987284230357,0.109818397992206,4
urn:mavedb:00000096-b-1#3942,,,p.Gly343Tyr,0.371225362166553,0.470267176177571,4
urn:mavedb:00000096-b-1#3943,,,p.Gly343Val,0.670806724973936,0.2073956231236089,8
urn:mavedb:00000096-b-1#3944,,,p.Gly356=,0.946148099434114,0.163398268548642,4
urn:mavedb:00000096-b-1#3945,,,p.Gly356Ala,0.660617147733918,0.181603931009344,8
urn:mavedb:00000096-b-1#3946,,,p.Gly356Arg,0.704374416590385,0.5150212042187671,12
urn:mavedb:00000096-b-1#3947,,,p.Gly356Asn,0.8193380675726801,0.0687499175210809,4
urn:mavedb:00000096-b-1#3948,,,p.Gly356Asp,1.05680464770799,0.11629411272743,4
urn:mavedb:00000096-b-1#3949,,,p.Gly356Gln,0.682144327469683,0.140410803598338,4
urn:mavedb:00000096-b-1#3950,,,p.Gly356Glu,0.76072930997776,0.0596791267518804,4
urn:mavedb:00000096-b-1#3951,,,p.Gly356His,0.714079485417773,0.5415253484742921,4
urn:mavedb:00000096-b-1#3952,,,p.Gly356Ile,0.554390480115992,0.6759149379892441,4
urn:mavedb:00000096-b-1#3953,,,p.Gly356Leu,0.296493655066641,0.242469796595671,12
urn:mavedb:00000096-b-1#3954,,,p.Gly356Lys,0.457043652459325,0.3667580351506621,4
urn:mavedb:00000096-b-1#3955,,,p.Gly356Phe,0.405740925725484,0.695545433059504,4
urn:mavedb:00000096-b-1#3956,,,p.Gly356Pro,-0.0377125029585338,0.640944058444902,8
urn:mavedb:00000096-b-1#3957,,,p.Gly356Ser,0.760623845079728,0.298979320208482,12
urn:mavedb:00000096-b-1#3958,,,p.Gly356Ter,0.209182318751822,0.535830863849669,8
urn:mavedb:00000096-b-1#3959,,,p.Gly356Thr,0.851507557634287,0.18677639972419,8
urn:mavedb:00000096-b-1#3960,,,p.Gly356Trp,0.394279617222645,0.7463587158704731,4
urn:mavedb:00000096-b-1#3961,,,p.Gly356Tyr,0.5990235826603321,0.190382889190701,4
urn:mavedb:00000096-b-1#3962,,,p.Gly356Val,0.343974207948562,0.265642581986779,4
urn:mavedb:00000096-b-1#3963,,,p.Gly385=,0.942261974095473,0.0548974321221211,4
urn:mavedb:00000096-b-1#3964,,,p.Gly385Ala,0.9927187815792008,0.146971095549363,8
urn:mavedb:00000096-b-1#3965,,,p.Gly385Arg,0.4040775870784679,0.350676954532416,12
urn:mavedb:00000096-b-1#3966,,,p.Gly385Asn,0.218395134486719,0.220792459791881,4
urn:mavedb:00000096-b-1#3967,,,p.Gly385Cys,0.825403635380957,0.177425066724517,4
urn:mavedb:00000096-b-1#3968,,,p.Gly385Glu,0.799474712783067,0.0810332913655882,4
urn:mavedb:00000096-b-1#3969,,,p.Gly385Ile,0.958128997107246,0.0571432250920915,4
urn:mavedb:00000096-b-1#3970,,,p.Gly385Leu,1.03398460778115,0.35801293919389,8
urn:mavedb:00000096-b-1#3971,,,p.Gly385Lys,-0.492447272850969,0.4997123034783921,4
urn:mavedb:00000096-b-1#3972,,,p.Gly385Met,0.527929512099742,0.1272435069833609,4
urn:mavedb:00000096-b-1#3973,,,p.Gly385Phe,0.5246716414840921,0.699850741181489,4
urn:mavedb:00000096-b-1#3974,,,p.Gly385Pro,0.324128917656066,0.308285311372713,8
urn:mavedb:00000096-b-1#3975,,,p.Gly385Ser,0.909665412416432,0.343109327670651,12
urn:mavedb:00000096-b-1#3976,,,p.Gly385Ter,-0.351379817187383,0.286593099464808,4
urn:mavedb:00000096-b-1#3977,,,p.Gly385Thr,0.8085508567524691,0.0851851617486998,8
urn:mavedb:00000096-b-1#3978,,,p.Gly385Trp,0.439528690794641,0.0627281892990301,4
urn:mavedb:00000096-b-1#3979,,,p.Gly385Tyr,0.262774180377949,0.175743089106189,4
urn:mavedb:00000096-b-1#3980,,,p.Gly385Val,1.01869281238405,0.173190327709618,8
urn:mavedb:00000096-b-1#3981,,,p.Gly388=,0.9360864033873,0.583545076338215,8
urn:mavedb:00000096-b-1#3982,,,p.Gly388Ala,0.970375082272725,0.456713519297993,8
urn:mavedb:00000096-b-1#3983,,,p.Gly388Arg,0.169072037914592,0.352340185803591,12
urn:mavedb:00000096-b-1#3984,,,p.Gly388Asn,0.468302815015796,0.213913298474569,4
urn:mavedb:00000096-b-1#3985,,,p.Gly388Gln,0.926017157781935,0.112444969755066,4
urn:mavedb:00000096-b-1#3986,,,p.Gly388Glu,0.4965763894019609,0.0849052469427156,4
urn:mavedb:00000096-b-1#3987,,,p.Gly388His,0.5059322397228679,0.0558088854784028,4
urn:mavedb:00000096-b-1#3988,,,p.Gly388Ile,0.273234234349992,0.0953791501879576,4
urn:mavedb:00000096-b-1#3989,,,p.Gly388Leu,0.310707040934015,0.136503265966077,12
urn:mavedb:00000096-b-1#3990,,,p.Gly388Lys,-0.6044217152464589,0.2017363761508289,4
urn:mavedb:00000096-b-1#3991,,,p.Gly388Met,0.46553176181952,0.219851226431606,4
urn:mavedb:00000096-b-1#3992,,,p.Gly388Phe,0.221584989792597,0.0657552823048418,4
urn:mavedb:00000096-b-1#3993,,,p.Gly388Pro,0.239734460179277,0.204855373576443,8
urn:mavedb:00000096-b-1#3994,,,p.Gly388Ser,0.923997601063186,0.1857271887526839,12
urn:mavedb:00000096-b-1#3995,,,p.Gly388Ter,-0.253601193023492,0.132468921947765,4
urn:mavedb:00000096-b-1#3996,,,p.Gly388Thr,0.8040710252127209,0.5348423600364349,4
urn:mavedb:00000096-b-1#3997,,,p.Gly388Trp,0.506879059075645,0.0599005465360239,4
urn:mavedb:00000096-b-1#3998,,,p.Gly388Tyr,0.125423652549295,0.263067831973465,4
urn:mavedb:00000096-b-1#3999,,,p.Gly388Val,0.9124399566313142,0.475509013470371,8
urn:mavedb:00000096-b-1#4000,,,p.Gly407=,0.956625766871096,0.2427497074087869,8
urn:mavedb:00000096-b-1#4001,,,p.Gly407Ala,0.873469037657989,0.1195127135224049,8
urn:mavedb:00000096-b-1#4002,,,p.Gly407Arg,0.414595421527557,0.316714044979899,12
urn:mavedb:00000096-b-1#4003,,,p.Gly407Asn,0.0833339997599805,0.234957103315708,4
urn:mavedb:00000096-b-1#4004,,,p.Gly407Asp,0.497396416685633,0.578650769052907,4
urn:mavedb:00000096-b-1#4005,,,p.Gly407Cys,0.916056133692704,0.204428816756272,4
urn:mavedb:00000096-b-1#4006,,,p.Gly407Gln,0.301602834433607,0.483067466633279,4
urn:mavedb:00000096-b-1#4007,,,p.Gly407Glu,0.114806800709769,0.11131410697144,4
urn:mavedb:00000096-b-1#4008,,,p.Gly407His,0.789120150411012,0.185437624815767,4
urn:mavedb:00000096-b-1#4009,,,p.Gly407Ile,0.465725658998857,0.1832155889276189,4
urn:mavedb:00000096-b-1#4010,,,p.Gly407Leu,0.104949812798685,0.318175876706308,12
urn:mavedb:00000096-b-1#4011,,,p.Gly407Lys,0.664754227461935,0.0785801830779671,4
urn:mavedb:00000096-b-1#4012,,,p.Gly407Met,0.337519713642018,0.214576899091388,4
urn:mavedb:00000096-b-1#4013,,,p.Gly407Phe,0.400848147838174,0.383570919522616,4
urn:mavedb:00000096-b-1#4014,,,p.Gly407Pro,0.267761496973652,0.4887801202969339,8
urn:mavedb:00000096-b-1#4015,,,p.Gly407Ser,0.5691781591204821,0.193221803118429,12
urn:mavedb:00000096-b-1#4016,,,p.Gly407Ter,-0.0965448878544032,0.132743586609841,4
urn:mavedb:00000096-b-1#4017,,,p.Gly407Thr,0.392441133513277,0.316157590960278,8
urn:mavedb:00000096-b-1#4018,,,p.Gly407Trp,0.401774124363325,0.8514239150338051,4
urn:mavedb:00000096-b-1#4019,,,p.Gly407Tyr,0.0216188861988251,0.696261189272079,4
urn:mavedb:00000096-b-1#4020,,,p.Gly407Val,0.397475498589936,0.622262232864312,12
urn:mavedb:00000096-b-1#4021,,,p.Gly410=,1.35394094418723,0.4041411782635759,8
urn:mavedb:00000096-b-1#4022,,,p.Gly410Ala,0.569624119176299,0.394394496655394,8
urn:mavedb:00000096-b-1#4023,,,p.Gly410Arg,0.129097222118562,0.250054407259333,12
urn:mavedb:00000096-b-1#4024,,,p.Gly410Asn,0.5224462206467729,0.1481715754261269,4
urn:mavedb:00000096-b-1#4025,,,p.Gly410Cys,0.3590442188661729,0.7695185199097919,4
urn:mavedb:00000096-b-1#4026,,,p.Gly410Gln,0.327651375466842,0.0993423182997777,4
urn:mavedb:00000096-b-1#4027,,,p.Gly410Glu,0.377439857869328,0.10840359618821,4
urn:mavedb:00000096-b-1#4028,,,p.Gly410His,0.424238557601685,0.4352174480852,4
urn:mavedb:00000096-b-1#4029,,,p.Gly410Ile,0.391966875594384,0.2878568946877919,4
urn:mavedb:00000096-b-1#4030,,,p.Gly410Leu,0.936356649069768,0.256263579861373,12
urn:mavedb:00000096-b-1#4031,,,p.Gly410Met,0.941241129656068,0.0525779538961765,4
urn:mavedb:00000096-b-1#4032,,,p.Gly410Phe,0.895022137242495,0.0449801630315429,4
urn:mavedb:00000096-b-1#4033,,,p.Gly410Pro,0.42035455788323,0.199563877635699,8
urn:mavedb:00000096-b-1#4034,,,p.Gly410Ser,0.410917319045918,0.259624811533951,12
urn:mavedb:00000096-b-1#4035,,,p.Gly410Ter,-0.0003806510014078,0.15339602225821,4
urn:mavedb:00000096-b-1#4036,,,p.Gly410Thr,0.597952161098734,0.271088880323568,8
urn:mavedb:00000096-b-1#4037,,,p.Gly410Tyr,0.6382635688908189,0.0775244422960079,4
urn:mavedb:00000096-b-1#4038,,,p.Gly410Val,0.7451030115039899,0.193588189084796,4
urn:mavedb:00000096-b-1#4039,,,p.Gly44=,1.132743933338,0.122283651408975,4
urn:mavedb:00000096-b-1#4040,,,p.Gly444=,0.918805895159879,0.0940437420254437,4
urn:mavedb:00000096-b-1#4041,,,p.Gly444Ala,0.782531502452504,0.0984538096275524,8
urn:mavedb:00000096-b-1#4042,,,p.Gly444Arg,0.8365374091556421,0.195864554022017,12
urn:mavedb:00000096-b-1#4043,,,p.Gly444Asn,0.804201059685665,0.0708421432217212,4
urn:mavedb:00000096-b-1#4044,,,p.Gly444Asp,0.7450375880181159,0.363977380252492,4
urn:mavedb:00000096-b-1#4045,,,p.Gly444Cys,0.768482182096713,0.449202061771382,4
urn:mavedb:00000096-b-1#4046,,,p.Gly444Gln,1.01517364589116,0.122670427928546,4
urn:mavedb:00000096-b-1#4047,,,p.Gly444Glu,1.05646512386042,0.0477116932109085,4
urn:mavedb:00000096-b-1#4048,,,p.Gly444His,0.824132774363595,0.122715362320741,4
urn:mavedb:00000096-b-1#4049,,,p.Gly444Ile,0.983402881530609,0.0640054588024393,4
urn:mavedb:00000096-b-1#4050,,,p.Gly444Leu,0.8774199303396221,0.171896872883549,12
urn:mavedb:00000096-b-1#4051,,,p.Gly444Met,0.616952741982198,0.27281992764859,4
urn:mavedb:00000096-b-1#4052,,,p.Gly444Phe,0.671492181745591,0.471445916969275,4
urn:mavedb:00000096-b-1#4053,,,p.Gly444Ser,0.8088400943907371,0.476140119575087,12
urn:mavedb:00000096-b-1#4054,,,p.Gly444Ter,0.902194346582734,0.223995056063752,4
urn:mavedb:00000096-b-1#4055,,,p.Gly444Thr,0.408819422230386,0.271874157573357,8
urn:mavedb:00000096-b-1#4056,,,p.Gly444Trp,0.953924727060877,0.152558284659374,4
urn:mavedb:00000096-b-1#4057,,,p.Gly444Tyr,0.6978928385959878,0.5542156166395861,4
urn:mavedb:00000096-b-1#4058,,,p.Gly444Val,0.89456129745528,0.143525651424148,8
urn:mavedb:00000096-b-1#4059,,,p.Gly446=,1.14715236148914,0.185057932406446,8
urn:mavedb:00000096-b-1#4060,,,p.Gly446Ala,1.2413239517345702,0.0279065087360735,4
urn:mavedb:00000096-b-1#4061,,,p.Gly446Arg,0.972017233298509,0.103499923441965,12
urn:mavedb:00000096-b-1#4062,,,p.Gly446Asn,0.993358479818828,0.4011242653433739,4
urn:mavedb:00000096-b-1#4063,,,p.Gly446Asp,1.12903948829576,0.121443699899336,4
urn:mavedb:00000096-b-1#4064,,,p.Gly446Cys,1.14911211145128,0.0913306055083773,4
urn:mavedb:00000096-b-1#4065,,,p.Gly446Gln,1.13674607602821,0.0469675261288173,4
urn:mavedb:00000096-b-1#4066,,,p.Gly446Glu,1.11994775010041,0.0410507802202716,4
urn:mavedb:00000096-b-1#4067,,,p.Gly446Ile,0.9956581361411808,0.0434165285844603,4
urn:mavedb:00000096-b-1#4068,,,p.Gly446Leu,1.18793810347453,0.0752131334664289,8
urn:mavedb:00000096-b-1#4069,,,p.Gly446Lys,0.830590934985698,0.133778470451558,4
urn:mavedb:00000096-b-1#4070,,,p.Gly446Met,0.99486444652845,0.0564970997209132,4
urn:mavedb:00000096-b-1#4071,,,p.Gly446Phe,1.0696859797107698,0.0272430660505453,4
urn:mavedb:00000096-b-1#4072,,,p.Gly446Pro,1.06274029398679,0.123596568592186,8
urn:mavedb:00000096-b-1#4073,,,p.Gly446Ser,1.18732563709579,0.0936929294694139,12
urn:mavedb:00000096-b-1#4074,,,p.Gly446Ter,0.538116083619621,0.603490676241907,4
urn:mavedb:00000096-b-1#4075,,,p.Gly446Thr,1.25268829331004,0.2273085023233949,8
urn:mavedb:00000096-b-1#4076,,,p.Gly446Trp,1.0043148176356,0.0301464118314648,4
urn:mavedb:00000096-b-1#4077,,,p.Gly446Tyr,0.8961578838627391,0.0448199639586069,4
urn:mavedb:00000096-b-1#4078,,,p.Gly446Val,1.04954484795965,0.056873027758819,8
urn:mavedb:00000096-b-1#4079,,,p.Gly448=,1.05558083531954,0.0571255045026041,4
urn:mavedb:00000096-b-1#4080,,,p.Gly448Ala,0.8853229238141089,0.0983858634433876,8
urn:mavedb:00000096-b-1#4081,,,p.Gly448Arg,0.801302818257955,0.104842972385565,12
urn:mavedb:00000096-b-1#4082,,,p.Gly448Asn,0.8741441420755501,0.0591409333450157,4
urn:mavedb:00000096-b-1#4083,,,p.Gly448Asp,0.692013605293109,0.1049220622852,4
urn:mavedb:00000096-b-1#4084,,,p.Gly448Cys,0.708387129719872,0.0993387740892518,4
urn:mavedb:00000096-b-1#4085,,,p.Gly448Gln,1.07712169362758,0.1105694016623039,4
urn:mavedb:00000096-b-1#4086,,,p.Gly448His,1.0074324873774398,0.1831510203051719,4
urn:mavedb:00000096-b-1#4087,,,p.Gly448Ile,0.9007708633792628,0.0486370304401928,4
urn:mavedb:00000096-b-1#4088,,,p.Gly448Leu,0.8318752515250251,0.199280832005431,12
urn:mavedb:00000096-b-1#4089,,,p.Gly448Lys,0.8896722336293571,0.100305594494156,4
urn:mavedb:00000096-b-1#4090,,,p.Gly448Met,0.972644099833763,0.1226062791169569,4
urn:mavedb:00000096-b-1#4091,,,p.Gly448Phe,0.865548242731636,0.0856391321140746,4
urn:mavedb:00000096-b-1#4092,,,p.Gly448Pro,0.698498299223741,0.344089921062563,4
urn:mavedb:00000096-b-1#4093,,,p.Gly448Ser,0.8282203497063709,0.1120504948955069,12
urn:mavedb:00000096-b-1#4094,,,p.Gly448Ter,0.7858199529208679,0.167220408789938,4
urn:mavedb:00000096-b-1#4095,,,p.Gly448Thr,0.7916093011644019,0.143493050103372,8
urn:mavedb:00000096-b-1#4096,,,p.Gly448Trp,0.856933447704531,0.0534476398899445,4
urn:mavedb:00000096-b-1#4097,,,p.Gly448Tyr,0.749206196680941,0.0969459535801321,4
urn:mavedb:00000096-b-1#4098,,,p.Gly448Val,0.796445621147266,0.0845106135298213,4
urn:mavedb:00000096-b-1#4099,,,p.Gly44Ala,-0.009281743422377,0.1239250052447669,4
urn:mavedb:00000096-b-1#4100,,,p.Gly44Arg,0.0157614330963319,0.4064662429588609,8
urn:mavedb:00000096-b-1#4101,,,p.Gly44Asn,0.369228887457843,0.225415398908105,4
urn:mavedb:00000096-b-1#4102,,,p.Gly44Gln,0.324447912261636,0.146576049771954,4
urn:mavedb:00000096-b-1#4103,,,p.Gly44Glu,0.184507185436733,0.633740449969749,4
urn:mavedb:00000096-b-1#4104,,,p.Gly44His,0.230682186241493,0.851738950649517,4
urn:mavedb:00000096-b-1#4105,,,p.Gly44Ile,0.385769287818832,0.109814858853061,4
urn:mavedb:00000096-b-1#4106,,,p.Gly44Leu,0.203484482083088,0.262585088043497,12
urn:mavedb:00000096-b-1#4107,,,p.Gly44Lys,0.0851786543923034,0.728125555724343,4
urn:mavedb:00000096-b-1#4108,,,p.Gly44Met,0.0602837640271106,0.371033960725864,4
urn:mavedb:00000096-b-1#4109,,,p.Gly44Phe,-0.0855664561190998,0.1781851900066039,4
urn:mavedb:00000096-b-1#4110,,,p.Gly44Pro,-0.2066524934218969,0.631671767176006,8
urn:mavedb:00000096-b-1#4111,,,p.Gly44Ser,0.474301039975176,0.325341799001777,12
urn:mavedb:00000096-b-1#4112,,,p.Gly44Ter,-0.663952568953389,0.319234355711869,4
urn:mavedb:00000096-b-1#4113,,,p.Gly44Thr,-0.129312505649515,0.5475067629075729,8
urn:mavedb:00000096-b-1#4114,,,p.Gly44Trp,-0.0018448905398867,0.208054423720739,4
urn:mavedb:00000096-b-1#4115,,,p.Gly44Tyr,-0.354268005527581,0.436126796443947,4
urn:mavedb:00000096-b-1#4116,,,p.Gly44Val,0.0982896807212475,0.121837426222403,4
urn:mavedb:00000096-b-1#4117,,,p.Gly464=,1.01505059185851,0.14896586755797,8
urn:mavedb:00000096-b-1#4118,,,p.Gly464Ala,0.7502672064397259,0.0592789377197929,8
urn:mavedb:00000096-b-1#4119,,,p.Gly464Arg,0.6996036640114461,0.141088232167878,12
urn:mavedb:00000096-b-1#4120,,,p.Gly464Asn,0.312751274790346,0.103922410558994,4
urn:mavedb:00000096-b-1#4121,,,p.Gly464Asp,1.16860799597821,0.0561862454671387,4
urn:mavedb:00000096-b-1#4122,,,p.Gly464Cys,0.7617131378397879,0.0792749329549815,4
urn:mavedb:00000096-b-1#4123,,,p.Gly464Gln,0.8053693573849889,0.129373020889381,4
urn:mavedb:00000096-b-1#4124,,,p.Gly464Glu,0.758146402573652,0.122050950665293,4
urn:mavedb:00000096-b-1#4125,,,p.Gly464His,0.7425961842381229,0.258095530213262,4
urn:mavedb:00000096-b-1#4126,,,p.Gly464Ile,0.540914562584561,0.0475118336007023,4
urn:mavedb:00000096-b-1#4127,,,p.Gly464Leu,0.705754540686556,0.104052019656297,12
urn:mavedb:00000096-b-1#4128,,,p.Gly464Lys,0.5829226324804261,0.0680101160778399,4
urn:mavedb:00000096-b-1#4129,,,p.Gly464Met,0.6767223201617691,0.116661678442443,4
urn:mavedb:00000096-b-1#4130,,,p.Gly464Phe,0.605540836112924,0.0352920997051821,4
urn:mavedb:00000096-b-1#4131,,,p.Gly464Pro,0.9220902925156328,0.243670586830798,8
urn:mavedb:00000096-b-1#4132,,,p.Gly464Ser,0.961211123516548,0.163518132068113,12
urn:mavedb:00000096-b-1#4133,,,p.Gly464Ter,0.8384637370588149,0.108417153867298,4
urn:mavedb:00000096-b-1#4134,,,p.Gly464Thr,0.41270606566434,0.262917414591502,4
urn:mavedb:00000096-b-1#4135,,,p.Gly464Tyr,0.730492900930652,0.0439651844920471,4
urn:mavedb:00000096-b-1#4136,,,p.Gly464Val,0.7032875464588431,0.0619613583569795,8
urn:mavedb:00000096-b-1#4137,,,p.Gly68=,0.948312968886198,0.167034173804565,4
urn:mavedb:00000096-b-1#4138,,,p.Gly68Ala,0.827958658781068,0.2693699067905,8
urn:mavedb:00000096-b-1#4139,,,p.Gly68Arg,0.821499672609496,0.2926963491346839,8
urn:mavedb:00000096-b-1#4140,,,p.Gly68Asn,0.919579486081683,0.5807952634409971,4
urn:mavedb:00000096-b-1#4141,,,p.Gly68Asp,0.79225331541613,0.239367529336745,4
urn:mavedb:00000096-b-1#4142,,,p.Gly68Cys,0.764326652840345,0.135057228888124,4
urn:mavedb:00000096-b-1#4143,,,p.Gly68Gln,1.01513117584102,0.24059728655285,4
urn:mavedb:00000096-b-1#4144,,,p.Gly68Glu,1.12123230595486,0.1218924447065759,4
urn:mavedb:00000096-b-1#4145,,,p.Gly68His,0.8994842552328609,0.196021732459565,4
urn:mavedb:00000096-b-1#4146,,,p.Gly68Ile,0.943022488095525,0.15580476479701,4
urn:mavedb:00000096-b-1#4147,,,p.Gly68Leu,0.9847167891128108,0.242507927405392,12
urn:mavedb:00000096-b-1#4148,,,p.Gly68Lys,0.848145367307777,0.722323959364017,4
urn:mavedb:00000096-b-1#4149,,,p.Gly68Met,0.6221990654285521,0.370150899229259,4
urn:mavedb:00000096-b-1#4150,,,p.Gly68Phe,0.995037010482804,0.0477384187902819,4
urn:mavedb:00000096-b-1#4151,,,p.Gly68Pro,1.4409797267499298,0.234014049663166,8
urn:mavedb:00000096-b-1#4152,,,p.Gly68Ser,0.857723478578866,0.6202760059842729,12
urn:mavedb:00000096-b-1#4153,,,p.Gly68Ter,0.0863454866813583,0.561624170038198,4
urn:mavedb:00000096-b-1#4154,,,p.Gly68Thr,1.13439224507301,0.196738098999345,8
urn:mavedb:00000096-b-1#4155,,,p.Gly68Trp,0.7779561983899429,0.0794548849494214,4
urn:mavedb:00000096-b-1#4156,,,p.Gly68Tyr,0.8969617605258492,0.139588531494432,4
urn:mavedb:00000096-b-1#4157,,,p.Gly68Val,0.8917283749836551,0.0896848297274991,8
urn:mavedb:00000096-b-1#4158,,,p.Gly72=,0.7106971701961501,0.225245498898858,8
urn:mavedb:00000096-b-1#4159,,,p.Gly72Ala,0.313731907071502,0.318910558657711,8
urn:mavedb:00000096-b-1#4160,,,p.Gly72Arg,0.167919121024682,0.272056956581679,8
urn:mavedb:00000096-b-1#4161,,,p.Gly72Asn,-0.140844685650458,0.304305950430761,4
urn:mavedb:00000096-b-1#4162,,,p.Gly72Asp,0.983688822076776,0.185173050689765,4
urn:mavedb:00000096-b-1#4163,,,p.Gly72Gln,0.26157137836922,0.158898021380885,4
urn:mavedb:00000096-b-1#4164,,,p.Gly72Glu,0.668454628283408,0.3474970701662159,4
urn:mavedb:00000096-b-1#4165,,,p.Gly72His,0.7693131237119991,0.0856642717564877,4
urn:mavedb:00000096-b-1#4166,,,p.Gly72Ile,0.333532942441005,0.774079574310251,4
urn:mavedb:00000096-b-1#4167,,,p.Gly72Leu,0.138776350284575,0.1996504942961739,12
urn:mavedb:00000096-b-1#4168,,,p.Gly72Lys,0.626311508401729,0.7338952504514951,4
urn:mavedb:00000096-b-1#4169,,,p.Gly72Met,-0.0613894413796595,0.159194973452263,4
urn:mavedb:00000096-b-1#4170,,,p.Gly72Phe,0.4058931415750779,0.0898828096009601,4
urn:mavedb:00000096-b-1#4171,,,p.Gly72Pro,0.369333512143073,0.305357082693416,8
urn:mavedb:00000096-b-1#4172,,,p.Gly72Ser,0.304502626285626,0.413638906256857,12
urn:mavedb:00000096-b-1#4173,,,p.Gly72Ter,0.0402607367942257,0.286065517339128,4
urn:mavedb:00000096-b-1#4174,,,p.Gly72Thr,0.531923875533101,0.368729124642697,8
urn:mavedb:00000096-b-1#4175,,,p.Gly72Trp,0.428145137285491,0.317443632823692,4
urn:mavedb:00000096-b-1#4176,,,p.Gly72Tyr,0.2018533221483109,0.276704387645271,4
urn:mavedb:00000096-b-1#4177,,,p.Gly72Val,0.445919713531104,0.272191739693316,8
urn:mavedb:00000096-b-1#4178,,,p.Gly80=,0.851105338534764,0.2580805786659469,8
urn:mavedb:00000096-b-1#4179,,,p.Gly80Ala,0.9119781920118648,0.4796824299544979,8
urn:mavedb:00000096-b-1#4180,,,p.Gly80Arg,0.569831687213451,0.442531550407481,12
urn:mavedb:00000096-b-1#4181,,,p.Gly80Asn,0.8454899546807321,0.853999047627777,4
urn:mavedb:00000096-b-1#4182,,,p.Gly80Asp,0.7867572697250609,0.1851071990786389,4
urn:mavedb:00000096-b-1#4183,,,p.Gly80Cys,0.449357749067698,1.09744175362187,4
urn:mavedb:00000096-b-1#4184,,,p.Gly80Gln,0.5427515361919389,0.454337733421489,4
urn:mavedb:00000096-b-1#4185,,,p.Gly80Glu,0.799317846796376,0.1497136272747219,4
urn:mavedb:00000096-b-1#4186,,,p.Gly80His,0.8639362569441891,0.796030658967278,4
urn:mavedb:00000096-b-1#4187,,,p.Gly80Ile,0.759547285981737,0.671930774457097,4
urn:mavedb:00000096-b-1#4188,,,p.Gly80Leu,1.01072235531302,0.124564008444183,12
urn:mavedb:00000096-b-1#4189,,,p.Gly80Lys,1.3639601002526798,0.298628992646362,4
urn:mavedb:00000096-b-1#4190,,,p.Gly80Met,0.801388050105869,0.4505401937303389,4
urn:mavedb:00000096-b-1#4191,,,p.Gly80Phe,0.618423019938564,0.1580485139639509,4
urn:mavedb:00000096-b-1#4192,,,p.Gly80Pro,0.275359609077615,0.337394535250654,8
urn:mavedb:00000096-b-1#4193,,,p.Gly80Ser,1.0695872696241,0.5738595667701529,12
urn:mavedb:00000096-b-1#4194,,,p.Gly80Ter,-0.6951380626195949,0.4509740846480339,4
urn:mavedb:00000096-b-1#4195,,,p.Gly80Trp,0.7614818711591309,0.0748006888077834,4
urn:mavedb:00000096-b-1#4196,,,p.Gly80Tyr,0.402866020785718,0.555411578470766,4
urn:mavedb:00000096-b-1#4197,,,p.Gly80Val,0.7965558738780371,0.235529695842877,8
urn:mavedb:00000096-b-1#4198,,,p.Gly81=,1.11637273529031,0.1134593212623819,8
urn:mavedb:00000096-b-1#4199,,,p.Gly81Ala,1.11984145090133,0.0804057515735278,4
urn:mavedb:00000096-b-1#4200,,,p.Gly81Arg,0.8170407684691259,0.348621069043635,12
urn:mavedb:00000096-b-1#4201,,,p.Gly81Asn,0.5920608669895511,0.1228068774611309,4
urn:mavedb:00000096-b-1#4202,,,p.Gly81Asp,0.864113446506845,0.290444449883769,4
urn:mavedb:00000096-b-1#4203,,,p.Gly81Cys,1.07156711013037,0.105102121185599,4
urn:mavedb:00000096-b-1#4204,,,p.Gly81Gln,0.54139862058151,0.164312951103415,4
urn:mavedb:00000096-b-1#4205,,,p.Gly81Glu,0.84331991553565,0.359846857534904,4
urn:mavedb:00000096-b-1#4206,,,p.Gly81His,1.20358455150752,0.125802102366621,4
urn:mavedb:00000096-b-1#4207,,,p.Gly81Leu,0.392211179006416,0.587065919148038,12
urn:mavedb:00000096-b-1#4208,,,p.Gly81Lys,0.9293725188200692,0.7023503576241271,4
urn:mavedb:00000096-b-1#4209,,,p.Gly81Met,0.743139781825788,0.185124759702856,4
urn:mavedb:00000096-b-1#4210,,,p.Gly81Phe,0.534536097731505,0.138846147764925,4
urn:mavedb:00000096-b-1#4211,,,p.Gly81Pro,1.28505022779294,0.126038920442238,8
urn:mavedb:00000096-b-1#4212,,,p.Gly81Ser,1.4466547716966,0.319369286591579,12
urn:mavedb:00000096-b-1#4213,,,p.Gly81Ter,-0.7618950045134909,0.404346479267938,4
urn:mavedb:00000096-b-1#4214,,,p.Gly81Thr,1.40505124727124,0.267646161091932,4
urn:mavedb:00000096-b-1#4215,,,p.Gly81Trp,1.00707015908931,0.0716324073433056,4
urn:mavedb:00000096-b-1#4216,,,p.Gly81Tyr,0.6944917665150121,0.165869202004163,4
urn:mavedb:00000096-b-1#4217,,,p.Gly81Val,0.8854549137983599,0.262172432139607,8
urn:mavedb:00000096-b-1#4218,,,p.Gly92=,1.2052021407733702,0.134419226484747,8
urn:mavedb:00000096-b-1#4219,,,p.Gly92Ala,0.801442235811491,0.0728673221151109,8
urn:mavedb:00000096-b-1#4220,,,p.Gly92Arg,0.814825697928033,0.0915823768802378,12
urn:mavedb:00000096-b-1#4221,,,p.Gly92Asn,1.08952289571024,0.666246962479505,4
urn:mavedb:00000096-b-1#4222,,,p.Gly92Asp,1.14932634505706,0.0848730248596807,4
urn:mavedb:00000096-b-1#4223,,,p.Gly92Cys,0.8910876624627521,0.0887511258453764,4
urn:mavedb:00000096-b-1#4224,,,p.Gly92Gln,0.8274970209654621,0.491071789720275,4
urn:mavedb:00000096-b-1#4225,,,p.Gly92Glu,0.8049740598164709,0.3801318910496989,4
urn:mavedb:00000096-b-1#4226,,,p.Gly92His,0.684528866481346,0.834668100145837,4
urn:mavedb:00000096-b-1#4227,,,p.Gly92Ile,0.8866510831444,0.0668344378538963,4
urn:mavedb:00000096-b-1#4228,,,p.Gly92Leu,0.888708969322239,0.206112723066267,12
urn:mavedb:00000096-b-1#4229,,,p.Gly92Met,0.780209256847609,0.421897273058585,4
urn:mavedb:00000096-b-1#4230,,,p.Gly92Phe,1.08233842142525,0.218588648794475,4
urn:mavedb:00000096-b-1#4231,,,p.Gly92Pro,0.375696845629627,0.330866469928142,8
urn:mavedb:00000096-b-1#4232,,,p.Gly92Ser,0.8999532951538691,0.1165829439156899,8
urn:mavedb:00000096-b-1#4233,,,p.Gly92Ter,-0.393453518650229,0.253562136003324,4
urn:mavedb:00000096-b-1#4234,,,p.Gly92Thr,1.02330004331083,0.0663984004811113,8
urn:mavedb:00000096-b-1#4235,,,p.Gly92Trp,0.7726309723373341,0.4383281159397439,4
urn:mavedb:00000096-b-1#4236,,,p.Gly92Tyr,0.6104011473627099,0.0979566335774432,4
urn:mavedb:00000096-b-1#4237,,,p.Gly92Val,0.911056149210994,0.0968926549271065,8
urn:mavedb:00000096-b-1#4238,,,p.Gly94=,0.9714833551542008,0.160284234033128,8
urn:mavedb:00000096-b-1#4239,,,p.Gly94Ala,1.01736030148152,0.131630475802959,8
urn:mavedb:00000096-b-1#4240,,,p.Gly94Arg,0.9292160289153192,0.229562634693626,12
urn:mavedb:00000096-b-1#4241,,,p.Gly94Asn,0.5055943136864121,0.1177690568694699,4
urn:mavedb:00000096-b-1#4242,,,p.Gly94Asp,0.751876187878755,0.159992466421235,4
urn:mavedb:00000096-b-1#4243,,,p.Gly94Cys,0.8208735409297919,0.0918655868132851,4
urn:mavedb:00000096-b-1#4244,,,p.Gly94Gln,1.00186210808194,0.7577996718532071,4
urn:mavedb:00000096-b-1#4245,,,p.Gly94Glu,0.8274697255913679,0.0950162232867704,4
urn:mavedb:00000096-b-1#4246,,,p.Gly94Ile,0.7472227357467571,0.2490702812333219,4
urn:mavedb:00000096-b-1#4247,,,p.Gly94Leu,0.890623905187937,0.21504709838258,12
urn:mavedb:00000096-b-1#4248,,,p.Gly94Lys,0.470661433845538,0.0954783518023707,4
urn:mavedb:00000096-b-1#4249,,,p.Gly94Met,0.661849659258241,0.8243803109653629,4
urn:mavedb:00000096-b-1#4250,,,p.Gly94Phe,0.9762868135504692,0.0529491444066344,4
urn:mavedb:00000096-b-1#4251,,,p.Gly94Pro,0.661241766455715,0.381230818405014,8
urn:mavedb:00000096-b-1#4252,,,p.Gly94Ser,0.7544706386896479,0.175805140556586,12
urn:mavedb:00000096-b-1#4253,,,p.Gly94Ter,0.155725089958485,0.667858824484984,4
urn:mavedb:00000096-b-1#4254,,,p.Gly94Thr,0.727085110174447,0.284543098343632,8
urn:mavedb:00000096-b-1#4255,,,p.Gly94Trp,0.920491234960358,0.1187698493067059,4
urn:mavedb:00000096-b-1#4256,,,p.Gly94Tyr,0.8949068813377351,0.599038911981349,4
urn:mavedb:00000096-b-1#4257,,,p.Gly94Val,0.9029506100539152,0.1160014709529319,8
urn:mavedb:00000096-b-1#4258,,,p.Gly97=,1.06093404250666,0.385569038677579,8
urn:mavedb:00000096-b-1#4259,,,p.Gly97Ala,0.7936687571268299,0.161792583288674,8
urn:mavedb:00000096-b-1#4260,,,p.Gly97Arg,0.860687834248953,0.2258012993490069,12
urn:mavedb:00000096-b-1#4261,,,p.Gly97Asn,0.7672619404718081,0.72310382481096,4
urn:mavedb:00000096-b-1#4262,,,p.Gly97Asp,0.746912133091506,0.246443857191432,4
urn:mavedb:00000096-b-1#4263,,,p.Gly97Cys,0.758651163943746,0.143523028795468,4
urn:mavedb:00000096-b-1#4264,,,p.Gly97Gln,1.24716053458592,0.602334233619075,4
urn:mavedb:00000096-b-1#4265,,,p.Gly97Glu,0.640468661017984,0.1417636213237069,4
urn:mavedb:00000096-b-1#4266,,,p.Gly97His,1.07977301504332,0.0865900944601172,4
urn:mavedb:00000096-b-1#4267,,,p.Gly97Ile,0.525696637874956,0.1834079687097,4
urn:mavedb:00000096-b-1#4268,,,p.Gly97Leu,0.903237943940608,0.243314344884695,12
urn:mavedb:00000096-b-1#4269,,,p.Gly97Lys,0.94038217159801,0.1716640912201419,4
urn:mavedb:00000096-b-1#4270,,,p.Gly97Phe,1.14938279436495,0.152155129622213,4
urn:mavedb:00000096-b-1#4271,,,p.Gly97Pro,0.95266795874849,0.6821307882029649,8
urn:mavedb:00000096-b-1#4272,,,p.Gly97Ser,1.12309932337547,0.28465845800169,12
urn:mavedb:00000096-b-1#4273,,,p.Gly97Ter,-0.2995376561407999,0.5999955795496059,4
urn:mavedb:00000096-b-1#4274,,,p.Gly97Thr,0.78096395994934,0.179548984629835,8
urn:mavedb:00000096-b-1#4275,,,p.Gly97Trp,0.594260845168648,0.0797632355034259,4
urn:mavedb:00000096-b-1#4276,,,p.Gly97Tyr,0.621959298525538,0.188760804335474,4
urn:mavedb:00000096-b-1#4277,,,p.Gly97Val,0.854550205007972,0.3193347939939069,8
urn:mavedb:00000096-b-1#4278,,,p.His105Ala,0.620198326680099,0.17738365456039,8
urn:mavedb:00000096-b-1#4279,,,p.His105Arg,1.01118968295401,0.344962930063916,12
urn:mavedb:00000096-b-1#4280,,,p.His105Asn,-0.0360870885859834,1.397795076715,4
urn:mavedb:00000096-b-1#4281,,,p.His105Asp,1.07659290044087,0.6096637150271589,4
urn:mavedb:00000096-b-1#4282,,,p.His105Cys,0.8392125808688571,0.0789674269753966,4
urn:mavedb:00000096-b-1#4283,,,p.His105Gln,0.5762627092240971,0.918990912556527,4
urn:mavedb:00000096-b-1#4284,,,p.His105Glu,0.976840239546158,0.0945993197231931,4
urn:mavedb:00000096-b-1#4285,,,p.His105Gly,0.704565462993357,0.124521577643347,8
urn:mavedb:00000096-b-1#4286,,,p.His105Ile,1.05485377258947,0.0698002560277677,4
urn:mavedb:00000096-b-1#4287,,,p.His105Leu,0.828969218955001,0.2299191133555199,12
urn:mavedb:00000096-b-1#4288,,,p.His105Lys,1.27746715691483,0.065331371565728,4
urn:mavedb:00000096-b-1#4289,,,p.His105Met,0.122609873731584,0.155905792996148,4
urn:mavedb:00000096-b-1#4290,,,p.His105Phe,0.9007422437098108,0.489559056245384,4
urn:mavedb:00000096-b-1#4291,,,p.His105Pro,0.2971536688217,0.325544812385615,8
urn:mavedb:00000096-b-1#4292,,,p.His105Ser,0.760179931769325,0.205575663237866,12
urn:mavedb:00000096-b-1#4293,,,p.His105Ter,-0.1460206482765459,0.145805236991134,4
urn:mavedb:00000096-b-1#4294,,,p.His105Thr,1.08471462649211,0.300977676597599,8
urn:mavedb:00000096-b-1#4295,,,p.His105Trp,0.8953894670361149,0.173992654816278,4
urn:mavedb:00000096-b-1#4296,,,p.His105Tyr,0.954301862261996,0.203283356002388,4
urn:mavedb:00000096-b-1#4297,,,p.His105Val,0.7315227173698391,0.2444472277082169,8
urn:mavedb:00000096-b-1#4298,,,p.His137=,1.14412471508974,0.824163347029484,4
urn:mavedb:00000096-b-1#4299,,,p.His137Ala,0.8418907621575129,0.151413066239682,8
urn:mavedb:00000096-b-1#4300,,,p.His137Arg,0.770528653181375,0.280744278634173,12
urn:mavedb:00000096-b-1#4301,,,p.His137Asn,-0.209889040049025,1.28085954254687,4
urn:mavedb:00000096-b-1#4302,,,p.His137Asp,0.437379587077932,0.507215399940746,4
urn:mavedb:00000096-b-1#4303,,,p.His137Cys,0.8990050156005479,0.116436002339335,4
urn:mavedb:00000096-b-1#4304,,,p.His137Gln,0.8864729630519159,0.0981421589781028,4
urn:mavedb:00000096-b-1#4305,,,p.His137Glu,0.7799505882892109,0.0945791538220216,4
urn:mavedb:00000096-b-1#4306,,,p.His137Gly,0.569092578874086,0.105893049937288,8
urn:mavedb:00000096-b-1#4307,,,p.His137Ile,0.540597120407596,0.180592915544754,4
urn:mavedb:00000096-b-1#4308,,,p.His137Leu,0.840679854411611,0.177070249408936,12
urn:mavedb:00000096-b-1#4309,,,p.His137Lys,0.984325894000938,0.494393740527671,4
urn:mavedb:00000096-b-1#4310,,,p.His137Met,0.8968759799774579,0.0685091439517879,4
urn:mavedb:00000096-b-1#4311,,,p.His137Phe,0.676831077467657,0.221465775150792,4
urn:mavedb:00000096-b-1#4312,,,p.His137Pro,0.14620391811594,0.401949999901861,8
urn:mavedb:00000096-b-1#4313,,,p.His137Ser,0.8452046753696311,0.184645760988443,12
urn:mavedb:00000096-b-1#4314,,,p.His137Ter,-0.6011053014864611,0.266462655769293,4
urn:mavedb:00000096-b-1#4315,,,p.His137Thr,0.525194901256422,0.3283500314092319,8
urn:mavedb:00000096-b-1#4316,,,p.His137Trp,0.76234976136932,0.0751850744303221,4
urn:mavedb:00000096-b-1#4317,,,p.His137Tyr,1.02120623723156,0.8034006608470731,4
urn:mavedb:00000096-b-1#4318,,,p.His137Val,0.8370106311129829,0.148449276187772,8
urn:mavedb:00000096-b-1#4319,,,p.His141=,1.55466243664064,0.6167797859348721,4
urn:mavedb:00000096-b-1#4320,,,p.His141Ala,0.8725732025313921,0.1243311899501719,8
urn:mavedb:00000096-b-1#4321,,,p.His141Arg,0.895166657691404,0.129404332819723,12
urn:mavedb:00000096-b-1#4322,,,p.His141Asn,0.912527563053287,0.131447907580497,4
urn:mavedb:00000096-b-1#4323,,,p.His141Asp,1.07202709939235,0.118506721794569,4
urn:mavedb:00000096-b-1#4324,,,p.His141Cys,0.907118260837794,0.0507933886643737,4
urn:mavedb:00000096-b-1#4325,,,p.His141Gln,0.983923196299471,0.0662015995955451,4
urn:mavedb:00000096-b-1#4326,,,p.His141Glu,0.5854710111400799,0.387776161684271,4
urn:mavedb:00000096-b-1#4327,,,p.His141Gly,0.966075582533571,0.0867458718958363,8
urn:mavedb:00000096-b-1#4328,,,p.His141Ile,0.556288820072589,0.0691452784782712,4
urn:mavedb:00000096-b-1#4329,,,p.His141Leu,0.863187635321082,0.215892954914025,8
urn:mavedb:00000096-b-1#4330,,,p.His141Lys,0.988001343129351,0.148732648984029,4
urn:mavedb:00000096-b-1#4331,,,p.His141Met,0.7969749531470941,0.0790413005434834,4
urn:mavedb:00000096-b-1#4332,,,p.His141Phe,0.753716589543888,0.0444073102750517,4
urn:mavedb:00000096-b-1#4333,,,p.His141Pro,0.908185884138394,0.1729371977228089,8
urn:mavedb:00000096-b-1#4334,,,p.His141Ser,0.8319013053245919,0.0802493970598558,8
urn:mavedb:00000096-b-1#4335,,,p.His141Ter,0.0006582829603375,0.113411319839321,4
urn:mavedb:00000096-b-1#4336,,,p.His141Thr,0.750388368172352,0.14747459119191,8
urn:mavedb:00000096-b-1#4337,,,p.His141Trp,0.878319003789587,0.0760776654187368,4
urn:mavedb:00000096-b-1#4338,,,p.His141Tyr,0.956809978382191,0.0693653688833268,4
urn:mavedb:00000096-b-1#4339,,,p.His141Val,0.8894969482087,0.139010166180017,8
urn:mavedb:00000096-b-1#4340,,,p.His156=,0.553605406238275,1.16553681889729,4
urn:mavedb:00000096-b-1#4341,,,p.His156Ala,0.7384806752772041,0.124671692479339,8
urn:mavedb:00000096-b-1#4342,,,p.His156Arg,1.00689980623532,0.12505732148822,12
urn:mavedb:00000096-b-1#4343,,,p.His156Asn,0.5421695945370499,0.414837103494842,4
urn:mavedb:00000096-b-1#4344,,,p.His156Asp,0.9607935781686708,0.0913515109643127,4
urn:mavedb:00000096-b-1#4345,,,p.His156Cys,0.822427268474906,0.136117791175458,4
urn:mavedb:00000096-b-1#4346,,,p.His156Gln,0.8406677388004159,0.1535341653734119,4
urn:mavedb:00000096-b-1#4347,,,p.His156Gly,1.05600304299262,0.0972422460399905,8
urn:mavedb:00000096-b-1#4348,,,p.His156Ile,0.533341063537501,0.0972275371283525,4
urn:mavedb:00000096-b-1#4349,,,p.His156Leu,0.7718449186461669,0.192673284455976,12
urn:mavedb:00000096-b-1#4350,,,p.His156Lys,0.876893120350476,0.701553704778309,4
urn:mavedb:00000096-b-1#4351,,,p.His156Met,0.986672878308253,0.0589456195388854,4
urn:mavedb:00000096-b-1#4352,,,p.His156Phe,0.6994948513691729,0.0570936516691951,4
urn:mavedb:00000096-b-1#4353,,,p.His156Pro,0.919969681861557,0.0857833854951803,4
urn:mavedb:00000096-b-1#4354,,,p.His156Ser,0.870294875512605,0.177646040816122,12
urn:mavedb:00000096-b-1#4355,,,p.His156Ter,-0.0243649839328889,0.162418618830708,4
urn:mavedb:00000096-b-1#4356,,,p.His156Thr,1.1390802929859198,0.2561145557739849,8
urn:mavedb:00000096-b-1#4357,,,p.His156Trp,1.01423101996855,0.0565779816345494,4
urn:mavedb:00000096-b-1#4358,,,p.His156Tyr,1.06342833511834,0.108193095944894,4
urn:mavedb:00000096-b-1#4359,,,p.His156Val,0.8716073412197758,0.116148166258274,8
urn:mavedb:00000096-b-1#4360,,,p.His218=,1.37266913192398,0.173941072798424,4
urn:mavedb:00000096-b-1#4361,,,p.His218Ala,0.988977153452162,0.170895836907815,8
urn:mavedb:00000096-b-1#4362,,,p.His218Arg,0.839588451130948,0.216845815988182,12
urn:mavedb:00000096-b-1#4363,,,p.His218Asn,0.657255731598563,0.605278280533171,4
urn:mavedb:00000096-b-1#4364,,,p.His218Asp,0.8770380359119159,0.1038320348676049,4
urn:mavedb:00000096-b-1#4365,,,p.His218Cys,0.8857031785549492,0.0524435464202876,4
urn:mavedb:00000096-b-1#4366,,,p.His218Gln,0.926929949140921,0.0737563518467708,4
urn:mavedb:00000096-b-1#4367,,,p.His218Glu,0.954503466238222,0.48790781812023,4
urn:mavedb:00000096-b-1#4368,,,p.His218Gly,0.4927553999945029,0.0795988779243908,8
urn:mavedb:00000096-b-1#4369,,,p.His218Ile,0.781338001135803,0.290928849906673,4
urn:mavedb:00000096-b-1#4370,,,p.His218Leu,0.5128510717696839,0.3991229676493729,12
urn:mavedb:00000096-b-1#4371,,,p.His218Lys,1.19266976551243,0.174600137076138,4
urn:mavedb:00000096-b-1#4372,,,p.His218Met,0.6720912410263941,0.0921292047473553,4
urn:mavedb:00000096-b-1#4373,,,p.His218Phe,0.5599822115622719,0.0703744509629516,4
urn:mavedb:00000096-b-1#4374,,,p.His218Pro,0.8749745007804229,0.306663989458288,8
urn:mavedb:00000096-b-1#4375,,,p.His218Ser,0.8462846346873141,0.320316924030903,4
urn:mavedb:00000096-b-1#4376,,,p.His218Ter,-0.476525284678433,0.456643544804623,4
urn:mavedb:00000096-b-1#4377,,,p.His218Thr,0.7518924720320509,0.192730287160153,8
urn:mavedb:00000096-b-1#4378,,,p.His218Trp,0.3672568181624099,0.0782221964532756,4
urn:mavedb:00000096-b-1#4379,,,p.His218Tyr,0.9928969674614948,0.1988857854041419,4
urn:mavedb:00000096-b-1#4380,,,p.His218Val,0.663979636904259,0.202433739200696,8
urn:mavedb:00000096-b-1#4381,,,p.His317=,1.35520857289213,0.3964386011325639,4
urn:mavedb:00000096-b-1#4382,,,p.His317Ala,1.01992401633849,0.166745069924235,8
urn:mavedb:00000096-b-1#4383,,,p.His317Arg,0.82104800932511,0.297503380875769,12
urn:mavedb:00000096-b-1#4384,,,p.His317Asn,0.790272972807256,0.7626692636338229,4
urn:mavedb:00000096-b-1#4385,,,p.His317Asp,1.4522546878921898,0.0979479986330212,4
urn:mavedb:00000096-b-1#4386,,,p.His317Cys,0.76168561466884,0.0842517656556255,4
urn:mavedb:00000096-b-1#4387,,,p.His317Gln,0.973639101364237,0.083635356309521,4
urn:mavedb:00000096-b-1#4388,,,p.His317Glu,1.10443573503079,0.252486527309173,4
urn:mavedb:00000096-b-1#4389,,,p.His317Gly,1.09163041526558,0.140859943963533,8
urn:mavedb:00000096-b-1#4390,,,p.His317Ile,1.1410206420153002,0.0533970724048359,4
urn:mavedb:00000096-b-1#4391,,,p.His317Leu,0.8588452251099129,0.15243186931171,12
urn:mavedb:00000096-b-1#4392,,,p.His317Lys,0.799427765546386,0.091306212042437,4
urn:mavedb:00000096-b-1#4393,,,p.His317Met,0.80937965170977,0.123198008147273,4
urn:mavedb:00000096-b-1#4394,,,p.His317Phe,0.870832138620279,0.50683788193836,4
urn:mavedb:00000096-b-1#4395,,,p.His317Pro,0.7600089006282049,0.25687458833279,8
urn:mavedb:00000096-b-1#4396,,,p.His317Ser,0.964848858627172,0.253291018514963,12
urn:mavedb:00000096-b-1#4397,,,p.His317Ter,0.1553867235130669,0.180735573181151,4
urn:mavedb:00000096-b-1#4398,,,p.His317Thr,1.30233396778474,0.288784542362926,4
urn:mavedb:00000096-b-1#4399,,,p.His317Trp,0.830221239315847,0.1935763381684589,4
urn:mavedb:00000096-b-1#4400,,,p.His317Tyr,0.944597991421585,0.270504174355167,4
urn:mavedb:00000096-b-1#4401,,,p.His317Val,0.842544562808322,0.144793571659824,4
urn:mavedb:00000096-b-1#4402,,,p.His380=,1.42303539267878,0.543780249375238,4
urn:mavedb:00000096-b-1#4403,,,p.His380Ala,1.21871002101034,0.129771804094675,4
urn:mavedb:00000096-b-1#4404,,,p.His380Arg,0.925905328505412,0.117106080477001,12
urn:mavedb:00000096-b-1#4405,,,p.His380Asn,1.01405084351205,0.130195430752549,4
urn:mavedb:00000096-b-1#4406,,,p.His380Asp,0.963838782797421,0.166579585015969,4
urn:mavedb:00000096-b-1#4407,,,p.His380Cys,0.8163901571074599,0.175889404432908,4
urn:mavedb:00000096-b-1#4408,,,p.His380Gln,1.01053979036803,0.0536411874560739,4
urn:mavedb:00000096-b-1#4409,,,p.His380Glu,1.0133092963861898,0.284393989670065,4
urn:mavedb:00000096-b-1#4410,,,p.His380Gly,1.0339212610619302,0.0791514054035159,8
urn:mavedb:00000096-b-1#4411,,,p.His380Ile,0.866932825568365,0.0817932678988656,4
urn:mavedb:00000096-b-1#4412,,,p.His380Leu,0.938907570768776,0.108914267456012,8
urn:mavedb:00000096-b-1#4413,,,p.His380Lys,1.09553649370387,0.0741494794606225,4
urn:mavedb:00000096-b-1#4414,,,p.His380Met,0.976534899247546,0.101065101901433,4
urn:mavedb:00000096-b-1#4415,,,p.His380Phe,0.9732088393341768,0.0680096575508902,4
urn:mavedb:00000096-b-1#4416,,,p.His380Pro,0.083517523162093,0.515748245929952,8
urn:mavedb:00000096-b-1#4417,,,p.His380Ser,0.8718591531645441,0.149394097774707,12
urn:mavedb:00000096-b-1#4418,,,p.His380Ter,0.0681197143039099,0.3670766880052399,4
urn:mavedb:00000096-b-1#4419,,,p.His380Thr,1.00505356336668,0.130701303170823,4
urn:mavedb:00000096-b-1#4420,,,p.His380Trp,0.977585822261845,0.0436534825503866,4
urn:mavedb:00000096-b-1#4421,,,p.His380Tyr,0.869726977091979,0.0877072064137425,4
urn:mavedb:00000096-b-1#4422,,,p.His380Val,0.940445201461155,0.327066252738325,8
urn:mavedb:00000096-b-1#4423,,,p.His416=,0.8248466519023241,0.206721090649788,4
urn:mavedb:00000096-b-1#4424,,,p.His416Ala,0.4884622584339779,0.314526989092478,8
urn:mavedb:00000096-b-1#4425,,,p.His416Arg,0.7066458494858759,0.368305822139917,12
urn:mavedb:00000096-b-1#4426,,,p.His416Asp,0.875627554881598,0.50406771697428,4
urn:mavedb:00000096-b-1#4427,,,p.His416Cys,0.872984724668662,0.0815465353240475,4
urn:mavedb:00000096-b-1#4428,,,p.His416Gln,0.604837001155964,0.247021464522946,4
urn:mavedb:00000096-b-1#4429,,,p.His416Glu,0.436722504135651,0.453114031422542,4
urn:mavedb:00000096-b-1#4430,,,p.His416Gly,0.4443320871904749,0.222480163697734,8
urn:mavedb:00000096-b-1#4431,,,p.His416Ile,0.7124182162569821,0.0992165260790239,4
urn:mavedb:00000096-b-1#4432,,,p.His416Leu,0.906554428192494,0.244792315334576,8
urn:mavedb:00000096-b-1#4433,,,p.His416Lys,-0.0359742731476989,0.551382164325043,4
urn:mavedb:00000096-b-1#4434,,,p.His416Met,0.627263907829147,0.127454380566742,4
urn:mavedb:00000096-b-1#4435,,,p.His416Phe,1.12992205526098,0.128446021477335,4
urn:mavedb:00000096-b-1#4436,,,p.His416Pro,0.509159695694269,0.262021383369025,8
urn:mavedb:00000096-b-1#4437,,,p.His416Ser,0.818245405562112,0.5641770645741321,12
urn:mavedb:00000096-b-1#4438,,,p.His416Ter,-0.9419692748450832,0.350469803208897,4
urn:mavedb:00000096-b-1#4439,,,p.His416Thr,0.373336913298869,0.395188723544104,8
urn:mavedb:00000096-b-1#4440,,,p.His416Trp,0.9286336725154972,0.21100579095914,4
urn:mavedb:00000096-b-1#4441,,,p.His416Tyr,0.959079207434364,0.175783209000731,4
urn:mavedb:00000096-b-1#4442,,,p.His416Val,0.8400889841418872,0.193863072749337,8
urn:mavedb:00000096-b-1#4443,,,p.His424Ala,0.943461592436254,0.502943738568908,8
urn:mavedb:00000096-b-1#4444,,,p.His424Arg,0.6383220209310551,0.3298182447695869,12
urn:mavedb:00000096-b-1#4445,,,p.His424Asn,0.3890526029758039,0.9671872606681372,4
urn:mavedb:00000096-b-1#4446,,,p.His424Cys,0.856171202229914,0.140898369072086,4
urn:mavedb:00000096-b-1#4447,,,p.His424Gln,0.648456344444704,0.247635042249398,4
urn:mavedb:00000096-b-1#4448,,,p.His424Gly,0.8337067790630759,0.7226756035335459,8
urn:mavedb:00000096-b-1#4449,,,p.His424Ile,0.859056437747226,0.0770796111525532,4
urn:mavedb:00000096-b-1#4450,,,p.His424Leu,0.489120594494297,0.7363458176334851,12
urn:mavedb:00000096-b-1#4451,,,p.His424Lys,1.20978841879613,0.369951015790803,4
urn:mavedb:00000096-b-1#4452,,,p.His424Met,0.846810000685042,0.536960785858735,4
urn:mavedb:00000096-b-1#4453,,,p.His424Phe,1.03718120952014,0.1947326113984989,4
urn:mavedb:00000096-b-1#4454,,,p.His424Pro,0.3329433622663389,0.5766584036111221,8
urn:mavedb:00000096-b-1#4455,,,p.His424Ser,0.882198231686264,0.245145399801968,12
urn:mavedb:00000096-b-1#4456,,,p.His424Ter,-0.0092193315482984,0.31306906389403,4
urn:mavedb:00000096-b-1#4457,,,p.His424Thr,0.993903030437982,0.483868234847112,8
urn:mavedb:00000096-b-1#4458,,,p.His424Trp,0.942317288336316,0.525514971051046,4
urn:mavedb:00000096-b-1#4459,,,p.His424Tyr,0.8996871367413901,0.157916583807119,4
urn:mavedb:00000096-b-1#4460,,,p.His424Val,0.134341527565881,0.443106600444176,8
urn:mavedb:00000096-b-1#4461,,,p.His50Ala,0.5024099617961261,0.198473109584862,8
urn:mavedb:00000096-b-1#4462,,,p.His50Arg,1.2125098260994098,0.276795893871789,12
urn:mavedb:00000096-b-1#4463,,,p.His50Asn,0.450598984180876,0.7061960676128951,4
urn:mavedb:00000096-b-1#4464,,,p.His50Asp,0.556743323135646,0.517203117340424,4
urn:mavedb:00000096-b-1#4465,,,p.His50Cys,0.815419034777138,0.4613723889785759,4
urn:mavedb:00000096-b-1#4466,,,p.His50Gln,1.04207679654744,0.520809914283401,4
urn:mavedb:00000096-b-1#4467,,,p.His50Glu,0.931969188807144,0.11959520879362,4
urn:mavedb:00000096-b-1#4468,,,p.His50Gly,0.4196061241208421,0.141207070272223,8
urn:mavedb:00000096-b-1#4469,,,p.His50Ile,0.959467987823578,0.0735972734298642,4
urn:mavedb:00000096-b-1#4470,,,p.His50Leu,0.575380503189839,0.234434196917991,12
urn:mavedb:00000096-b-1#4471,,,p.His50Lys,0.714961497408966,0.145540323871544,4
urn:mavedb:00000096-b-1#4472,,,p.His50Met,0.928704575430004,0.0712637361471647,4
urn:mavedb:00000096-b-1#4473,,,p.His50Phe,0.417320739478349,0.0984578273648983,4
urn:mavedb:00000096-b-1#4474,,,p.His50Pro,0.3922679251573179,0.539935452963464,8
urn:mavedb:00000096-b-1#4475,,,p.His50Ser,0.23858436480937,0.4038486284791671,12
urn:mavedb:00000096-b-1#4476,,,p.His50Ter,-0.300773564874463,0.59157097102041,4
urn:mavedb:00000096-b-1#4477,,,p.His50Thr,0.7867997124739692,0.357499564307064,8
urn:mavedb:00000096-b-1#4478,,,p.His50Trp,0.8313332455501009,0.0665699166573296,4
urn:mavedb:00000096-b-1#4479,,,p.His50Tyr,0.997007474458124,0.180836615359258,4
urn:mavedb:00000096-b-1#4480,,,p.His50Val,0.865074960960389,0.190932839405493,8
urn:mavedb:00000096-b-1#4481,,,p.Ile110=,0.9487461320015708,0.143663503165345,4
urn:mavedb:00000096-b-1#4482,,,p.Ile110Ala,0.18964835990849,0.260816418721749,8
urn:mavedb:00000096-b-1#4483,,,p.Ile110Arg,0.3620194962102,0.3056530953029939,12
urn:mavedb:00000096-b-1#4484,,,p.Ile110Asn,-0.1028761384004459,0.216587347021762,4
urn:mavedb:00000096-b-1#4485,,,p.Ile110Asp,-0.269311407246474,0.6923484952288971,4
urn:mavedb:00000096-b-1#4486,,,p.Ile110Cys,1.06499434477678,0.079134139300237,4
urn:mavedb:00000096-b-1#4487,,,p.Ile110Gln,0.65123973228006,0.10700773224056,4
urn:mavedb:00000096-b-1#4488,,,p.Ile110Glu,0.0257144317495663,0.546219392876525,4
urn:mavedb:00000096-b-1#4489,,,p.Ile110Gly,0.132580256090572,0.1287012908860769,8
urn:mavedb:00000096-b-1#4490,,,p.Ile110His,-0.076070542642614,0.178010420555093,4
urn:mavedb:00000096-b-1#4491,,,p.Ile110Leu,0.9773401874314128,0.116254056158458,12
urn:mavedb:00000096-b-1#4492,,,p.Ile110Lys,-0.23726294364043,0.419494764653226,4
urn:mavedb:00000096-b-1#4493,,,p.Ile110Met,0.9665191882021992,0.0935764126139646,4
urn:mavedb:00000096-b-1#4494,,,p.Ile110Phe,0.793642265424133,0.0966252854596997,4
urn:mavedb:00000096-b-1#4495,,,p.Ile110Pro,0.586304380334425,0.296512849248171,8
urn:mavedb:00000096-b-1#4496,,,p.Ile110Ser,0.34624167477711,0.27192709657184,12
urn:mavedb:00000096-b-1#4497,,,p.Ile110Ter,0.457175099122547,0.551354828776087,4
urn:mavedb:00000096-b-1#4498,,,p.Ile110Thr,0.490502288439135,0.299298243948388,8
urn:mavedb:00000096-b-1#4499,,,p.Ile110Trp,0.699025587253374,0.196496458572648,4
urn:mavedb:00000096-b-1#4500,,,p.Ile110Tyr,0.627393068697326,0.184159343126034,4
urn:mavedb:00000096-b-1#4501,,,p.Ile110Val,0.8469131879177909,0.345948695503245,8
urn:mavedb:00000096-b-1#4502,,,p.Ile126=,0.7459922485327909,0.4687320417728279,4
urn:mavedb:00000096-b-1#4503,,,p.Ile126Ala,0.611986119916073,0.2471964981029649,8
urn:mavedb:00000096-b-1#4504,,,p.Ile126Arg,-0.118628871928678,0.636998655917545,12
urn:mavedb:00000096-b-1#4505,,,p.Ile126Asn,0.136988582366893,0.5502394695528809,4
urn:mavedb:00000096-b-1#4506,,,p.Ile126Asp,-0.0528444468649326,0.642410054725644,4
urn:mavedb:00000096-b-1#4507,,,p.Ile126Cys,0.7890106778128091,0.8826861752362679,4
urn:mavedb:00000096-b-1#4508,,,p.Ile126Gln,0.182479757976356,0.163625274158801,4
urn:mavedb:00000096-b-1#4509,,,p.Ile126Glu,-0.244807397863635,0.507809505787058,4
urn:mavedb:00000096-b-1#4510,,,p.Ile126Gly,0.0983917601921615,0.2051666808976889,8
urn:mavedb:00000096-b-1#4511,,,p.Ile126His,0.0714486612844454,0.177057482064617,4
urn:mavedb:00000096-b-1#4512,,,p.Ile126Leu,0.8302690510039291,0.1523648895360619,12
urn:mavedb:00000096-b-1#4513,,,p.Ile126Lys,0.215400525599187,0.190720333938837,4
urn:mavedb:00000096-b-1#4514,,,p.Ile126Met,0.407875582744777,0.996766436583237,4
urn:mavedb:00000096-b-1#4515,,,p.Ile126Phe,1.1669720363229,0.0995732677855249,4
urn:mavedb:00000096-b-1#4516,,,p.Ile126Pro,-0.363386506508455,0.53404970991383,8
urn:mavedb:00000096-b-1#4517,,,p.Ile126Ser,-0.2645940737719369,0.269152056147201,12
urn:mavedb:00000096-b-1#4518,,,p.Ile126Ter,0.6393880231750351,0.973068227253206,4
urn:mavedb:00000096-b-1#4519,,,p.Ile126Thr,0.5863046975202559,0.7254591111256741,12
urn:mavedb:00000096-b-1#4520,,,p.Ile126Trp,0.278615688175068,0.328342164141617,4
urn:mavedb:00000096-b-1#4521,,,p.Ile126Tyr,0.317012977550587,0.150419070970707,4
urn:mavedb:00000096-b-1#4522,,,p.Ile126Val,0.726448623198234,0.261165040361872,12
urn:mavedb:00000096-b-1#4523,,,p.Ile130=,0.8705835794662641,0.5616666770018139,8
urn:mavedb:00000096-b-1#4524,,,p.Ile130Ala,0.6635294833888511,0.1691149383328919,8
urn:mavedb:00000096-b-1#4525,,,p.Ile130Arg,0.002700843964722,0.3311353472160029,12
urn:mavedb:00000096-b-1#4526,,,p.Ile130Asn,-0.3194802071027819,0.42986301815036,4
urn:mavedb:00000096-b-1#4527,,,p.Ile130Asp,-0.041264403775228,0.202531819021897,4
urn:mavedb:00000096-b-1#4528,,,p.Ile130Cys,0.7521144536790291,0.1720960286673659,4
urn:mavedb:00000096-b-1#4529,,,p.Ile130Gln,0.3511265303516711,0.367650669666481,4
urn:mavedb:00000096-b-1#4530,,,p.Ile130Glu,0.1194550122427,0.260045173551153,4
urn:mavedb:00000096-b-1#4531,,,p.Ile130Gly,0.0263885538464382,0.2406857047871509,8
urn:mavedb:00000096-b-1#4532,,,p.Ile130His,-0.13090812752654,0.606837934791292,4
urn:mavedb:00000096-b-1#4533,,,p.Ile130Leu,0.846205019976407,0.364551143954932,12
urn:mavedb:00000096-b-1#4534,,,p.Ile130Lys,-0.1888846951574599,0.215595989684355,4
urn:mavedb:00000096-b-1#4535,,,p.Ile130Met,0.7448388219050291,0.413768430132536,4
urn:mavedb:00000096-b-1#4536,,,p.Ile130Phe,0.4800362237087329,0.1253439414948459,4
urn:mavedb:00000096-b-1#4537,,,p.Ile130Pro,-0.105142920842209,0.392463722282657,8
urn:mavedb:00000096-b-1#4538,,,p.Ile130Ser,0.1955796206972679,0.458992179755209,12
urn:mavedb:00000096-b-1#4539,,,p.Ile130Ter,-0.144919311054432,0.151238157835012,4
urn:mavedb:00000096-b-1#4540,,,p.Ile130Thr,0.4818756524261169,0.452279521618986,8
urn:mavedb:00000096-b-1#4541,,,p.Ile130Trp,0.51538724520624,0.239938344025058,4
urn:mavedb:00000096-b-1#4542,,,p.Ile130Tyr,0.356414988427089,0.115657720968804,4
urn:mavedb:00000096-b-1#4543,,,p.Ile130Val,0.85492082681199,0.122723630970141,8
urn:mavedb:00000096-b-1#4544,,,p.Ile159=,0.880310733425705,0.142218783291624,4
urn:mavedb:00000096-b-1#4545,,,p.Ile159Ala,0.856172536190586,0.2083933565230719,8
urn:mavedb:00000096-b-1#4546,,,p.Ile159Arg,1.12024070009718,0.125373057982244,12
urn:mavedb:00000096-b-1#4547,,,p.Ile159Asn,0.766335517401801,0.329657272999794,4
urn:mavedb:00000096-b-1#4548,,,p.Ile159Asp,1.1487714069226,0.165047465419096,4
urn:mavedb:00000096-b-1#4549,,,p.Ile159Cys,1.0506080091584,0.0436206310801904,4
urn:mavedb:00000096-b-1#4550,,,p.Ile159Gln,0.701453644390146,0.125892526768856,4
urn:mavedb:00000096-b-1#4551,,,p.Ile159Glu,1.09881969094626,0.150818405046867,4
urn:mavedb:00000096-b-1#4552,,,p.Ile159Gly,1.17422877544172,0.157071647162974,8
urn:mavedb:00000096-b-1#4553,,,p.Ile159His,0.943907306426784,0.225021735003375,4
urn:mavedb:00000096-b-1#4554,,,p.Ile159Leu,1.00680243872743,0.1360359284911799,12
urn:mavedb:00000096-b-1#4555,,,p.Ile159Lys,1.23726079760107,0.58610977157814,4
urn:mavedb:00000096-b-1#4556,,,p.Ile159Met,0.7938958990937991,0.120685678783673,4
urn:mavedb:00000096-b-1#4557,,,p.Ile159Pro,0.888242715282511,0.1908815759214669,8
urn:mavedb:00000096-b-1#4558,,,p.Ile159Ser,1.16229620467207,0.0873877541860601,8
urn:mavedb:00000096-b-1#4559,,,p.Ile159Ter,-0.223840379696591,0.135406641415759,4
urn:mavedb:00000096-b-1#4560,,,p.Ile159Thr,1.16700889222342,0.6241312780543871,8
urn:mavedb:00000096-b-1#4561,,,p.Ile159Tyr,0.953963173570985,0.174572400465521,4
urn:mavedb:00000096-b-1#4562,,,p.Ile159Val,1.1176613176154,0.182290560404221,12
urn:mavedb:00000096-b-1#4563,,,p.Ile163=,0.89644325490815,0.0876559886323994,4
urn:mavedb:00000096-b-1#4564,,,p.Ile163Ala,0.961133343790564,0.0791046136587184,8
urn:mavedb:00000096-b-1#4565,,,p.Ile163Arg,1.04199869393675,0.0955776803294488,12
urn:mavedb:00000096-b-1#4566,,,p.Ile163Asn,1.09589683920271,0.0484516944955636,4
urn:mavedb:00000096-b-1#4567,,,p.Ile163Asp,1.17340521279559,0.18642103037628,4
urn:mavedb:00000096-b-1#4568,,,p.Ile163Cys,1.09802292855419,0.041420350113876,4
urn:mavedb:00000096-b-1#4569,,,p.Ile163Gln,1.2789827461862802,0.0496125599705781,4
urn:mavedb:00000096-b-1#4570,,,p.Ile163Glu,1.1195710551383402,0.18364559069248,4
urn:mavedb:00000096-b-1#4571,,,p.Ile163Gly,1.12268262791563,0.102973577584808,8
urn:mavedb:00000096-b-1#4572,,,p.Ile163His,1.07462642583541,0.162586247094086,4
urn:mavedb:00000096-b-1#4573,,,p.Ile163Leu,1.1283813529541498,0.189462731707963,16
urn:mavedb:00000096-b-1#4574,,,p.Ile163Lys,0.945475581167322,0.306245189544847,4
urn:mavedb:00000096-b-1#4575,,,p.Ile163Met,1.10456425905976,0.187000249991656,4
urn:mavedb:00000096-b-1#4576,,,p.Ile163Phe,1.10265580162247,0.0530065793210269,4
urn:mavedb:00000096-b-1#4577,,,p.Ile163Pro,1.02437101524677,0.19361266588907,8
urn:mavedb:00000096-b-1#4578,,,p.Ile163Ser,1.10256910008646,0.1668203541708509,12
urn:mavedb:00000096-b-1#4579,,,p.Ile163Ter,0.128503659572137,0.0947324150818636,4
urn:mavedb:00000096-b-1#4580,,,p.Ile163Thr,0.973166450029936,0.165446763115019,8
urn:mavedb:00000096-b-1#4581,,,p.Ile163Trp,0.9210924854761272,0.0630929073739929,4
urn:mavedb:00000096-b-1#4582,,,p.Ile163Tyr,1.07114456742831,0.0539823100140712,4
urn:mavedb:00000096-b-1#4583,,,p.Ile163Val,1.11802041301992,0.0511504933087782,8
urn:mavedb:00000096-b-1#4584,,,p.Ile189Ala,0.7205836608827969,0.1648544496359069,8
urn:mavedb:00000096-b-1#4585,,,p.Ile189Arg,0.434663528266246,0.183078087420469,12
urn:mavedb:00000096-b-1#4586,,,p.Ile189Asn,0.5230128901354989,0.595386252111077,4
urn:mavedb:00000096-b-1#4587,,,p.Ile189Asp,0.6685532868887939,0.56105877046445,4
urn:mavedb:00000096-b-1#4588,,,p.Ile189Cys,0.993196095287904,0.149748180196209,4
urn:mavedb:00000096-b-1#4589,,,p.Ile189Gln,0.290208190537231,0.139543685386878,4
urn:mavedb:00000096-b-1#4590,,,p.Ile189Glu,0.302097723556676,0.123068781117172,4
urn:mavedb:00000096-b-1#4591,,,p.Ile189Gly,0.840545801018022,0.0809562395643589,8
urn:mavedb:00000096-b-1#4592,,,p.Ile189His,0.877548813830078,0.1055055187543319,4
urn:mavedb:00000096-b-1#4593,,,p.Ile189Leu,0.97853185799456,0.19701079786766,12
urn:mavedb:00000096-b-1#4594,,,p.Ile189Lys,0.625799268205396,0.612587304367859,4
urn:mavedb:00000096-b-1#4595,,,p.Ile189Met,0.991661092355316,0.0606000858908616,4
urn:mavedb:00000096-b-1#4596,,,p.Ile189Phe,1.03527429178705,0.0563733314821354,4
urn:mavedb:00000096-b-1#4597,,,p.Ile189Pro,0.328035282901507,0.483121023924212,8
urn:mavedb:00000096-b-1#4598,,,p.Ile189Ser,0.9169384842588209,0.215302544985345,12
urn:mavedb:00000096-b-1#4599,,,p.Ile189Ter,-0.0023603107714374,0.3124898027640819,4
urn:mavedb:00000096-b-1#4600,,,p.Ile189Thr,0.678523316306054,0.1773523480372939,4
urn:mavedb:00000096-b-1#4601,,,p.Ile189Trp,0.994391902737902,0.085555134594298,4
urn:mavedb:00000096-b-1#4602,,,p.Ile189Tyr,0.974749693445354,0.0448166644273605,4
urn:mavedb:00000096-b-1#4603,,,p.Ile189Val,1.04255375426135,0.0956298353002169,8
urn:mavedb:00000096-b-1#4604,,,p.Ile19=,1.04103198219814,0.985359395464734,4
urn:mavedb:00000096-b-1#4605,,,p.Ile19Ala,0.4965283001107239,0.442659697034642,8
urn:mavedb:00000096-b-1#4606,,,p.Ile19Arg,0.994425481142248,0.233771918407173,12
urn:mavedb:00000096-b-1#4607,,,p.Ile19Asn,0.6926638598563001,0.139344154803523,4
urn:mavedb:00000096-b-1#4608,,,p.Ile19Asp,0.470733843272563,0.243568786443481,4
urn:mavedb:00000096-b-1#4609,,,p.Ile19Cys,1.05866031229281,0.10551050526687,4
urn:mavedb:00000096-b-1#4610,,,p.Ile19Gln,0.2900708800709299,0.534234520314907,4
urn:mavedb:00000096-b-1#4611,,,p.Ile19Glu,0.7857949908149799,0.256796770627723,4
urn:mavedb:00000096-b-1#4612,,,p.Ile19Gly,0.19494593730539,0.194956009565773,8
urn:mavedb:00000096-b-1#4613,,,p.Ile19His,0.713050254726298,0.303916377907904,4
urn:mavedb:00000096-b-1#4614,,,p.Ile19Leu,0.825601685856957,0.383196408170509,12
urn:mavedb:00000096-b-1#4615,,,p.Ile19Lys,0.390844757509843,0.2254991050809589,4
urn:mavedb:00000096-b-1#4616,,,p.Ile19Met,0.8849645793412081,0.931605638409439,4
urn:mavedb:00000096-b-1#4617,,,p.Ile19Phe,0.969619419445224,0.254415404880786,4
urn:mavedb:00000096-b-1#4618,,,p.Ile19Pro,0.3390524526355949,0.529330833039362,8
urn:mavedb:00000096-b-1#4619,,,p.Ile19Ser,0.583542516245733,0.503058060381419,12
urn:mavedb:00000096-b-1#4620,,,p.Ile19Ter,-0.0334386803644985,0.4957868932106121,4
urn:mavedb:00000096-b-1#4621,,,p.Ile19Thr,1.08207522267143,0.341932991381323,8
urn:mavedb:00000096-b-1#4622,,,p.Ile19Trp,1.15291570797508,0.57925969072524,4
urn:mavedb:00000096-b-1#4623,,,p.Ile19Tyr,0.272925455884738,0.2656478947025489,4
urn:mavedb:00000096-b-1#4624,,,p.Ile19Val,1.0685687752027802,0.285816324242154,8
urn:mavedb:00000096-b-1#4625,,,p.Ile211=,0.904728502705948,0.2286438358226449,4
urn:mavedb:00000096-b-1#4626,,,p.Ile211Ala,0.635451825788087,0.296705055576734,8
urn:mavedb:00000096-b-1#4627,,,p.Ile211Arg,0.209559455435591,0.7226583139389521,12
urn:mavedb:00000096-b-1#4628,,,p.Ile211Asn,0.545825628780238,0.166417556653364,4
urn:mavedb:00000096-b-1#4629,,,p.Ile211Asp,-0.131854688204458,0.2089413436035919,4
urn:mavedb:00000096-b-1#4630,,,p.Ile211Cys,0.1951654943465389,0.123468643281233,4
urn:mavedb:00000096-b-1#4631,,,p.Ile211Gln,0.219871441876993,0.1662652419203719,4
urn:mavedb:00000096-b-1#4632,,,p.Ile211Glu,0.4824046883210039,0.264349491412494,4
urn:mavedb:00000096-b-1#4633,,,p.Ile211Gly,0.175366976804448,0.569767176990687,8
urn:mavedb:00000096-b-1#4634,,,p.Ile211His,0.288112282186221,0.1695525441898119,4
urn:mavedb:00000096-b-1#4635,,,p.Ile211Leu,0.7849305717526491,0.291593785419187,12
urn:mavedb:00000096-b-1#4636,,,p.Ile211Lys,0.3578966755989939,0.100895541885138,4
urn:mavedb:00000096-b-1#4637,,,p.Ile211Met,0.9116073446544672,0.779495592983141,4
urn:mavedb:00000096-b-1#4638,,,p.Ile211Pro,0.0293042614834602,0.321629405773991,8
urn:mavedb:00000096-b-1#4639,,,p.Ile211Ser,0.435989904861335,0.370692965148076,12
urn:mavedb:00000096-b-1#4640,,,p.Ile211Ter,-0.0587896866672082,0.373527984378641,4
urn:mavedb:00000096-b-1#4641,,,p.Ile211Thr,0.352661019517404,0.294313336381076,8
urn:mavedb:00000096-b-1#4642,,,p.Ile211Trp,0.8837184889180469,0.056123240586648,4
urn:mavedb:00000096-b-1#4643,,,p.Ile211Tyr,1.09233275958295,0.12060275831933,4
urn:mavedb:00000096-b-1#4644,,,p.Ile211Val,0.842114159299871,0.079546808161975,8
urn:mavedb:00000096-b-1#4645,,,p.Ile225Ala,0.6897352177263111,0.14225625385513,8
urn:mavedb:00000096-b-1#4646,,,p.Ile225Arg,0.587054174431718,0.166781650569263,12
urn:mavedb:00000096-b-1#4647,,,p.Ile225Asn,0.9789372547491872,0.7426864375996791,4
urn:mavedb:00000096-b-1#4648,,,p.Ile225Asp,0.591147596133291,0.106428272689151,4
urn:mavedb:00000096-b-1#4649,,,p.Ile225Cys,0.693328049731976,0.0582119957945938,4
urn:mavedb:00000096-b-1#4650,,,p.Ile225Gln,0.469475079244847,0.258569415621818,4
urn:mavedb:00000096-b-1#4651,,,p.Ile225Glu,0.7134175056089058,0.0468655233584768,4
urn:mavedb:00000096-b-1#4652,,,p.Ile225Gly,0.277700197597473,0.228771590966441,8
urn:mavedb:00000096-b-1#4653,,,p.Ile225His,0.8654332193777808,0.2555765266720949,4
urn:mavedb:00000096-b-1#4654,,,p.Ile225Leu,0.7253203319153381,0.173311044296988,12
urn:mavedb:00000096-b-1#4655,,,p.Ile225Lys,0.957928758839357,0.181853080540342,4
urn:mavedb:00000096-b-1#4656,,,p.Ile225Met,0.8494971582651651,0.2126919716330989,4
urn:mavedb:00000096-b-1#4657,,,p.Ile225Phe,0.908899024420713,0.29196208047098,4
urn:mavedb:00000096-b-1#4658,,,p.Ile225Pro,-0.244013486694041,0.4615884787022979,8
urn:mavedb:00000096-b-1#4659,,,p.Ile225Ser,0.938348755671578,0.173719477737308,12
urn:mavedb:00000096-b-1#4660,,,p.Ile225Ter,0.0580602900022283,0.131046977868346,4
urn:mavedb:00000096-b-1#4661,,,p.Ile225Thr,1.03095129763371,0.0658098175738246,8
urn:mavedb:00000096-b-1#4662,,,p.Ile225Trp,1.0290762692166702,0.0510015251587911,4
urn:mavedb:00000096-b-1#4663,,,p.Ile225Tyr,0.8851428944628821,0.0389962475449387,4
urn:mavedb:00000096-b-1#4664,,,p.Ile225Val,0.7294726942361569,0.165631467760682,8
urn:mavedb:00000096-b-1#4665,,,p.Ile293=,1.2902948297931498,0.0460242325490406,4
urn:mavedb:00000096-b-1#4666,,,p.Ile293Ala,0.8120004059970211,0.273715163388624,8
urn:mavedb:00000096-b-1#4667,,,p.Ile293Arg,-0.198183382186124,0.370867850221066,12
urn:mavedb:00000096-b-1#4668,,,p.Ile293Asn,0.738068720605592,0.507920808470701,8
urn:mavedb:00000096-b-1#4669,,,p.Ile293Asp,0.0401953805578492,0.152959443047376,4
urn:mavedb:00000096-b-1#4670,,,p.Ile293Cys,0.9418777478151128,0.0799717713959659,4
urn:mavedb:00000096-b-1#4671,,,p.Ile293Gln,0.6208698778297139,0.677593271911473,4
urn:mavedb:00000096-b-1#4672,,,p.Ile293Glu,-0.210398415214838,0.4563637058078409,4
urn:mavedb:00000096-b-1#4673,,,p.Ile293Gly,0.702939923524922,0.186121900629968,8
urn:mavedb:00000096-b-1#4674,,,p.Ile293His,0.979431000269601,0.2145988118887979,4
urn:mavedb:00000096-b-1#4675,,,p.Ile293Leu,0.72611422278693,0.200152542850406,12
urn:mavedb:00000096-b-1#4676,,,p.Ile293Lys,-0.0173446215664798,0.332258197150326,4
urn:mavedb:00000096-b-1#4677,,,p.Ile293Met,1.09304010548693,0.101105686095235,4
urn:mavedb:00000096-b-1#4678,,,p.Ile293Phe,0.7279801519047908,0.0799262139019405,4
urn:mavedb:00000096-b-1#4679,,,p.Ile293Pro,-0.0110368368598678,0.255370919229525,8
urn:mavedb:00000096-b-1#4680,,,p.Ile293Ser,0.973643701549163,0.4639692241241169,8
urn:mavedb:00000096-b-1#4681,,,p.Ile293Ter,-0.153845782101516,0.3444113654643789,4
urn:mavedb:00000096-b-1#4682,,,p.Ile293Thr,1.08262202297381,0.242402032066012,12
urn:mavedb:00000096-b-1#4683,,,p.Ile293Trp,-0.0999650164963043,0.1431551636334,4
urn:mavedb:00000096-b-1#4684,,,p.Ile293Tyr,0.516372153655256,0.0974972657063403,4
urn:mavedb:00000096-b-1#4685,,,p.Ile293Val,1.01554119663731,0.202722980325375,12
urn:mavedb:00000096-b-1#4686,,,p.Ile348=,0.9002445234071991,0.073571946910047,4
urn:mavedb:00000096-b-1#4687,,,p.Ile348Ala,1.06694446132263,0.0954643124592638,4
urn:mavedb:00000096-b-1#4688,,,p.Ile348Arg,0.4018692273296679,0.159256235257951,12
urn:mavedb:00000096-b-1#4689,,,p.Ile348Asn,0.5703403910036461,0.155550049730326,4
urn:mavedb:00000096-b-1#4690,,,p.Ile348Asp,0.0467407338857229,0.114625229576226,4
urn:mavedb:00000096-b-1#4691,,,p.Ile348Cys,0.8961040924663392,0.1485744945843569,4
urn:mavedb:00000096-b-1#4692,,,p.Ile348Gln,0.6502400050200661,0.0814251465022588,4
urn:mavedb:00000096-b-1#4693,,,p.Ile348Glu,0.6592249371256379,0.0667755653708669,4
urn:mavedb:00000096-b-1#4694,,,p.Ile348Gly,0.497063413353941,0.173924563086931,8
urn:mavedb:00000096-b-1#4695,,,p.Ile348His,0.1061695412526999,0.6817191706964689,4
urn:mavedb:00000096-b-1#4696,,,p.Ile348Leu,0.8226424322191271,0.0988833067980224,8
urn:mavedb:00000096-b-1#4697,,,p.Ile348Lys,0.231673669828351,0.103654852240378,4
urn:mavedb:00000096-b-1#4698,,,p.Ile348Met,0.597045341163741,0.1141179192198909,4
urn:mavedb:00000096-b-1#4699,,,p.Ile348Phe,0.204100558762221,0.283201791095812,4
urn:mavedb:00000096-b-1#4700,,,p.Ile348Pro,0.439267768315617,0.378690226475359,8
urn:mavedb:00000096-b-1#4701,,,p.Ile348Ser,0.670337237707839,0.236546402145692,12
urn:mavedb:00000096-b-1#4702,,,p.Ile348Ter,0.136939249804326,0.0918739695452852,4
urn:mavedb:00000096-b-1#4703,,,p.Ile348Thr,0.8810928584286941,0.137834368035143,8
urn:mavedb:00000096-b-1#4704,,,p.Ile348Trp,0.3612565482669659,0.120272940630035,4
urn:mavedb:00000096-b-1#4705,,,p.Ile348Tyr,0.529084489478443,0.571237647725471,4
urn:mavedb:00000096-b-1#4706,,,p.Ile348Val,0.874624812865078,0.0763445103309277,8
urn:mavedb:00000096-b-1#4707,,,p.Ile351=,1.18137356409183,0.0752029954070184,4
urn:mavedb:00000096-b-1#4708,,,p.Ile351Ala,0.761869165516022,0.0789145868370218,4
urn:mavedb:00000096-b-1#4709,,,p.Ile351Arg,0.711587526585328,0.365548817331197,12
urn:mavedb:00000096-b-1#4710,,,p.Ile351Asn,0.545018610783823,0.138357337218917,4
urn:mavedb:00000096-b-1#4711,,,p.Ile351Asp,0.0189851636010578,0.1707199273885589,4
urn:mavedb:00000096-b-1#4712,,,p.Ile351Cys,0.967457733318118,0.0790638293316333,4
urn:mavedb:00000096-b-1#4713,,,p.Ile351Gln,0.42007240993124,0.17581026986904,4
urn:mavedb:00000096-b-1#4714,,,p.Ile351Glu,0.83160377238444,0.5522973597383511,4
urn:mavedb:00000096-b-1#4715,,,p.Ile351Gly,0.646382130097457,0.106549430917313,8
urn:mavedb:00000096-b-1#4716,,,p.Ile351His,0.0766764366313724,0.495724629656803,4
urn:mavedb:00000096-b-1#4717,,,p.Ile351Leu,0.9138503086326292,0.20700459742501,8
urn:mavedb:00000096-b-1#4718,,,p.Ile351Lys,0.4239854099287249,0.113437870128038,4
urn:mavedb:00000096-b-1#4719,,,p.Ile351Met,0.8317727959788291,0.5554291235569511,4
urn:mavedb:00000096-b-1#4720,,,p.Ile351Phe,0.5961892638429771,0.0654115616967314,4
urn:mavedb:00000096-b-1#4721,,,p.Ile351Pro,0.471902342212794,0.3331593562809439,8
urn:mavedb:00000096-b-1#4722,,,p.Ile351Ser,0.78529145661595,0.188779895892646,12
urn:mavedb:00000096-b-1#4723,,,p.Ile351Ter,-0.280394218195156,0.537668488415192,4
urn:mavedb:00000096-b-1#4724,,,p.Ile351Thr,0.6518019400569219,0.144254514506593,4
urn:mavedb:00000096-b-1#4725,,,p.Ile351Trp,0.387946857601187,0.1148974208737329,4
urn:mavedb:00000096-b-1#4726,,,p.Ile351Tyr,0.297895677053061,0.497163367880579,4
urn:mavedb:00000096-b-1#4727,,,p.Ile351Val,0.7909062792632091,0.169570617215614,8
urn:mavedb:00000096-b-1#4728,,,p.Ile366=,1.1990316091653,0.7640896811275871,4
urn:mavedb:00000096-b-1#4729,,,p.Ile366Ala,0.917101460674822,0.190076839343093,8
urn:mavedb:00000096-b-1#4730,,,p.Ile366Arg,0.838024094318915,0.146155569748993,12
urn:mavedb:00000096-b-1#4731,,,p.Ile366Asn,1.07317017791019,0.410936908656011,4
urn:mavedb:00000096-b-1#4732,,,p.Ile366Asp,0.500535610612744,0.116863708193453,4
urn:mavedb:00000096-b-1#4733,,,p.Ile366Cys,0.6540495393989499,0.0749584381616964,4
urn:mavedb:00000096-b-1#4734,,,p.Ile366Gln,0.2397588091057289,0.450922654844392,4
urn:mavedb:00000096-b-1#4735,,,p.Ile366Glu,0.435576938294506,0.1083756125761159,4
urn:mavedb:00000096-b-1#4736,,,p.Ile366Gly,0.3309242216163189,0.12281451661391,8
urn:mavedb:00000096-b-1#4737,,,p.Ile366His,0.5243816146349539,0.245246599087903,4
urn:mavedb:00000096-b-1#4738,,,p.Ile366Leu,0.9571335421216208,0.0645323722105221,8
urn:mavedb:00000096-b-1#4739,,,p.Ile366Lys,0.392571288516757,0.512057263318149,4
urn:mavedb:00000096-b-1#4740,,,p.Ile366Met,0.806584149735386,0.4374271913629879,4
urn:mavedb:00000096-b-1#4741,,,p.Ile366Phe,0.7999304988066679,0.1184032665485519,4
urn:mavedb:00000096-b-1#4742,,,p.Ile366Pro,-0.246205256947031,0.470255949942544,8
urn:mavedb:00000096-b-1#4743,,,p.Ile366Ser,0.684644165549636,0.126811896361102,12
urn:mavedb:00000096-b-1#4744,,,p.Ile366Ter,0.419505986667257,0.8340821925779202,4
urn:mavedb:00000096-b-1#4745,,,p.Ile366Thr,0.957080229214996,0.432013697625039,8
urn:mavedb:00000096-b-1#4746,,,p.Ile366Trp,1.01116751155263,0.188047981963246,4
urn:mavedb:00000096-b-1#4747,,,p.Ile366Tyr,1.02949059993794,0.047403242659309,4
urn:mavedb:00000096-b-1#4748,,,p.Ile366Val,0.943999381662506,0.128681911641119,8
urn:mavedb:00000096-b-1#4749,,,p.Ile390=,1.5098395136656395,0.919839779208293,4
urn:mavedb:00000096-b-1#4750,,,p.Ile390Ala,0.917806382032559,0.128302841235876,8
urn:mavedb:00000096-b-1#4751,,,p.Ile390Arg,-0.206008717860677,0.2812509484850539,12
urn:mavedb:00000096-b-1#4752,,,p.Ile390Asn,0.378560302849776,0.907387725079202,4
urn:mavedb:00000096-b-1#4753,,,p.Ile390Asp,-0.108114973494125,0.119422644750688,4
urn:mavedb:00000096-b-1#4754,,,p.Ile390Cys,1.0352586904891998,0.234971977795321,4
urn:mavedb:00000096-b-1#4755,,,p.Ile390Gln,-0.638410309441196,0.275111068083888,4
urn:mavedb:00000096-b-1#4756,,,p.Ile390Glu,-0.45916332431408,0.4253377025550259,4
urn:mavedb:00000096-b-1#4757,,,p.Ile390Gly,-0.201810802802965,0.307270352194985,8
urn:mavedb:00000096-b-1#4758,,,p.Ile390His,0.0259391064933495,0.124656162193664,4
urn:mavedb:00000096-b-1#4759,,,p.Ile390Leu,0.8466256172516919,0.140766799659484,12
urn:mavedb:00000096-b-1#4760,,,p.Ile390Lys,0.16773969208113,0.24573191750987,4
urn:mavedb:00000096-b-1#4761,,,p.Ile390Met,0.880505712170314,0.11146019589637,4
urn:mavedb:00000096-b-1#4762,,,p.Ile390Phe,0.5745527321808029,0.286662427363526,4
urn:mavedb:00000096-b-1#4763,,,p.Ile390Pro,-0.128055052173048,0.59057810481171,8
urn:mavedb:00000096-b-1#4764,,,p.Ile390Ser,0.375160385162586,0.26869083526063,12
urn:mavedb:00000096-b-1#4765,,,p.Ile390Ter,-0.0387983436122173,0.4156479362458979,4
urn:mavedb:00000096-b-1#4766,,,p.Ile390Thr,0.243459248506936,0.316966083342761,8
urn:mavedb:00000096-b-1#4767,,,p.Ile390Trp,0.127288635933572,0.63583269154067,4
urn:mavedb:00000096-b-1#4768,,,p.Ile390Tyr,-0.147685677491887,0.524455892972389,4
urn:mavedb:00000096-b-1#4769,,,p.Ile390Val,0.867047465665759,0.142470160199252,8
urn:mavedb:00000096-b-1#4770,,,p.Ile404=,1.03220300156908,0.0709417421881302,4
urn:mavedb:00000096-b-1#4771,,,p.Ile404Ala,0.7908794371555731,0.1973293219842989,8
urn:mavedb:00000096-b-1#4772,,,p.Ile404Arg,-0.0276531396467911,0.333758463958078,12
urn:mavedb:00000096-b-1#4773,,,p.Ile404Asn,-0.0211978822129114,0.564804606929849,4
urn:mavedb:00000096-b-1#4774,,,p.Ile404Asp,0.122852984782958,0.0840655313792669,4
urn:mavedb:00000096-b-1#4775,,,p.Ile404Cys,1.06357555688519,0.0919074998624253,4
urn:mavedb:00000096-b-1#4776,,,p.Ile404Gln,0.4365535014912871,0.222393846596571,4
urn:mavedb:00000096-b-1#4777,,,p.Ile404Glu,-0.140536975020649,0.402624929922988,4
urn:mavedb:00000096-b-1#4778,,,p.Ile404Gly,-0.0645013193562499,0.229502315235473,8
urn:mavedb:00000096-b-1#4779,,,p.Ile404His,0.2052002606512679,0.582384341264069,4
urn:mavedb:00000096-b-1#4780,,,p.Ile404Leu,0.9708156512247248,0.151709853163266,16
urn:mavedb:00000096-b-1#4781,,,p.Ile404Lys,0.7214910240577391,0.427000721871771,4
urn:mavedb:00000096-b-1#4782,,,p.Ile404Met,0.8267971827355991,0.249550225917257,4
urn:mavedb:00000096-b-1#4783,,,p.Ile404Phe,0.469426217885947,0.0577052325852271,4
urn:mavedb:00000096-b-1#4784,,,p.Ile404Pro,0.338039465342546,0.365104664397184,8
urn:mavedb:00000096-b-1#4785,,,p.Ile404Ser,0.568544228780365,0.3049612935409289,12
urn:mavedb:00000096-b-1#4786,,,p.Ile404Ter,0.0371401736613161,0.337997203429939,4
urn:mavedb:00000096-b-1#4787,,,p.Ile404Thr,0.981472846225845,0.5819273239873101,8
urn:mavedb:00000096-b-1#4788,,,p.Ile404Trp,0.448433724542286,0.0731375418971106,4
urn:mavedb:00000096-b-1#4789,,,p.Ile404Tyr,0.560313119704694,0.066659742672932,4
urn:mavedb:00000096-b-1#4790,,,p.Ile404Val,1.1638734659210102,0.0406564839222864,4
urn:mavedb:00000096-b-1#4791,,,p.Ile436=,0.9437385107908371,0.269700007431397,4
urn:mavedb:00000096-b-1#4792,,,p.Ile436Ala,0.2051309497512,0.2265941787918999,8
urn:mavedb:00000096-b-1#4793,,,p.Ile436Arg,-0.0934415923518157,0.283279090661761,12
urn:mavedb:00000096-b-1#4794,,,p.Ile436Asn,-0.0538689286978321,0.158420039483718,4
urn:mavedb:00000096-b-1#4795,,,p.Ile436Asp,-0.23031411191538,0.5489439996297001,4
urn:mavedb:00000096-b-1#4796,,,p.Ile436Cys,1.00552750061764,0.0465701002136283,4
urn:mavedb:00000096-b-1#4797,,,p.Ile436Gln,-0.0135126979840571,0.160436614616107,4
urn:mavedb:00000096-b-1#4798,,,p.Ile436Glu,-0.100731384484977,0.172453535827179,4
urn:mavedb:00000096-b-1#4799,,,p.Ile436Gly,0.0695027144446169,0.2271560780523419,8
urn:mavedb:00000096-b-1#4800,,,p.Ile436His,0.20566374798905,0.7146196231476151,4
urn:mavedb:00000096-b-1#4801,,,p.Ile436Leu,1.11305163230393,0.6272249626926469,8
urn:mavedb:00000096-b-1#4802,,,p.Ile436Lys,0.241347413450889,0.420409652226466,4
urn:mavedb:00000096-b-1#4803,,,p.Ile436Phe,0.6823818905705179,0.132584659954269,4
urn:mavedb:00000096-b-1#4804,,,p.Ile436Pro,0.4257889154598889,0.272150888036967,8
urn:mavedb:00000096-b-1#4805,,,p.Ile436Ser,0.392724813454687,0.216661125301628,12
urn:mavedb:00000096-b-1#4806,,,p.Ile436Ter,-0.284060054611332,0.4959078519533139,4
urn:mavedb:00000096-b-1#4807,,,p.Ile436Thr,0.578865717294645,0.128253701617939,4
urn:mavedb:00000096-b-1#4808,,,p.Ile436Trp,-0.0434492468189483,0.103413482329868,4
urn:mavedb:00000096-b-1#4809,,,p.Ile436Tyr,0.2869115569980139,0.4728379423595539,4
urn:mavedb:00000096-b-1#4810,,,p.Ile436Val,0.7848239206936879,0.0944844691210702,8
urn:mavedb:00000096-b-1#4811,,,p.Ile439=,0.926737393417341,0.535910667498325,4
urn:mavedb:00000096-b-1#4812,,,p.Ile439Ala,0.90964188095418,0.0934413015189298,8
urn:mavedb:00000096-b-1#4813,,,p.Ile439Arg,0.8620749669431241,0.274125768743708,12
urn:mavedb:00000096-b-1#4814,,,p.Ile439Asn,0.444586157266662,0.8288271199192329,4
urn:mavedb:00000096-b-1#4815,,,p.Ile439Asp,0.6308073211229109,0.080788040079081,4
urn:mavedb:00000096-b-1#4816,,,p.Ile439Cys,0.7154740555659459,0.0987756665795815,4
urn:mavedb:00000096-b-1#4817,,,p.Ile439Gln,0.8578651599273729,0.745563039524173,4
urn:mavedb:00000096-b-1#4818,,,p.Ile439Gly,0.59902728207055,0.172068408039577,8
urn:mavedb:00000096-b-1#4819,,,p.Ile439His,0.8391466445161091,0.117216814535542,4
urn:mavedb:00000096-b-1#4820,,,p.Ile439Leu,0.78764034441514,0.0931850117894002,8
urn:mavedb:00000096-b-1#4821,,,p.Ile439Lys,0.9059099965916948,0.0707806087053113,4
urn:mavedb:00000096-b-1#4822,,,p.Ile439Met,1.02978369457887,0.1882822072527469,4
urn:mavedb:00000096-b-1#4823,,,p.Ile439Phe,0.7684769497630659,0.3040592767731939,4
urn:mavedb:00000096-b-1#4824,,,p.Ile439Pro,-0.375905877960676,0.6542719596509711,8
urn:mavedb:00000096-b-1#4825,,,p.Ile439Ser,0.7992525759553191,0.3410654068778089,12
urn:mavedb:00000096-b-1#4826,,,p.Ile439Ter,0.141653243751505,0.355659350120635,4
urn:mavedb:00000096-b-1#4827,,,p.Ile439Thr,0.7643869603383342,0.232795033563417,8
urn:mavedb:00000096-b-1#4828,,,p.Ile439Trp,0.736046329686162,0.101320647372853,4
urn:mavedb:00000096-b-1#4829,,,p.Ile439Tyr,0.7580845265613821,0.079442156762925,4
urn:mavedb:00000096-b-1#4830,,,p.Ile439Val,1.02053508257238,0.2460774765122449,8
urn:mavedb:00000096-b-1#4831,,,p.Leu122=,1.10754182693776,0.286645936725271,8
urn:mavedb:00000096-b-1#4832,,,p.Leu122Ala,0.908985377848226,0.22332835356212,8
urn:mavedb:00000096-b-1#4833,,,p.Leu122Arg,0.573873085372958,0.227121462277219,12
urn:mavedb:00000096-b-1#4834,,,p.Leu122Asn,0.655518334556256,0.102705196336318,4
urn:mavedb:00000096-b-1#4835,,,p.Leu122Asp,0.575916915221882,0.0870991137824214,4
urn:mavedb:00000096-b-1#4836,,,p.Leu122Cys,0.638820417251578,0.132465970488656,4
urn:mavedb:00000096-b-1#4837,,,p.Leu122Gln,0.676405793703069,0.248153995667895,4
urn:mavedb:00000096-b-1#4838,,,p.Leu122Glu,0.724863307227448,0.10424806214202,4
urn:mavedb:00000096-b-1#4839,,,p.Leu122Gly,0.837986241272293,0.1231670529560819,8
urn:mavedb:00000096-b-1#4840,,,p.Leu122His,0.8485155023649921,0.184987030187613,4
urn:mavedb:00000096-b-1#4841,,,p.Leu122Ile,0.811707571581678,0.0884794826938149,4
urn:mavedb:00000096-b-1#4842,,,p.Leu122Lys,1.11558296932062,0.139933547193031,4
urn:mavedb:00000096-b-1#4843,,,p.Leu122Met,0.6734052398050021,0.68664572281541,4
urn:mavedb:00000096-b-1#4844,,,p.Leu122Phe,0.94831029232371,0.667519515426622,4
urn:mavedb:00000096-b-1#4845,,,p.Leu122Pro,0.447780541509385,0.246526832908058,8
urn:mavedb:00000096-b-1#4846,,,p.Leu122Ser,0.6725924698912721,0.493707979996173,12
urn:mavedb:00000096-b-1#4847,,,p.Leu122Ter,0.468957063117193,0.6476276818078571,4
urn:mavedb:00000096-b-1#4848,,,p.Leu122Thr,0.504179598078504,0.3560772655665,4
urn:mavedb:00000096-b-1#4849,,,p.Leu122Trp,0.7475390224346601,0.0738488398922871,4
urn:mavedb:00000096-b-1#4850,,,p.Leu122Tyr,1.36492451099678,0.0894124547434035,4
urn:mavedb:00000096-b-1#4851,,,p.Leu122Val,1.14642499916422,0.286780183738815,8
urn:mavedb:00000096-b-1#4852,,,p.Leu134=,0.7891527590132521,0.2952738985725011,12
urn:mavedb:00000096-b-1#4853,,,p.Leu134Ala,0.8467050935439571,0.201374624930877,8
urn:mavedb:00000096-b-1#4854,,,p.Leu134Arg,0.577648742038061,0.265287931560206,12
urn:mavedb:00000096-b-1#4855,,,p.Leu134Asn,0.7326375492822009,0.1423950468310809,4
urn:mavedb:00000096-b-1#4856,,,p.Leu134Asp,0.0820214631423673,0.20341472391788,4
urn:mavedb:00000096-b-1#4857,,,p.Leu134Cys,0.936611329531853,0.2034594041684489,4
urn:mavedb:00000096-b-1#4858,,,p.Leu134Gln,0.4500969390567,0.0918313965455091,4
urn:mavedb:00000096-b-1#4859,,,p.Leu134Glu,0.562431736454257,0.247279705306942,4
urn:mavedb:00000096-b-1#4860,,,p.Leu134Gly,0.243037967237874,0.321476864892766,8
urn:mavedb:00000096-b-1#4861,,,p.Leu134His,0.377825695613246,0.765215959202984,4
urn:mavedb:00000096-b-1#4862,,,p.Leu134Ile,0.943448805535723,0.4012657483283329,4
urn:mavedb:00000096-b-1#4863,,,p.Leu134Lys,0.397639205935798,0.164649436638483,4
urn:mavedb:00000096-b-1#4864,,,p.Leu134Met,0.8563143103246958,0.198928660890117,4
urn:mavedb:00000096-b-1#4865,,,p.Leu134Phe,0.490658681714275,0.723108445608847,4
urn:mavedb:00000096-b-1#4866,,,p.Leu134Pro,-0.0806472533888133,0.258584895833304,8
urn:mavedb:00000096-b-1#4867,,,p.Leu134Ser,0.517807609399721,0.2468518058641569,12
urn:mavedb:00000096-b-1#4868,,,p.Leu134Ter,-0.106876074875602,0.9995550560906492,4
urn:mavedb:00000096-b-1#4869,,,p.Leu134Thr,0.439542629813169,0.245346172779986,8
urn:mavedb:00000096-b-1#4870,,,p.Leu134Trp,0.6977667771264219,0.156830574856891,4
urn:mavedb:00000096-b-1#4871,,,p.Leu134Tyr,0.51981116293716,0.104587447893929,4
urn:mavedb:00000096-b-1#4872,,,p.Leu134Val,0.893055615192019,0.162441075110878,8
urn:mavedb:00000096-b-1#4873,,,p.Leu144=,0.7882800787265909,0.118991302658739,8
urn:mavedb:00000096-b-1#4874,,,p.Leu144Ala,0.308791943397344,0.641561838082095,4
urn:mavedb:00000096-b-1#4875,,,p.Leu144Arg,0.632231650636484,0.272492809684637,12
urn:mavedb:00000096-b-1#4876,,,p.Leu144Asn,-0.0039488236264174,0.218913047060283,4
urn:mavedb:00000096-b-1#4877,,,p.Leu144Asp,0.5939267722737029,0.0873938355023296,4
urn:mavedb:00000096-b-1#4878,,,p.Leu144Gln,0.368415320628607,0.7273366045675831,4
urn:mavedb:00000096-b-1#4879,,,p.Leu144Glu,0.0864043253040329,0.619083929862904,4
urn:mavedb:00000096-b-1#4880,,,p.Leu144Gly,0.2617436962908649,0.157327053651713,8
urn:mavedb:00000096-b-1#4881,,,p.Leu144His,0.239722228376775,0.5547472632691789,4
urn:mavedb:00000096-b-1#4882,,,p.Leu144Ile,0.7301990694856421,0.0767938358765878,4
urn:mavedb:00000096-b-1#4883,,,p.Leu144Lys,-0.140155961319988,0.184243384881973,4
urn:mavedb:00000096-b-1#4884,,,p.Leu144Met,0.987049282563832,0.745966066873938,4
urn:mavedb:00000096-b-1#4885,,,p.Leu144Phe,0.517203911966589,0.263560783411511,4
urn:mavedb:00000096-b-1#4886,,,p.Leu144Pro,0.480902629796195,0.310243093407775,8
urn:mavedb:00000096-b-1#4887,,,p.Leu144Ser,0.4768475323858239,0.376926634478292,12
urn:mavedb:00000096-b-1#4888,,,p.Leu144Ter,0.218844877874127,1.0040437068579302,4
urn:mavedb:00000096-b-1#4889,,,p.Leu144Thr,0.521736243222921,0.51963177381341,8
urn:mavedb:00000096-b-1#4890,,,p.Leu144Trp,1.10225171562612,0.0515627022634055,4
urn:mavedb:00000096-b-1#4891,,,p.Leu144Tyr,0.681368774001922,0.0752443969627059,4
urn:mavedb:00000096-b-1#4892,,,p.Leu144Val,0.982854737334393,0.160553637225828,8
urn:mavedb:00000096-b-1#4893,,,p.Leu146=,1.05676818020464,0.580462286560168,12
urn:mavedb:00000096-b-1#4894,,,p.Leu146Ala,0.8200142050654441,0.272873439359769,8
urn:mavedb:00000096-b-1#4895,,,p.Leu146Arg,0.653343568097546,0.581274874153635,12
urn:mavedb:00000096-b-1#4896,,,p.Leu146Asn,1.15367271839047,0.132423715936737,4
urn:mavedb:00000096-b-1#4897,,,p.Leu146Asp,0.37801039054497,0.188373510392763,4
urn:mavedb:00000096-b-1#4898,,,p.Leu146Cys,0.949028253140199,0.0639768304997333,4
urn:mavedb:00000096-b-1#4899,,,p.Leu146Gln,0.3020493961886329,0.181927448416825,4
urn:mavedb:00000096-b-1#4900,,,p.Leu146Glu,0.54478063211061,0.100783625200638,4
urn:mavedb:00000096-b-1#4901,,,p.Leu146Gly,1.10270592546049,0.0727279473926243,8
urn:mavedb:00000096-b-1#4902,,,p.Leu146His,-0.2147375258248889,0.321769344237186,4
urn:mavedb:00000096-b-1#4903,,,p.Leu146Ile,1.11875489314315,0.292455907187052,4
urn:mavedb:00000096-b-1#4904,,,p.Leu146Lys,0.9845844860944508,0.138117330924295,4
urn:mavedb:00000096-b-1#4905,,,p.Leu146Met,0.7271431876257219,0.6163451327697379,4
urn:mavedb:00000096-b-1#4906,,,p.Leu146Pro,0.820087383649165,0.758151212067405,8
urn:mavedb:00000096-b-1#4907,,,p.Leu146Ser,0.7536217005562759,0.276749865964942,12
urn:mavedb:00000096-b-1#4908,,,p.Leu146Thr,1.04100662290769,0.284769736549086,8
urn:mavedb:00000096-b-1#4909,,,p.Leu146Trp,1.1256879472634398,0.124298840513727,4
urn:mavedb:00000096-b-1#4910,,,p.Leu146Tyr,0.7902704518315309,0.5495173804944451,4
urn:mavedb:00000096-b-1#4911,,,p.Leu146Val,1.11705585062941,0.1273047498062,8
urn:mavedb:00000096-b-1#4912,,,p.Leu164=,1.0554380107316998,0.2019488307902289,8
urn:mavedb:00000096-b-1#4913,,,p.Leu164Ala,1.07696154060992,0.156127177050077,8
urn:mavedb:00000096-b-1#4914,,,p.Leu164Arg,0.923681872481734,0.131797026735915,12
urn:mavedb:00000096-b-1#4915,,,p.Leu164Asn,1.39478031381331,0.0377902626816629,4
urn:mavedb:00000096-b-1#4916,,,p.Leu164Asp,1.28840867550879,0.157488428003748,4
urn:mavedb:00000096-b-1#4917,,,p.Leu164Cys,1.10727276915009,0.17129429905507,4
urn:mavedb:00000096-b-1#4918,,,p.Leu164Gln,1.20702456732882,0.135218683119383,4
urn:mavedb:00000096-b-1#4919,,,p.Leu164Glu,1.03226884053565,0.0564024681651272,4
urn:mavedb:00000096-b-1#4920,,,p.Leu164Gly,1.1282617512318998,0.133644387528801,8
urn:mavedb:00000096-b-1#4921,,,p.Leu164His,1.11010415749827,0.0578570580082263,4
urn:mavedb:00000096-b-1#4922,,,p.Leu164Ile,1.14170650099631,0.608620352819655,4
urn:mavedb:00000096-b-1#4923,,,p.Leu164Lys,1.12913971409427,0.0833941796635057,4
urn:mavedb:00000096-b-1#4924,,,p.Leu164Phe,0.956119915231805,0.0651251118988524,4
urn:mavedb:00000096-b-1#4925,,,p.Leu164Pro,1.22956809650031,0.0546874860938486,4
urn:mavedb:00000096-b-1#4926,,,p.Leu164Ser,1.21281907112365,0.0804163230463714,12
urn:mavedb:00000096-b-1#4927,,,p.Leu164Ter,-0.1742199439296709,0.845829296237472,4
urn:mavedb:00000096-b-1#4928,,,p.Leu164Thr,0.9266541819687858,0.274705136916574,8
urn:mavedb:00000096-b-1#4929,,,p.Leu164Trp,0.955087435472728,0.0452578893817718,4
urn:mavedb:00000096-b-1#4930,,,p.Leu164Tyr,0.928199353153005,0.0452390610181348,4
urn:mavedb:00000096-b-1#4931,,,p.Leu164Val,1.14649388530844,0.1002341739372609,8
urn:mavedb:00000096-b-1#4932,,,p.Leu165=,1.26777004743776,0.2243748234665019,12
urn:mavedb:00000096-b-1#4933,,,p.Leu165Ala,0.963559129540968,0.122961431521482,8
urn:mavedb:00000096-b-1#4934,,,p.Leu165Arg,0.939634996384316,0.1203068175323859,12
urn:mavedb:00000096-b-1#4935,,,p.Leu165Asn,1.48767625274017,0.0545610935071069,4
urn:mavedb:00000096-b-1#4936,,,p.Leu165Asp,1.14246220232147,0.0443009784170148,4
urn:mavedb:00000096-b-1#4937,,,p.Leu165Gln,0.994960253999241,0.1467653865185409,4
urn:mavedb:00000096-b-1#4938,,,p.Leu165Glu,0.997850202975688,0.052656244575444,4
urn:mavedb:00000096-b-1#4939,,,p.Leu165Gly,1.08984958637141,0.0537018499791183,8
urn:mavedb:00000096-b-1#4940,,,p.Leu165His,1.13426722281841,0.1108890348472719,4
urn:mavedb:00000096-b-1#4941,,,p.Leu165Ile,1.04304824276389,0.0565962521841337,4
urn:mavedb:00000096-b-1#4942,,,p.Leu165Lys,1.25368549229716,0.151731357816504,4
urn:mavedb:00000096-b-1#4943,,,p.Leu165Met,0.978152546718283,0.110631683850955,4
urn:mavedb:00000096-b-1#4944,,,p.Leu165Phe,0.911260230781092,0.0807946151496947,4
urn:mavedb:00000096-b-1#4945,,,p.Leu165Pro,0.95546021457466,0.424545306956294,8
urn:mavedb:00000096-b-1#4946,,,p.Leu165Ser,1.14145893019339,0.115633010229629,12
urn:mavedb:00000096-b-1#4947,,,p.Leu165Ter,0.43290926377079,0.223887706516549,4
urn:mavedb:00000096-b-1#4948,,,p.Leu165Thr,1.07750945206881,0.0697158997754446,8
urn:mavedb:00000096-b-1#4949,,,p.Leu165Trp,0.995439831798822,0.0473284191537315,4
urn:mavedb:00000096-b-1#4950,,,p.Leu165Tyr,0.9412987054310692,0.188957683664101,4
urn:mavedb:00000096-b-1#4951,,,p.Leu165Val,0.986260351360674,0.0872113364236726,8
urn:mavedb:00000096-b-1#4952,,,p.Leu184=,1.04447424437959,0.205209258112875,8
urn:mavedb:00000096-b-1#4953,,,p.Leu184Ala,0.951688928933162,0.122605318104163,8
urn:mavedb:00000096-b-1#4954,,,p.Leu184Arg,0.69328785016994,0.25433573100021,12
urn:mavedb:00000096-b-1#4955,,,p.Leu184Asn,0.910543127508422,0.6107359663288779,4
urn:mavedb:00000096-b-1#4956,,,p.Leu184Asp,0.891615015199292,0.281247129686608,4
urn:mavedb:00000096-b-1#4957,,,p.Leu184Cys,1.00440653596449,0.0470413018761055,4
urn:mavedb:00000096-b-1#4958,,,p.Leu184Gln,0.9260723889133092,0.309803954663289,4
urn:mavedb:00000096-b-1#4959,,,p.Leu184Glu,0.8383151296538341,0.5497898384535971,4
urn:mavedb:00000096-b-1#4960,,,p.Leu184Gly,0.7002002339442851,0.231649371574017,8
urn:mavedb:00000096-b-1#4961,,,p.Leu184His,1.21245875674425,0.272779268857419,4
urn:mavedb:00000096-b-1#4962,,,p.Leu184Lys,0.507134901033657,0.103344338805445,4
urn:mavedb:00000096-b-1#4963,,,p.Leu184Met,1.15117348235364,0.6773500603013121,4
urn:mavedb:00000096-b-1#4964,,,p.Leu184Phe,0.720019222372214,0.431577606667466,4
urn:mavedb:00000096-b-1#4965,,,p.Leu184Pro,0.771391744480051,0.52898200318234,8
urn:mavedb:00000096-b-1#4966,,,p.Leu184Ser,0.7895295345298811,0.282051338054871,12
urn:mavedb:00000096-b-1#4967,,,p.Leu184Ter,0.318614955329545,0.5960868563084721,4
urn:mavedb:00000096-b-1#4968,,,p.Leu184Thr,0.6591368895975489,0.2184511029691259,8
urn:mavedb:00000096-b-1#4969,,,p.Leu184Trp,1.0008184711471,0.422796890132915,4
urn:mavedb:00000096-b-1#4970,,,p.Leu184Tyr,0.9754254181702928,0.0545189929674854,4
urn:mavedb:00000096-b-1#4971,,,p.Leu184Val,0.825138834215994,0.15129850750471,8
urn:mavedb:00000096-b-1#4972,,,p.Leu185=,1.02788057830903,0.362532520058705,8
urn:mavedb:00000096-b-1#4973,,,p.Leu185Ala,0.5794872618075999,0.3039653842110499,4
urn:mavedb:00000096-b-1#4974,,,p.Leu185Arg,0.175250049551647,0.374478079804014,12
urn:mavedb:00000096-b-1#4975,,,p.Leu185Asn,0.590449242280895,0.180410875715063,4
urn:mavedb:00000096-b-1#4976,,,p.Leu185Asp,0.0610609272450376,0.303994379668525,4
urn:mavedb:00000096-b-1#4977,,,p.Leu185Cys,0.6539185013766721,0.344200306171746,4
urn:mavedb:00000096-b-1#4978,,,p.Leu185Gln,0.117097609422928,0.204988376430878,4
urn:mavedb:00000096-b-1#4979,,,p.Leu185Glu,0.470348135173377,0.287668582935223,4
urn:mavedb:00000096-b-1#4980,,,p.Leu185Gly,0.0720076499656377,0.542843847809104,8
urn:mavedb:00000096-b-1#4981,,,p.Leu185His,0.925691628916972,0.345170453208265,4
urn:mavedb:00000096-b-1#4982,,,p.Leu185Ile,0.9033922747798592,0.190995087672742,4
urn:mavedb:00000096-b-1#4983,,,p.Leu185Lys,0.600071527962893,0.257472481441144,4
urn:mavedb:00000096-b-1#4984,,,p.Leu185Met,0.8373084270775258,0.569327041865875,4
urn:mavedb:00000096-b-1#4985,,,p.Leu185Pro,-0.107261020662868,0.341946129971,8
urn:mavedb:00000096-b-1#4986,,,p.Leu185Ser,0.10356067376033,0.4344585524500129,12
urn:mavedb:00000096-b-1#4987,,,p.Leu185Thr,0.7322648167228709,0.218572326758886,8
urn:mavedb:00000096-b-1#4988,,,p.Leu185Trp,0.511925411604119,0.0923120806544271,4
urn:mavedb:00000096-b-1#4989,,,p.Leu185Tyr,0.7887567375531991,0.127218517151985,4
urn:mavedb:00000096-b-1#4990,,,p.Leu185Val,0.1900877834533869,0.5836122811130411,8
urn:mavedb:00000096-b-1#4991,,,p.Leu2=,0.893798262240658,0.100974532372605,8
urn:mavedb:00000096-b-1#4992,,,p.Leu20=,0.985491950918223,0.326369749402584,12
urn:mavedb:00000096-b-1#4993,,,p.Leu20Ala,-0.3107381046285919,0.72421313043921,8
urn:mavedb:00000096-b-1#4994,,,p.Leu20Arg,-0.133537153034784,0.458130792961566,12
urn:mavedb:00000096-b-1#4995,,,p.Leu20Asn,-0.306929123090341,0.377385016208899,4
urn:mavedb:00000096-b-1#4996,,,p.Leu20Asp,0.0759123869785677,0.73337149943609,4
urn:mavedb:00000096-b-1#4997,,,p.Leu20Cys,1.11343621761706,0.1760935959954169,4
urn:mavedb:00000096-b-1#4998,,,p.Leu20Gln,-0.360534442881651,0.385499388962657,4
urn:mavedb:00000096-b-1#4999,,,p.Leu20Glu,0.346214883386941,0.3768752564964009,4
urn:mavedb:00000096-b-1#5000,,,p.Leu20Gly,0.0028592783228739,0.4405367644461729,8
urn:mavedb:00000096-b-1#5001,,,p.Leu20His,-0.141679900836279,0.479972212496586,4
urn:mavedb:00000096-b-1#5002,,,p.Leu20Ile,-0.25510720528274,0.3547880181641379,4
urn:mavedb:00000096-b-1#5003,,,p.Leu20Lys,-0.162626731714793,0.2838053631046179,4
urn:mavedb:00000096-b-1#5004,,,p.Leu20Met,0.793886844834728,0.10244219445472,4
urn:mavedb:00000096-b-1#5005,,,p.Leu20Phe,0.765430167838191,0.541766281163529,4
urn:mavedb:00000096-b-1#5006,,,p.Leu20Pro,0.0917206362179959,0.599467166457191,4
urn:mavedb:00000096-b-1#5007,,,p.Leu20Ser,-0.0579779883581279,0.471928421556686,12
urn:mavedb:00000096-b-1#5008,,,p.Leu20Ter,-0.126717532517834,0.668348753103036,4
urn:mavedb:00000096-b-1#5009,,,p.Leu20Thr,1.21745130224954,0.406233353494942,8
urn:mavedb:00000096-b-1#5010,,,p.Leu20Trp,1.17186927305827,0.0934880488440629,4
urn:mavedb:00000096-b-1#5011,,,p.Leu20Tyr,0.885424425719897,0.1280834085843309,4
urn:mavedb:00000096-b-1#5012,,,p.Leu20Val,0.6957508011489101,0.205457967363243,8
urn:mavedb:00000096-b-1#5013,,,p.Leu243=,0.7425300166731851,0.3574875712256989,4
urn:mavedb:00000096-b-1#5014,,,p.Leu243Ala,0.7570989398102221,0.277658777813102,8
urn:mavedb:00000096-b-1#5015,,,p.Leu243Arg,0.0968724505391401,0.301747518329321,8
urn:mavedb:00000096-b-1#5016,,,p.Leu243Asn,1.11278128932364,0.0775464196636202,4
urn:mavedb:00000096-b-1#5017,,,p.Leu243Cys,0.8288705047167529,0.4834124778904699,4
urn:mavedb:00000096-b-1#5018,,,p.Leu243Gln,0.7856261569173829,0.4062525752735039,4
urn:mavedb:00000096-b-1#5019,,,p.Leu243Glu,1.07998520948191,0.1552877913404559,4
urn:mavedb:00000096-b-1#5020,,,p.Leu243Gly,0.8849607545177,0.2148838600956339,8
urn:mavedb:00000096-b-1#5021,,,p.Leu243His,1.20149140921244,0.231157434838376,4
urn:mavedb:00000096-b-1#5022,,,p.Leu243Ile,0.986840452361197,0.0813910768976907,4
urn:mavedb:00000096-b-1#5023,,,p.Leu243Lys,0.946339973440492,0.183729729091317,4
urn:mavedb:00000096-b-1#5024,,,p.Leu243Met,1.02302651788645,0.518244450233468,4
urn:mavedb:00000096-b-1#5025,,,p.Leu243Ser,0.7751218455766259,0.336096503482317,12
urn:mavedb:00000096-b-1#5026,,,p.Leu243Thr,0.6955533245412829,0.271354015850741,8
urn:mavedb:00000096-b-1#5027,,,p.Leu243Trp,0.7970687330363481,0.243303580753882,4
urn:mavedb:00000096-b-1#5028,,,p.Leu243Tyr,0.786899014429452,0.0802318543146359,4
urn:mavedb:00000096-b-1#5029,,,p.Leu243Val,0.689423414183705,0.6835849757271629,8
urn:mavedb:00000096-b-1#5030,,,p.Leu25=,0.997351926981861,0.375276514285405,12
urn:mavedb:00000096-b-1#5031,,,p.Leu25Ala,0.744997233421237,0.23768592333617,8
urn:mavedb:00000096-b-1#5032,,,p.Leu25Arg,0.1731616408693569,0.43132636628657,12
urn:mavedb:00000096-b-1#5033,,,p.Leu25Asn,0.3815380703603189,0.4635415302592159,4
urn:mavedb:00000096-b-1#5034,,,p.Leu25Asp,0.343432757513506,0.1739564652999959,4
urn:mavedb:00000096-b-1#5035,,,p.Leu25Cys,0.709121729545037,0.1025426491679719,4
urn:mavedb:00000096-b-1#5036,,,p.Leu25Gln,0.6033910018043139,0.42260214557639,4
urn:mavedb:00000096-b-1#5037,,,p.Leu25Glu,-0.131751542700737,0.269540567915349,4
urn:mavedb:00000096-b-1#5038,,,p.Leu25Gly,0.361848136483936,0.684942520411228,8
urn:mavedb:00000096-b-1#5039,,,p.Leu25His,0.516717562195538,0.5098912926479071,4
urn:mavedb:00000096-b-1#5040,,,p.Leu25Ile,0.792676564627797,0.5316736458197729,8
urn:mavedb:00000096-b-1#5041,,,p.Leu25Lys,0.471492792960736,0.1922709292356799,4
urn:mavedb:00000096-b-1#5042,,,p.Leu25Met,0.778677256533303,0.597430282308514,4
urn:mavedb:00000096-b-1#5043,,,p.Leu25Phe,0.704044541421874,0.763632164147332,4
urn:mavedb:00000096-b-1#5044,,,p.Leu25Pro,0.64366579236468,0.520314115194764,8
urn:mavedb:00000096-b-1#5045,,,p.Leu25Ser,0.577196573987616,0.387358307135431,12
urn:mavedb:00000096-b-1#5046,,,p.Leu25Ter,-0.251437839831766,0.4076471861863329,4
urn:mavedb:00000096-b-1#5047,,,p.Leu25Thr,0.5339511844334139,0.532028562973192,8
urn:mavedb:00000096-b-1#5048,,,p.Leu25Trp,1.05766114370598,0.5359732375719339,4
urn:mavedb:00000096-b-1#5049,,,p.Leu25Tyr,0.793744211738641,0.183782345508508,4
urn:mavedb:00000096-b-1#5050,,,p.Leu25Val,0.747932433906164,0.181581182916616,8
urn:mavedb:00000096-b-1#5051,,,p.Leu266=,1.07572644827677,0.546122717910525,12
urn:mavedb:00000096-b-1#5052,,,p.Leu266Ala,0.46315491745553,0.290736763518506,8
urn:mavedb:00000096-b-1#5053,,,p.Leu266Arg,-0.0966474572299119,0.31865727751553,4
urn:mavedb:00000096-b-1#5054,,,p.Leu266Asp,-0.0511781148798508,0.293875209406322,4
urn:mavedb:00000096-b-1#5055,,,p.Leu266Cys,0.112438811685893,0.340264430460923,4
urn:mavedb:00000096-b-1#5056,,,p.Leu266Gln,0.46023934038025,0.200402138396317,4
urn:mavedb:00000096-b-1#5057,,,p.Leu266Glu,0.7970798152896998,0.5825331671310899,4
urn:mavedb:00000096-b-1#5058,,,p.Leu266Gly,-0.0966504998014884,0.29636011061318,8
urn:mavedb:00000096-b-1#5059,,,p.Leu266His,0.624057796671269,0.281369567675849,4
urn:mavedb:00000096-b-1#5060,,,p.Leu266Ile,0.0293686913220975,0.305080301175638,4
urn:mavedb:00000096-b-1#5061,,,p.Leu266Lys,0.0873622412074631,0.3056645597677579,4
urn:mavedb:00000096-b-1#5062,,,p.Leu266Pro,0.631395613553234,0.238418404025637,4
urn:mavedb:00000096-b-1#5063,,,p.Leu266Thr,0.2185461046930399,0.3920454480360129,4
urn:mavedb:00000096-b-1#5064,,,p.Leu266Trp,0.4055559746706179,0.593638893365206,4
urn:mavedb:00000096-b-1#5065,,,p.Leu266Tyr,-0.0003551756348421,0.279479663321789,4
urn:mavedb:00000096-b-1#5066,,,p.Leu266Val,1.1108456168075802,0.294250274494475,8
urn:mavedb:00000096-b-1#5067,,,p.Leu270=,0.445633357061814,0.2214598714199699,4
urn:mavedb:00000096-b-1#5068,,,p.Leu270Ala,0.5858644660895171,0.133622699439714,8
urn:mavedb:00000096-b-1#5069,,,p.Leu270Arg,0.817086193291029,0.108698196495696,12
urn:mavedb:00000096-b-1#5070,,,p.Leu270Asn,0.426316280189684,0.3857480596810489,4
urn:mavedb:00000096-b-1#5071,,,p.Leu270Asp,0.0225815313842442,0.234179216417013,4
urn:mavedb:00000096-b-1#5072,,,p.Leu270Cys,0.650439387245077,0.251425446703521,4
urn:mavedb:00000096-b-1#5073,,,p.Leu270Gln,0.806610809329249,0.294553528085877,4
urn:mavedb:00000096-b-1#5074,,,p.Leu270Glu,0.699733737533282,0.657116582470439,4
urn:mavedb:00000096-b-1#5075,,,p.Leu270Gly,0.0922890430868449,0.141146776909053,8
urn:mavedb:00000096-b-1#5076,,,p.Leu270His,1.01954672633457,0.281831597103487,4
urn:mavedb:00000096-b-1#5077,,,p.Leu270Ile,1.02847841784688,0.103904911678997,4
urn:mavedb:00000096-b-1#5078,,,p.Leu270Lys,1.3053004603105802,0.1173705504724649,4
urn:mavedb:00000096-b-1#5079,,,p.Leu270Met,0.9798645379714772,0.318783192522156,4
urn:mavedb:00000096-b-1#5080,,,p.Leu270Phe,0.614621015085945,0.1749604774685129,4
urn:mavedb:00000096-b-1#5081,,,p.Leu270Pro,0.1877857354112999,0.3720479583481609,8
urn:mavedb:00000096-b-1#5082,,,p.Leu270Ser,0.97498816301182,0.470760653523732,8
urn:mavedb:00000096-b-1#5083,,,p.Leu270Ter,0.5294695902482199,0.583460545979553,4
urn:mavedb:00000096-b-1#5084,,,p.Leu270Thr,1.1355985945456002,0.09792619075732,8
urn:mavedb:00000096-b-1#5085,,,p.Leu270Trp,0.807804685120884,0.0654750124190716,4
urn:mavedb:00000096-b-1#5086,,,p.Leu270Tyr,0.77926700531176,0.0793512365492982,4
urn:mavedb:00000096-b-1#5087,,,p.Leu270Val,1.12710456207242,0.171901145564959,8
urn:mavedb:00000096-b-1#5088,,,p.Leu271=,0.92839652253414,0.2842508997505499,8
urn:mavedb:00000096-b-1#5089,,,p.Leu271Ala,0.607846109786171,0.128755285217925,8
urn:mavedb:00000096-b-1#5090,,,p.Leu271Arg,0.510440984543127,0.244915886717058,12
urn:mavedb:00000096-b-1#5091,,,p.Leu271Asn,0.7907198063940759,0.0696808757107613,4
urn:mavedb:00000096-b-1#5092,,,p.Leu271Asp,0.0135063238322831,0.252243535773911,4
urn:mavedb:00000096-b-1#5093,,,p.Leu271Cys,0.6984918337338198,0.0747655445746308,4
urn:mavedb:00000096-b-1#5094,,,p.Leu271Gln,0.447500484797118,0.0936948876539473,4
urn:mavedb:00000096-b-1#5095,,,p.Leu271Glu,0.47163370269538,0.540964300214158,4
urn:mavedb:00000096-b-1#5096,,,p.Leu271Gly,0.553270563053995,0.150996023094435,8
urn:mavedb:00000096-b-1#5097,,,p.Leu271His,0.1185991005350169,0.170468568827303,4
urn:mavedb:00000096-b-1#5098,,,p.Leu271Ile,1.21855680640431,0.1054804765467369,4
urn:mavedb:00000096-b-1#5099,,,p.Leu271Lys,0.640578849259375,0.079235261714312,4
urn:mavedb:00000096-b-1#5100,,,p.Leu271Met,0.67627728143527,0.7725308626290269,4
urn:mavedb:00000096-b-1#5101,,,p.Leu271Pro,0.0177370130123586,0.6215307839119879,8
urn:mavedb:00000096-b-1#5102,,,p.Leu271Ser,0.7728666864270369,0.276257229882362,12
urn:mavedb:00000096-b-1#5103,,,p.Leu271Thr,0.6417340266047211,0.328453900906327,8
urn:mavedb:00000096-b-1#5104,,,p.Leu271Trp,0.222266015417844,0.170050942088669,4
urn:mavedb:00000096-b-1#5105,,,p.Leu271Tyr,0.205071789650749,0.105382529108271,4
urn:mavedb:00000096-b-1#5106,,,p.Leu271Val,0.6059560831930191,0.1444063697734019,8
urn:mavedb:00000096-b-1#5107,,,p.Leu276=,0.878148356679042,0.1718305722233599,8
urn:mavedb:00000096-b-1#5108,,,p.Leu276Ala,0.595408781393631,0.100653269864225,4
urn:mavedb:00000096-b-1#5109,,,p.Leu276Arg,0.9957859306171178,0.183426692008545,12
urn:mavedb:00000096-b-1#5110,,,p.Leu276Asn,1.00443865097384,0.172776776720585,4
urn:mavedb:00000096-b-1#5111,,,p.Leu276Asp,0.8102783994836321,0.1033780401800709,4
urn:mavedb:00000096-b-1#5112,,,p.Leu276Cys,0.995880315734178,0.508039198347072,4
urn:mavedb:00000096-b-1#5113,,,p.Leu276Gln,0.6757336626884011,0.0703848533982595,4
urn:mavedb:00000096-b-1#5114,,,p.Leu276Glu,1.14856955255758,0.0574692467175232,4
urn:mavedb:00000096-b-1#5115,,,p.Leu276Gly,1.0555727814279598,0.0852055051521573,8
urn:mavedb:00000096-b-1#5116,,,p.Leu276His,1.11182994900199,0.0551600196684167,4
urn:mavedb:00000096-b-1#5117,,,p.Leu276Ile,0.619703030095657,0.151225139759061,4
urn:mavedb:00000096-b-1#5118,,,p.Leu276Lys,0.637407443488397,0.4768937537957249,4
urn:mavedb:00000096-b-1#5119,,,p.Leu276Met,0.987823764234785,0.117954431097479,4
urn:mavedb:00000096-b-1#5120,,,p.Leu276Phe,0.9810331817208928,0.184930803176201,4
urn:mavedb:00000096-b-1#5121,,,p.Leu276Pro,-0.118099659836511,0.275757122560093,8
urn:mavedb:00000096-b-1#5122,,,p.Leu276Ser,0.960622739114495,0.162184987535608,12
urn:mavedb:00000096-b-1#5123,,,p.Leu276Thr,0.7501832159019871,0.154682522706063,8
urn:mavedb:00000096-b-1#5124,,,p.Leu276Trp,1.13456669354277,0.0410950021416898,4
urn:mavedb:00000096-b-1#5125,,,p.Leu276Tyr,1.01663911605326,0.0896429229840929,4
urn:mavedb:00000096-b-1#5126,,,p.Leu276Val,0.9480928923391868,0.178233776725633,8
urn:mavedb:00000096-b-1#5127,,,p.Leu288=,1.05488722121182,0.322979512064498,8
urn:mavedb:00000096-b-1#5128,,,p.Leu288Ala,0.912535315611476,0.2195127674355739,8
urn:mavedb:00000096-b-1#5129,,,p.Leu288Arg,1.14296932812641,0.14024550017555,12
urn:mavedb:00000096-b-1#5130,,,p.Leu288Asn,0.899039731682739,0.5744851985902429,4
urn:mavedb:00000096-b-1#5131,,,p.Leu288Asp,0.0270605465258919,0.58418211675685,4
urn:mavedb:00000096-b-1#5132,,,p.Leu288Cys,1.23496643039579,0.0457083885651175,4
urn:mavedb:00000096-b-1#5133,,,p.Leu288Gln,0.839813762313904,0.124417362753593,4
urn:mavedb:00000096-b-1#5134,,,p.Leu288Glu,0.6236723138865339,0.0709646998917781,4
urn:mavedb:00000096-b-1#5135,,,p.Leu288Gly,1.00818029537973,0.181065881187022,8
urn:mavedb:00000096-b-1#5136,,,p.Leu288Ile,1.24207685166298,0.134345851239159,4
urn:mavedb:00000096-b-1#5137,,,p.Leu288Lys,0.8514498513158509,0.0601094412948866,4
urn:mavedb:00000096-b-1#5138,,,p.Leu288Met,1.1186586763021698,0.4391189000811979,4
urn:mavedb:00000096-b-1#5139,,,p.Leu288Phe,1.00347220303975,0.1382365603698299,4
urn:mavedb:00000096-b-1#5140,,,p.Leu288Pro,0.7908965645589391,0.191377412688317,8
urn:mavedb:00000096-b-1#5141,,,p.Leu288Ser,1.16432881110164,0.2047718334695319,12
urn:mavedb:00000096-b-1#5142,,,p.Leu288Ter,0.4362650223845999,0.585705065815599,4
urn:mavedb:00000096-b-1#5143,,,p.Leu288Thr,1.21423409516951,0.151991049558369,8
urn:mavedb:00000096-b-1#5144,,,p.Leu288Trp,0.9032201716258892,0.109042189904842,4
urn:mavedb:00000096-b-1#5145,,,p.Leu288Tyr,1.21736778776356,0.0687213897739629,4
urn:mavedb:00000096-b-1#5146,,,p.Leu288Val,1.05555071421484,0.104520192269919,8
urn:mavedb:00000096-b-1#5147,,,p.Leu292=,0.998566433978585,0.241569714990706,8
urn:mavedb:00000096-b-1#5148,,,p.Leu292Ala,0.962994914129374,0.156334345674176,8
urn:mavedb:00000096-b-1#5149,,,p.Leu292Arg,0.5762504141734189,0.228255295380558,12
urn:mavedb:00000096-b-1#5150,,,p.Leu292Asn,0.4918250072306899,0.502068131951099,4
urn:mavedb:00000096-b-1#5151,,,p.Leu292Asp,-0.151978258933257,0.316254593406524,4
urn:mavedb:00000096-b-1#5152,,,p.Leu292Cys,0.8702166700166271,0.0897780658798576,4
urn:mavedb:00000096-b-1#5153,,,p.Leu292Gln,0.711093766828326,0.786351965022507,4
urn:mavedb:00000096-b-1#5154,,,p.Leu292Glu,-0.256363920426096,0.264428429821307,4
urn:mavedb:00000096-b-1#5155,,,p.Leu292Gly,0.410319785847107,0.601457771813118,8
urn:mavedb:00000096-b-1#5156,,,p.Leu292His,0.975551530131879,0.665016536287362,4
urn:mavedb:00000096-b-1#5157,,,p.Leu292Ile,1.18667804788545,0.0687391033387083,4
urn:mavedb:00000096-b-1#5158,,,p.Leu292Lys,0.728326191785751,0.20801823450407,4
urn:mavedb:00000096-b-1#5159,,,p.Leu292Met,1.20809092812233,0.37133438327639,4
urn:mavedb:00000096-b-1#5160,,,p.Leu292Phe,0.9627256450157928,0.1864334067181689,4
urn:mavedb:00000096-b-1#5161,,,p.Leu292Pro,0.0035073947512579,0.3910084545406559,8
urn:mavedb:00000096-b-1#5162,,,p.Leu292Ser,0.87675471549115,0.211183688142706,12
urn:mavedb:00000096-b-1#5163,,,p.Leu292Thr,0.8131791601870251,0.184081527845873,8
urn:mavedb:00000096-b-1#5164,,,p.Leu292Trp,0.511468697769229,0.143860178063118,4
urn:mavedb:00000096-b-1#5165,,,p.Leu292Tyr,0.8726074662064051,0.0929210092152884,4
urn:mavedb:00000096-b-1#5166,,,p.Leu292Val,1.20451792730297,0.126599583211838,8
urn:mavedb:00000096-b-1#5167,,,p.Leu2Ala,0.846497390293387,0.6962828534124039,8
urn:mavedb:00000096-b-1#5168,,,p.Leu2Arg,0.518514421073687,0.246356518209848,12
urn:mavedb:00000096-b-1#5169,,,p.Leu2Asn,0.4404347087632639,0.252126190207767,4
urn:mavedb:00000096-b-1#5170,,,p.Leu2Asp,1.1338680732228898,0.108695332058408,4
urn:mavedb:00000096-b-1#5171,,,p.Leu2Cys,1.01301806400988,0.0540773395449172,4
urn:mavedb:00000096-b-1#5172,,,p.Leu2Gln,0.808493038354645,0.320941253112109,4
urn:mavedb:00000096-b-1#5173,,,p.Leu2Glu,1.0202313651669,0.1726889791744039,4
urn:mavedb:00000096-b-1#5174,,,p.Leu2Gly,0.8410247599233779,0.1730378365778309,8
urn:mavedb:00000096-b-1#5175,,,p.Leu2His,0.961637672651023,0.0856367564988718,4
urn:mavedb:00000096-b-1#5176,,,p.Leu2Lys,0.861222813991271,0.146229891377476,4
urn:mavedb:00000096-b-1#5177,,,p.Leu2Met,0.6199630050534929,0.0840886148025803,4
urn:mavedb:00000096-b-1#5178,,,p.Leu2Phe,1.01862496870764,0.118101159674742,4
urn:mavedb:00000096-b-1#5179,,,p.Leu2Pro,1.02957841127532,0.1447839253576449,8
urn:mavedb:00000096-b-1#5180,,,p.Leu2Ser,1.05305896107376,0.317995053281751,16
urn:mavedb:00000096-b-1#5181,,,p.Leu2Ter,-0.0664938803950333,0.146332220367397,4
urn:mavedb:00000096-b-1#5182,,,p.Leu2Thr,0.857537021700249,0.568354122790802,4
urn:mavedb:00000096-b-1#5183,,,p.Leu2Trp,0.654046599631077,0.7019211613836929,4
urn:mavedb:00000096-b-1#5184,,,p.Leu2Tyr,1.03507593834728,0.1610451541063839,4
urn:mavedb:00000096-b-1#5185,,,p.Leu2Val,1.10515067447414,0.141757143146484,8
urn:mavedb:00000096-b-1#5186,,,p.Leu30=,1.07272267343351,0.8227765716439259,8
urn:mavedb:00000096-b-1#5187,,,p.Leu301=,0.8404215947256941,0.2083667442995739,12
urn:mavedb:00000096-b-1#5188,,,p.Leu301Ala,0.730211574022418,0.3625577303932309,8
urn:mavedb:00000096-b-1#5189,,,p.Leu301Arg,0.599287483909696,0.265966136156721,12
urn:mavedb:00000096-b-1#5190,,,p.Leu301Asn,0.226675781902175,0.12016608912709,4
urn:mavedb:00000096-b-1#5191,,,p.Leu301Asp,0.139264190896355,0.573536228160666,4
urn:mavedb:00000096-b-1#5192,,,p.Leu301Cys,1.00471971039496,0.0796760751847165,4
urn:mavedb:00000096-b-1#5193,,,p.Leu301Gln,0.876876899484014,0.0669703922600498,4
urn:mavedb:00000096-b-1#5194,,,p.Leu301Glu,0.7503575485496509,0.0904767212014017,4
urn:mavedb:00000096-b-1#5195,,,p.Leu301Gly,0.107244345315835,0.394131874033048,8
urn:mavedb:00000096-b-1#5196,,,p.Leu301His,0.512982742978968,0.5154349258289079,4
urn:mavedb:00000096-b-1#5197,,,p.Leu301Ile,1.21148053015634,0.099934416807637,4
urn:mavedb:00000096-b-1#5198,,,p.Leu301Lys,0.8051385623987991,0.0626719256211756,4
urn:mavedb:00000096-b-1#5199,,,p.Leu301Met,1.1141132110258605,0.0788337166454734,4
urn:mavedb:00000096-b-1#5200,,,p.Leu301Phe,0.954183689890216,0.282316472724842,4
urn:mavedb:00000096-b-1#5201,,,p.Leu301Pro,-0.1997155845294249,0.2747871019544149,4
urn:mavedb:00000096-b-1#5202,,,p.Leu301Ser,0.703143031673131,0.3825805963888189,12
urn:mavedb:00000096-b-1#5203,,,p.Leu301Ter,0.4041916909884659,0.8101069995593871,4
urn:mavedb:00000096-b-1#5204,,,p.Leu301Thr,0.7297200467882009,0.539717143136025,8
urn:mavedb:00000096-b-1#5205,,,p.Leu301Trp,-0.143216487920212,0.185114759745937,4
urn:mavedb:00000096-b-1#5206,,,p.Leu301Tyr,0.8603853747956559,0.0820477593120305,4
urn:mavedb:00000096-b-1#5207,,,p.Leu301Val,1.01097041896883,0.2060826879161749,8
urn:mavedb:00000096-b-1#5208,,,p.Leu304=,0.973256737638199,0.082832380418768,4
urn:mavedb:00000096-b-1#5209,,,p.Leu304Ala,0.9409228021560092,0.0937053627050302,8
urn:mavedb:00000096-b-1#5210,,,p.Leu304Arg,0.7976840862089459,0.064136577523653,8
urn:mavedb:00000096-b-1#5211,,,p.Leu304Asn,0.8896095132195151,0.0533139882197336,4
urn:mavedb:00000096-b-1#5212,,,p.Leu304Asp,0.462276864062608,0.131138814563242,4
urn:mavedb:00000096-b-1#5213,,,p.Leu304Cys,0.904287608178609,0.0888606135694776,4
urn:mavedb:00000096-b-1#5214,,,p.Leu304Gln,1.0884290412582,0.0590594663266635,4
urn:mavedb:00000096-b-1#5215,,,p.Leu304Glu,0.849550887526688,0.0510643272924537,4
urn:mavedb:00000096-b-1#5216,,,p.Leu304Gly,0.912903100021856,0.0445003977698645,8
urn:mavedb:00000096-b-1#5217,,,p.Leu304His,1.23484227452952,0.291898426981988,4
urn:mavedb:00000096-b-1#5218,,,p.Leu304Ile,0.69769850016413,0.0941416448070394,4
urn:mavedb:00000096-b-1#5219,,,p.Leu304Lys,0.5666167179748979,0.24205726291006,4
urn:mavedb:00000096-b-1#5220,,,p.Leu304Met,0.9595705325360392,0.125083409269366,4
urn:mavedb:00000096-b-1#5221,,,p.Leu304Phe,1.01119327743661,0.1032455829557959,4
urn:mavedb:00000096-b-1#5222,,,p.Leu304Pro,0.522955850753837,0.229492777940735,8
urn:mavedb:00000096-b-1#5223,,,p.Leu304Ser,0.862166754699546,0.206467487418099,12
urn:mavedb:00000096-b-1#5224,,,p.Leu304Ter,0.345835706622783,0.371574320897706,4
urn:mavedb:00000096-b-1#5225,,,p.Leu304Thr,0.7828315884541991,0.122253504432319,8
urn:mavedb:00000096-b-1#5226,,,p.Leu304Trp,0.8071439115757191,0.0570259339064199,4
urn:mavedb:00000096-b-1#5227,,,p.Leu304Tyr,0.903057923842128,0.0780336226149892,4
urn:mavedb:00000096-b-1#5228,,,p.Leu304Val,0.841836754219836,0.106328175763265,8
urn:mavedb:00000096-b-1#5229,,,p.Leu306=,0.870709771499329,0.5676984124840351,8
urn:mavedb:00000096-b-1#5230,,,p.Leu306Ala,0.3752068021014771,0.271857256186042,8
urn:mavedb:00000096-b-1#5231,,,p.Leu306Arg,-0.071633098567682,0.3450922074768939,12
urn:mavedb:00000096-b-1#5232,,,p.Leu306Asp,-0.0472776296135136,0.313377948448273,4
urn:mavedb:00000096-b-1#5233,,,p.Leu306Cys,0.986690371755524,0.575434251092953,4
urn:mavedb:00000096-b-1#5234,,,p.Leu306Gln,-0.150369396602825,0.2882835778109749,4
urn:mavedb:00000096-b-1#5235,,,p.Leu306Glu,0.0401977481410926,0.4723566952318079,4
urn:mavedb:00000096-b-1#5236,,,p.Leu306Gly,0.0528685692143789,0.303244081142292,8
urn:mavedb:00000096-b-1#5237,,,p.Leu306His,0.265868913511856,0.1658088738932789,4
urn:mavedb:00000096-b-1#5238,,,p.Leu306Ile,0.475716681391912,0.1115705446897319,4
urn:mavedb:00000096-b-1#5239,,,p.Leu306Lys,0.346607045367071,0.3759172495554059,4
urn:mavedb:00000096-b-1#5240,,,p.Leu306Met,0.8795812983657559,0.3854681764778189,4
urn:mavedb:00000096-b-1#5241,,,p.Leu306Pro,0.154583477813022,0.371569141767428,4
urn:mavedb:00000096-b-1#5242,,,p.Leu306Ser,0.7116571070037561,0.558070066552192,12
urn:mavedb:00000096-b-1#5243,,,p.Leu306Thr,0.524454664654712,0.175280226519522,8
urn:mavedb:00000096-b-1#5244,,,p.Leu306Trp,0.0559055109797698,0.5988141718049279,4
urn:mavedb:00000096-b-1#5245,,,p.Leu306Tyr,0.168184618029146,0.4664790354538289,4
urn:mavedb:00000096-b-1#5246,,,p.Leu306Val,0.8857972588426941,0.232808458666718,8
urn:mavedb:00000096-b-1#5247,,,p.Leu307=,0.775371026556013,0.198690216332611,8
urn:mavedb:00000096-b-1#5248,,,p.Leu307Ala,0.9749495033652852,0.215707536869302,8
urn:mavedb:00000096-b-1#5249,,,p.Leu307Arg,0.9164177333384,0.2650324484158829,12
urn:mavedb:00000096-b-1#5250,,,p.Leu307Asn,0.8693850223639621,0.47404196451009,4
urn:mavedb:00000096-b-1#5251,,,p.Leu307Asp,0.813564263624336,0.340749219342695,4
urn:mavedb:00000096-b-1#5252,,,p.Leu307Cys,0.7491855466378451,0.140832798562281,4
urn:mavedb:00000096-b-1#5253,,,p.Leu307Gln,0.651494363133181,0.2514005520709589,4
urn:mavedb:00000096-b-1#5254,,,p.Leu307Glu,0.6041351699979429,0.121999501891673,4
urn:mavedb:00000096-b-1#5255,,,p.Leu307Gly,0.8045021335604109,0.1611611643234169,4
urn:mavedb:00000096-b-1#5256,,,p.Leu307His,0.5414928207291161,0.127251198968356,4
urn:mavedb:00000096-b-1#5257,,,p.Leu307Ile,0.6595551479096321,0.0679609920749434,4
urn:mavedb:00000096-b-1#5258,,,p.Leu307Lys,0.821782061542879,0.114580270781036,4
urn:mavedb:00000096-b-1#5259,,,p.Leu307Met,1.09074212712859,0.110646075383808,4
urn:mavedb:00000096-b-1#5260,,,p.Leu307Pro,0.0685511044946216,0.190906698270021,8
urn:mavedb:00000096-b-1#5261,,,p.Leu307Ser,0.806238028016136,0.335591281649355,12
urn:mavedb:00000096-b-1#5262,,,p.Leu307Ter,0.0295635595164579,0.641239767037562,4
urn:mavedb:00000096-b-1#5263,,,p.Leu307Thr,0.948716769595305,0.0549871875862298,4
urn:mavedb:00000096-b-1#5264,,,p.Leu307Trp,0.7096745046864,0.0714536937870777,4
urn:mavedb:00000096-b-1#5265,,,p.Leu307Tyr,0.0375359840769209,0.1505810966853119,4
urn:mavedb:00000096-b-1#5266,,,p.Leu307Val,0.8823971318923779,0.15754575407414,8
urn:mavedb:00000096-b-1#5267,,,p.Leu309=,0.7978294239192221,0.41356473089326,12
urn:mavedb:00000096-b-1#5268,,,p.Leu309Ala,0.535129183561779,0.165726178937325,8
urn:mavedb:00000096-b-1#5269,,,p.Leu309Arg,-0.0300067607621373,0.552922840618129,12
urn:mavedb:00000096-b-1#5270,,,p.Leu309Asn,0.299534620734658,0.4968280757197649,4
urn:mavedb:00000096-b-1#5271,,,p.Leu309Asp,-0.0706365703522891,0.432709054528797,4
urn:mavedb:00000096-b-1#5272,,,p.Leu309Cys,0.6488727270293511,0.231785304746268,4
urn:mavedb:00000096-b-1#5273,,,p.Leu309Gln,0.314540738244407,0.519328701732105,4
urn:mavedb:00000096-b-1#5274,,,p.Leu309Glu,-0.0931334732825405,0.35618690780451,4
urn:mavedb:00000096-b-1#5275,,,p.Leu309Gly,0.3914101319206179,0.384458418229563,8
urn:mavedb:00000096-b-1#5276,,,p.Leu309His,0.490172942841706,0.5377856992368371,4
urn:mavedb:00000096-b-1#5277,,,p.Leu309Ile,0.5531790996473229,0.121096219802408,4
urn:mavedb:00000096-b-1#5278,,,p.Leu309Lys,-0.182617244860357,0.454606330919911,4
urn:mavedb:00000096-b-1#5279,,,p.Leu309Met,1.00238244758676,0.752083499247557,4
urn:mavedb:00000096-b-1#5280,,,p.Leu309Phe,0.941545241070211,0.2330125516657629,4
urn:mavedb:00000096-b-1#5281,,,p.Leu309Pro,-0.3773530926052129,0.2922386024651369,4
urn:mavedb:00000096-b-1#5282,,,p.Leu309Ser,-0.281104631918738,0.6005050218726441,8
urn:mavedb:00000096-b-1#5283,,,p.Leu309Thr,0.328255746412895,0.438159042830984,8
urn:mavedb:00000096-b-1#5284,,,p.Leu309Trp,-0.331289227321778,0.5755664540201729,4
urn:mavedb:00000096-b-1#5285,,,p.Leu309Tyr,-0.265377128218051,0.540127410420916,4
urn:mavedb:00000096-b-1#5286,,,p.Leu309Val,0.318780660279426,0.21250637454249,8
urn:mavedb:00000096-b-1#5287,,,p.Leu30Ala,1.08043498077357,0.92165624275277,4
urn:mavedb:00000096-b-1#5288,,,p.Leu30Arg,0.97524255663194,0.256507015376051,12
urn:mavedb:00000096-b-1#5289,,,p.Leu30Asn,0.278943286619601,0.205250616852006,4
urn:mavedb:00000096-b-1#5290,,,p.Leu30Asp,0.6386044304485141,0.276927901030776,4
urn:mavedb:00000096-b-1#5291,,,p.Leu30Cys,0.994508929795729,0.538947966595366,4
urn:mavedb:00000096-b-1#5292,,,p.Leu30Gln,1.1371747571710702,0.1022995141429889,4
urn:mavedb:00000096-b-1#5293,,,p.Leu30Glu,0.9284640093615748,0.243461739614426,4
urn:mavedb:00000096-b-1#5294,,,p.Leu30Gly,0.0140841590317465,0.1994960297179299,8
urn:mavedb:00000096-b-1#5295,,,p.Leu30His,0.642980655678485,0.399846754807612,4
urn:mavedb:00000096-b-1#5296,,,p.Leu30Ile,1.14894154961059,0.1435299976321919,4
urn:mavedb:00000096-b-1#5297,,,p.Leu30Lys,0.4793612675242849,0.7246741152437329,4
urn:mavedb:00000096-b-1#5298,,,p.Leu30Phe,-0.272332202659685,1.26455903531424,4
urn:mavedb:00000096-b-1#5299,,,p.Leu30Pro,-0.0404831608728183,0.422914455745002,4
urn:mavedb:00000096-b-1#5300,,,p.Leu30Ser,0.855088712425527,0.321912361337453,12
urn:mavedb:00000096-b-1#5301,,,p.Leu30Thr,1.02972503659212,0.422756037097984,8
urn:mavedb:00000096-b-1#5302,,,p.Leu30Trp,0.368937328281075,0.223904168553118,4
urn:mavedb:00000096-b-1#5303,,,p.Leu30Tyr,0.48095223474855,0.440385020505868,4
urn:mavedb:00000096-b-1#5304,,,p.Leu30Val,0.949553507262039,0.245724864821113,8
urn:mavedb:00000096-b-1#5305,,,p.Leu314=,0.7849258848634079,0.341959550787811,12
urn:mavedb:00000096-b-1#5306,,,p.Leu314Ala,0.7572053265793951,0.162910588124608,8
urn:mavedb:00000096-b-1#5307,,,p.Leu314Arg,0.6018243095711889,0.2355625263642499,12
urn:mavedb:00000096-b-1#5308,,,p.Leu314Asn,0.317578871528682,0.0902425617724972,4
urn:mavedb:00000096-b-1#5309,,,p.Leu314Asp,0.609746190339042,0.0710889067659282,4
urn:mavedb:00000096-b-1#5310,,,p.Leu314Cys,0.89714488036762,0.0651428664224408,4
urn:mavedb:00000096-b-1#5311,,,p.Leu314Gln,0.766205673728093,0.402284105525532,4
urn:mavedb:00000096-b-1#5312,,,p.Leu314Glu,0.860886508463676,0.35603786617316,4
urn:mavedb:00000096-b-1#5313,,,p.Leu314Gly,0.807927826792867,0.2374177162711689,8
urn:mavedb:00000096-b-1#5314,,,p.Leu314His,0.7304939239372858,0.0782685966307931,4
urn:mavedb:00000096-b-1#5315,,,p.Leu314Ile,0.7242914790362971,0.0681616238992424,4
urn:mavedb:00000096-b-1#5316,,,p.Leu314Lys,0.687726522556414,0.0950927300596298,4
urn:mavedb:00000096-b-1#5317,,,p.Leu314Met,0.997115101143722,0.208859590344545,4
urn:mavedb:00000096-b-1#5318,,,p.Leu314Pro,-0.107977767088301,0.1726834540613719,4
urn:mavedb:00000096-b-1#5319,,,p.Leu314Ser,0.681363328354038,0.145809771318733,12
urn:mavedb:00000096-b-1#5320,,,p.Leu314Thr,0.897226458714903,0.3313882740280889,8
urn:mavedb:00000096-b-1#5321,,,p.Leu314Trp,0.418396893320097,0.0720442734149195,4
urn:mavedb:00000096-b-1#5322,,,p.Leu314Tyr,0.9622781503711442,0.0526059639539473,4
urn:mavedb:00000096-b-1#5323,,,p.Leu314Val,1.10924829599478,0.135475342940345,8
urn:mavedb:00000096-b-1#5324,,,p.Leu315=,1.05744104967931,0.1788097636270689,8
urn:mavedb:00000096-b-1#5325,,,p.Leu315Ala,0.85591705648232,0.0883763756383149,8
urn:mavedb:00000096-b-1#5326,,,p.Leu315Arg,-0.2514482829230319,0.303707364250066,12
urn:mavedb:00000096-b-1#5327,,,p.Leu315Asn,0.0481173802919058,0.512560343839306,4
urn:mavedb:00000096-b-1#5328,,,p.Leu315Asp,0.381922141353017,0.0879625944774385,4
urn:mavedb:00000096-b-1#5329,,,p.Leu315Cys,0.9855035042633108,0.0431585089851449,4
urn:mavedb:00000096-b-1#5330,,,p.Leu315Gln,-0.3657268305251379,0.193997125759749,4
urn:mavedb:00000096-b-1#5331,,,p.Leu315Glu,0.0045701956746619,0.1146921510390309,4
urn:mavedb:00000096-b-1#5332,,,p.Leu315Gly,0.303705858213412,0.172982316020033,8
urn:mavedb:00000096-b-1#5333,,,p.Leu315His,0.362884350317022,0.1037318313100309,4
urn:mavedb:00000096-b-1#5334,,,p.Leu315Ile,0.9333271146826,0.0520225898742626,4
urn:mavedb:00000096-b-1#5335,,,p.Leu315Lys,-0.540434878879089,0.2141206836096789,4
urn:mavedb:00000096-b-1#5336,,,p.Leu315Met,0.9041378224563608,0.6002542797670529,4
urn:mavedb:00000096-b-1#5337,,,p.Leu315Phe,0.0873339990980074,0.638740499114294,4
urn:mavedb:00000096-b-1#5338,,,p.Leu315Pro,0.192469742403423,0.399040920392527,8
urn:mavedb:00000096-b-1#5339,,,p.Leu315Ser,0.3205156471525739,0.291505280548333,12
urn:mavedb:00000096-b-1#5340,,,p.Leu315Thr,0.358440567928445,0.427830729460995,8
urn:mavedb:00000096-b-1#5341,,,p.Leu315Trp,0.261202046897407,0.0860207819696018,4
urn:mavedb:00000096-b-1#5342,,,p.Leu315Tyr,0.144804871998945,0.5265239728831079,4
urn:mavedb:00000096-b-1#5343,,,p.Leu315Val,0.9720256152734128,0.1221594900474949,8
urn:mavedb:00000096-b-1#5344,,,p.Leu324=,1.06231968434035,0.226145012463973,8
urn:mavedb:00000096-b-1#5345,,,p.Leu324Ala,0.264276780539153,0.1301902099682219,8
urn:mavedb:00000096-b-1#5346,,,p.Leu324Arg,0.11936828146499,0.249900763159831,12
urn:mavedb:00000096-b-1#5347,,,p.Leu324Asn,0.124340567334052,0.7745274386902801,4
urn:mavedb:00000096-b-1#5348,,,p.Leu324Asp,0.2234943320685019,0.0946401968410742,4
urn:mavedb:00000096-b-1#5349,,,p.Leu324Cys,0.662046859997453,0.0540639128162767,4
urn:mavedb:00000096-b-1#5350,,,p.Leu324Gln,-0.246734393872046,0.177510255615605,4
urn:mavedb:00000096-b-1#5351,,,p.Leu324Glu,-0.1617741527311409,0.128609430222045,4
urn:mavedb:00000096-b-1#5352,,,p.Leu324Gly,-0.170350273786566,0.225184573358754,8
urn:mavedb:00000096-b-1#5353,,,p.Leu324His,-0.0752400781432061,0.118562051626254,4
urn:mavedb:00000096-b-1#5354,,,p.Leu324Ile,1.04339428331464,0.150036766066774,4
urn:mavedb:00000096-b-1#5355,,,p.Leu324Lys,-0.0231210728067563,0.4212146417810279,4
urn:mavedb:00000096-b-1#5356,,,p.Leu324Met,0.426317290738307,0.493845044747716,4
urn:mavedb:00000096-b-1#5357,,,p.Leu324Phe,0.903287286079359,0.0928086542421343,4
urn:mavedb:00000096-b-1#5358,,,p.Leu324Pro,0.204857128836996,0.284143498449671,8
urn:mavedb:00000096-b-1#5359,,,p.Leu324Ser,0.463410111369976,0.394130700206174,12
urn:mavedb:00000096-b-1#5360,,,p.Leu324Ter,0.3694386187993069,0.7282145399360171,4
urn:mavedb:00000096-b-1#5361,,,p.Leu324Thr,0.419363962154496,0.207021065959626,8
urn:mavedb:00000096-b-1#5362,,,p.Leu324Trp,0.0056422558249678,0.158346231707814,4
urn:mavedb:00000096-b-1#5363,,,p.Leu324Tyr,0.128649011072356,0.126769404111451,4
urn:mavedb:00000096-b-1#5364,,,p.Leu324Val,0.7541172665152951,0.241758826287441,4
urn:mavedb:00000096-b-1#5365,,,p.Leu352=,0.630275902257833,0.5208528363790821,12
urn:mavedb:00000096-b-1#5366,,,p.Leu352Ala,0.6220166474139079,0.275862401817831,8
urn:mavedb:00000096-b-1#5367,,,p.Leu352Arg,0.2390129404905699,0.219997727018339,12
urn:mavedb:00000096-b-1#5368,,,p.Leu352Asn,0.394230565851044,0.224177517876986,4
urn:mavedb:00000096-b-1#5369,,,p.Leu352Asp,-0.202884994725625,0.5831340353772729,4
urn:mavedb:00000096-b-1#5370,,,p.Leu352Cys,1.0712298818698298,0.0337054617664667,4
urn:mavedb:00000096-b-1#5371,,,p.Leu352Gln,-0.104576056072305,0.342261928225327,4
urn:mavedb:00000096-b-1#5372,,,p.Leu352Glu,-0.465511731966542,0.201013873602641,4
urn:mavedb:00000096-b-1#5373,,,p.Leu352Gly,0.361309480883886,0.2940811476020289,8
urn:mavedb:00000096-b-1#5374,,,p.Leu352His,-0.0776380227943561,0.124735363462411,4
urn:mavedb:00000096-b-1#5375,,,p.Leu352Ile,0.912367407090795,0.0662132470391681,4
urn:mavedb:00000096-b-1#5376,,,p.Leu352Lys,-0.0366138876860974,0.472032814112983,4
urn:mavedb:00000096-b-1#5377,,,p.Leu352Met,0.826450665223645,0.236175632689416,4
urn:mavedb:00000096-b-1#5378,,,p.Leu352Phe,0.8320716394861801,0.0982483726107442,4
urn:mavedb:00000096-b-1#5379,,,p.Leu352Pro,-0.606996143131875,0.39303861576437,8
urn:mavedb:00000096-b-1#5380,,,p.Leu352Ser,0.60114375167413,0.197720871888828,8
urn:mavedb:00000096-b-1#5381,,,p.Leu352Thr,0.6722902513284971,0.180107416649912,8
urn:mavedb:00000096-b-1#5382,,,p.Leu352Trp,0.420408093516141,0.0950681471964124,4
urn:mavedb:00000096-b-1#5383,,,p.Leu352Tyr,0.439015772463909,0.0704539011828759,4
urn:mavedb:00000096-b-1#5384,,,p.Leu352Val,0.827878782868386,0.303143324496911,8
urn:mavedb:00000096-b-1#5385,,,p.Leu355=,0.757968391596284,0.358032431492612,12
urn:mavedb:00000096-b-1#5386,,,p.Leu355Ala,0.267719980328715,0.19267771406475,8
urn:mavedb:00000096-b-1#5387,,,p.Leu355Arg,0.624381028315936,0.2148036798070189,12
urn:mavedb:00000096-b-1#5388,,,p.Leu355Asn,0.212764511057593,0.102582628164784,4
urn:mavedb:00000096-b-1#5389,,,p.Leu355Asp,-0.305359131603056,0.438850952329349,4
urn:mavedb:00000096-b-1#5390,,,p.Leu355Cys,0.567564599367249,0.283601361073017,4
urn:mavedb:00000096-b-1#5391,,,p.Leu355Gln,0.851722687442288,0.305531225091995,4
urn:mavedb:00000096-b-1#5392,,,p.Leu355Glu,0.426526491431459,0.0920616528322752,4
urn:mavedb:00000096-b-1#5393,,,p.Leu355Gly,0.0197476462669145,0.128288491597273,8
urn:mavedb:00000096-b-1#5394,,,p.Leu355His,0.175924980666838,0.495459311048873,4
urn:mavedb:00000096-b-1#5395,,,p.Leu355Lys,0.334701991380365,0.422388302136954,4
urn:mavedb:00000096-b-1#5396,,,p.Leu355Phe,0.858814086942345,0.077775834755506,4
urn:mavedb:00000096-b-1#5397,,,p.Leu355Pro,-0.5746527202108891,0.306453186892526,8
urn:mavedb:00000096-b-1#5398,,,p.Leu355Ser,0.2134696453812319,0.350081650434755,16
urn:mavedb:00000096-b-1#5399,,,p.Leu355Ter,0.0741848196337233,0.5473572479622171,8
urn:mavedb:00000096-b-1#5400,,,p.Leu355Thr,0.2467833294252589,0.138676483853422,8
urn:mavedb:00000096-b-1#5401,,,p.Leu355Trp,0.4752292322925039,0.121910443937403,4
urn:mavedb:00000096-b-1#5402,,,p.Leu355Tyr,0.6144969059508121,0.0659982507687031,4
urn:mavedb:00000096-b-1#5403,,,p.Leu355Val,0.5404520028851749,0.0833320610858207,8
urn:mavedb:00000096-b-1#5404,,,p.Leu357=,0.800632515282134,0.31557832664468,16
urn:mavedb:00000096-b-1#5405,,,p.Leu357Ala,0.6759570517947739,0.15783355258232,8
urn:mavedb:00000096-b-1#5406,,,p.Leu357Arg,0.8252335932046829,0.296386339765605,8
urn:mavedb:00000096-b-1#5407,,,p.Leu357Asn,0.630352843832316,0.0732756199274724,4
urn:mavedb:00000096-b-1#5408,,,p.Leu357Asp,0.7834461806894691,0.0777032689461961,4
urn:mavedb:00000096-b-1#5409,,,p.Leu357Cys,1.02077604149069,0.816829515620187,4
urn:mavedb:00000096-b-1#5410,,,p.Leu357Gln,0.688256971568041,0.0814216663201163,4
urn:mavedb:00000096-b-1#5411,,,p.Leu357Glu,0.837875788934734,0.198725715282087,4
urn:mavedb:00000096-b-1#5412,,,p.Leu357Gly,0.462144587695071,0.346256908908499,8
urn:mavedb:00000096-b-1#5413,,,p.Leu357His,0.352015430125661,0.490232074722927,4
urn:mavedb:00000096-b-1#5414,,,p.Leu357Ile,0.879315638962532,0.0852914636273948,4
urn:mavedb:00000096-b-1#5415,,,p.Leu357Met,0.689306700529843,0.486364952229939,4
urn:mavedb:00000096-b-1#5416,,,p.Leu357Phe,1.04495139449198,0.102965238753125,4
urn:mavedb:00000096-b-1#5417,,,p.Leu357Pro,0.48892075912453,0.310474265188271,8
urn:mavedb:00000096-b-1#5418,,,p.Leu357Ser,1.05730124198502,0.309158944019548,16
urn:mavedb:00000096-b-1#5419,,,p.Leu357Ter,-0.220623398048146,0.1119278149715749,4
urn:mavedb:00000096-b-1#5420,,,p.Leu357Thr,0.850894100228245,0.214333498170174,8
urn:mavedb:00000096-b-1#5421,,,p.Leu357Trp,0.876150656843476,0.613707179103416,4
urn:mavedb:00000096-b-1#5422,,,p.Leu357Tyr,0.90432000060914,0.142159908684859,4
urn:mavedb:00000096-b-1#5423,,,p.Leu357Val,0.7968706320899879,0.0581922734573394,8
urn:mavedb:00000096-b-1#5424,,,p.Leu386=,1.26118553702953,0.16224135151851,8
urn:mavedb:00000096-b-1#5425,,,p.Leu386Ala,0.850117020747672,0.0772417930723468,8
urn:mavedb:00000096-b-1#5426,,,p.Leu386Arg,-0.0190947712601372,0.229217916230285,12
urn:mavedb:00000096-b-1#5427,,,p.Leu386Asn,0.3489216879096359,0.610573842180523,4
urn:mavedb:00000096-b-1#5428,,,p.Leu386Asp,0.159526651698368,0.0826588913739136,4
urn:mavedb:00000096-b-1#5429,,,p.Leu386Cys,0.890116427978515,0.148820163230562,4
urn:mavedb:00000096-b-1#5430,,,p.Leu386Gln,0.438161182460809,0.219350791480435,4
urn:mavedb:00000096-b-1#5431,,,p.Leu386Glu,-0.0674437938995554,0.108797998207571,4
urn:mavedb:00000096-b-1#5432,,,p.Leu386Gly,0.1944634357435939,0.114621917044194,8
urn:mavedb:00000096-b-1#5433,,,p.Leu386His,0.378421471422798,0.148612756016732,4
urn:mavedb:00000096-b-1#5434,,,p.Leu386Ile,0.842551559019633,0.1475121508775619,4
urn:mavedb:00000096-b-1#5435,,,p.Leu386Lys,-0.0249108792708971,0.7026502363756328,4
urn:mavedb:00000096-b-1#5436,,,p.Leu386Met,0.8674145207824271,0.419655903642991,4
urn:mavedb:00000096-b-1#5437,,,p.Leu386Phe,0.523788127774037,0.901628851449116,8
urn:mavedb:00000096-b-1#5438,,,p.Leu386Pro,-0.377939560336655,0.469326126259761,8
urn:mavedb:00000096-b-1#5439,,,p.Leu386Ser,0.2412817213893749,0.309761677107443,12
urn:mavedb:00000096-b-1#5440,,,p.Leu386Ter,0.233011673901821,0.308202704374315,4
urn:mavedb:00000096-b-1#5441,,,p.Leu386Thr,1.11064380897775,0.326347494874582,8
urn:mavedb:00000096-b-1#5442,,,p.Leu386Trp,0.3658547380732679,0.13998856681939,4
urn:mavedb:00000096-b-1#5443,,,p.Leu386Tyr,0.550437422508831,0.6531918231147571,4
urn:mavedb:00000096-b-1#5444,,,p.Leu386Val,1.04151533302709,0.111016589883064,8
urn:mavedb:00000096-b-1#5445,,,p.Leu415=,0.8647736561522429,0.197927733495893,12
urn:mavedb:00000096-b-1#5446,,,p.Leu415Ala,0.9637403225174208,0.67251431752184,8
urn:mavedb:00000096-b-1#5447,,,p.Leu415Arg,0.7731652644318231,0.204812792203005,12
urn:mavedb:00000096-b-1#5448,,,p.Leu415Asn,0.931231342228268,0.412371217672997,4
urn:mavedb:00000096-b-1#5449,,,p.Leu415Cys,1.08701713297972,0.2109224874031069,4
urn:mavedb:00000096-b-1#5450,,,p.Leu415Gln,0.994999981991688,0.135716693885206,4
urn:mavedb:00000096-b-1#5451,,,p.Leu415Glu,0.80446600476338,0.278387264773883,4
urn:mavedb:00000096-b-1#5452,,,p.Leu415Gly,0.9598000394850128,0.123916191547144,4
urn:mavedb:00000096-b-1#5453,,,p.Leu415His,0.738300833491136,0.269648037704824,4
urn:mavedb:00000096-b-1#5454,,,p.Leu415Ile,0.6818476450590931,0.131280723786483,4
urn:mavedb:00000096-b-1#5455,,,p.Leu415Lys,0.805433616867692,0.140824721095919,4
urn:mavedb:00000096-b-1#5456,,,p.Leu415Met,0.958326782210516,0.668408994030938,4
urn:mavedb:00000096-b-1#5457,,,p.Leu415Phe,0.7110437350064441,0.250788487311709,4
urn:mavedb:00000096-b-1#5458,,,p.Leu415Pro,0.476859315775378,0.2375784920711129,8
urn:mavedb:00000096-b-1#5459,,,p.Leu415Ser,0.8467150841240608,0.277516853020573,12
urn:mavedb:00000096-b-1#5460,,,p.Leu415Ter,-0.0494920759859945,0.923733312757685,4
urn:mavedb:00000096-b-1#5461,,,p.Leu415Thr,0.881401739991511,0.4115070830911989,8
urn:mavedb:00000096-b-1#5462,,,p.Leu415Trp,0.819950198387744,0.468572722311089,4
urn:mavedb:00000096-b-1#5463,,,p.Leu415Val,0.6739056018241272,0.3704102707423329,8
urn:mavedb:00000096-b-1#5464,,,p.Leu430=,0.9933534145682192,0.156859237170369,12
urn:mavedb:00000096-b-1#5465,,,p.Leu430Ala,0.395714860085975,0.2263716017709419,8
urn:mavedb:00000096-b-1#5466,,,p.Leu430Arg,-0.0887448665990195,0.224876667327167,12
urn:mavedb:00000096-b-1#5467,,,p.Leu430Asn,0.470503124028214,0.25728059620665,4
urn:mavedb:00000096-b-1#5468,,,p.Leu430Asp,0.0727264033424195,0.0813606856015122,4
urn:mavedb:00000096-b-1#5469,,,p.Leu430Cys,0.238652953519102,0.0646971819927604,4
urn:mavedb:00000096-b-1#5470,,,p.Leu430Gln,0.4500487540164289,0.078765559249036,4
urn:mavedb:00000096-b-1#5471,,,p.Leu430Glu,-0.0877099906469862,0.30954372838647,4
urn:mavedb:00000096-b-1#5472,,,p.Leu430Gly,-0.1100092684323369,0.341686096259128,8
urn:mavedb:00000096-b-1#5473,,,p.Leu430His,0.74366718707307,0.4674681381520579,4
urn:mavedb:00000096-b-1#5474,,,p.Leu430Ile,0.7856168883720671,0.0939988407459946,4
urn:mavedb:00000096-b-1#5475,,,p.Leu430Lys,-0.215193016550987,0.1267644623766919,4
urn:mavedb:00000096-b-1#5476,,,p.Leu430Met,0.6006423250270401,0.2978431238713749,4
urn:mavedb:00000096-b-1#5477,,,p.Leu430Phe,0.706435569722646,0.155891980178017,4
urn:mavedb:00000096-b-1#5478,,,p.Leu430Pro,0.104163560662029,0.38378174936469,8
urn:mavedb:00000096-b-1#5479,,,p.Leu430Ser,0.3648035276964099,0.226931048311672,12
urn:mavedb:00000096-b-1#5480,,,p.Leu430Ter,0.471948163416881,0.4106020594681099,4
urn:mavedb:00000096-b-1#5481,,,p.Leu430Thr,-0.0427160198238693,0.165083670221259,8
urn:mavedb:00000096-b-1#5482,,,p.Leu430Trp,0.442864465081263,0.0672187412273856,4
urn:mavedb:00000096-b-1#5483,,,p.Leu430Tyr,0.3488474202173869,0.1177982690653669,4
urn:mavedb:00000096-b-1#5484,,,p.Leu430Val,0.2590641799911489,0.0940430744632592,8
urn:mavedb:00000096-b-1#5485,,,p.Leu45=,0.924119174833146,0.2998386224598839,8
urn:mavedb:00000096-b-1#5486,,,p.Leu451=,1.10200347078925,0.0800213573696316,12
urn:mavedb:00000096-b-1#5487,,,p.Leu451Ala,0.904375455803317,0.0502288861710586,8
urn:mavedb:00000096-b-1#5488,,,p.Leu451Arg,1.08523822950907,0.151128176991433,8
urn:mavedb:00000096-b-1#5489,,,p.Leu451Asp,0.689200760255976,0.0620137783734115,4
urn:mavedb:00000096-b-1#5490,,,p.Leu451Cys,0.835312129959268,0.105150661744572,4
urn:mavedb:00000096-b-1#5491,,,p.Leu451Gln,0.9046142345000352,0.127800200722726,4
urn:mavedb:00000096-b-1#5492,,,p.Leu451Glu,0.626342194187844,0.0521250832304627,4
urn:mavedb:00000096-b-1#5493,,,p.Leu451Gly,0.912637780080754,0.0627211007779311,8
urn:mavedb:00000096-b-1#5494,,,p.Leu451His,0.800881967828404,0.0512918993900915,4
urn:mavedb:00000096-b-1#5495,,,p.Leu451Ile,0.964028550798606,0.0965827570357216,4
urn:mavedb:00000096-b-1#5496,,,p.Leu451Lys,0.586959526297365,0.3584654858400661,4
urn:mavedb:00000096-b-1#5497,,,p.Leu451Met,0.8855448418943721,0.077725360766857,4
urn:mavedb:00000096-b-1#5498,,,p.Leu451Phe,1.04601307025791,0.0799556227365668,4
urn:mavedb:00000096-b-1#5499,,,p.Leu451Pro,0.677502862755036,0.155011653743666,8
urn:mavedb:00000096-b-1#5500,,,p.Leu451Ser,0.7913981734576809,0.0840544416929958,12
urn:mavedb:00000096-b-1#5501,,,p.Leu451Ter,0.514778958758217,0.2185626016311199,8
urn:mavedb:00000096-b-1#5502,,,p.Leu451Thr,0.695395410257179,0.166962967700953,8
urn:mavedb:00000096-b-1#5503,,,p.Leu451Trp,0.917053795205653,0.0433153246648201,4
urn:mavedb:00000096-b-1#5504,,,p.Leu451Tyr,0.766893487928731,0.142452621901105,4
urn:mavedb:00000096-b-1#5505,,,p.Leu451Val,0.869325283140129,0.0904906149281768,8
urn:mavedb:00000096-b-1#5506,,,p.Leu45Ala,0.288342370293015,0.265269565028106,8
urn:mavedb:00000096-b-1#5507,,,p.Leu45Arg,0.416926633232084,0.3367143396692659,12
urn:mavedb:00000096-b-1#5508,,,p.Leu45Asn,0.253422234638661,0.346385798845243,4
urn:mavedb:00000096-b-1#5509,,,p.Leu45Asp,-0.546939123409356,0.6448222226743411,4
urn:mavedb:00000096-b-1#5510,,,p.Leu45Cys,0.669885105745631,0.4669409109521579,4
urn:mavedb:00000096-b-1#5511,,,p.Leu45Gln,0.2274280552544139,0.192165827913623,4
urn:mavedb:00000096-b-1#5512,,,p.Leu45Glu,0.2828847125820949,0.582134287168377,4
urn:mavedb:00000096-b-1#5513,,,p.Leu45Gly,-0.0961551844475047,0.1694541392677559,8
urn:mavedb:00000096-b-1#5514,,,p.Leu45His,0.363263139516622,0.13820077023382,4
urn:mavedb:00000096-b-1#5515,,,p.Leu45Ile,0.516593733798627,0.749746466814429,4
urn:mavedb:00000096-b-1#5516,,,p.Leu45Lys,0.1924193907106219,0.340821660178115,4
urn:mavedb:00000096-b-1#5517,,,p.Leu45Pro,-0.0406426792711809,0.3683378823193689,8
urn:mavedb:00000096-b-1#5518,,,p.Leu45Ser,0.224176087086916,0.362059702726367,8
urn:mavedb:00000096-b-1#5519,,,p.Leu45Thr,0.474386842161236,0.180592342671138,8
urn:mavedb:00000096-b-1#5520,,,p.Leu45Trp,0.310611114492884,0.110030815186717,4
urn:mavedb:00000096-b-1#5521,,,p.Leu45Tyr,-0.0967679991902734,0.14312654561923,4
urn:mavedb:00000096-b-1#5522,,,p.Leu45Val,0.6644212025648321,0.5670045841464301,8
urn:mavedb:00000096-b-1#5523,,,p.Leu463=,0.906239812101609,0.216558323666156,8
urn:mavedb:00000096-b-1#5524,,,p.Leu463Ala,1.08244206904391,0.1018027279089359,8
urn:mavedb:00000096-b-1#5525,,,p.Leu463Arg,1.04360455227726,0.0858706730713471,12
urn:mavedb:00000096-b-1#5526,,,p.Leu463Asn,0.7959830106148499,0.0674747417949113,4
urn:mavedb:00000096-b-1#5527,,,p.Leu463Asp,0.916027118894823,0.0411940277183574,4
urn:mavedb:00000096-b-1#5528,,,p.Leu463Cys,0.969665725577905,0.0328219149259006,4
urn:mavedb:00000096-b-1#5529,,,p.Leu463Gln,1.09579551383249,0.154234530100795,4
urn:mavedb:00000096-b-1#5530,,,p.Leu463Glu,1.05631473118912,0.0408330202159276,4
urn:mavedb:00000096-b-1#5531,,,p.Leu463Gly,1.00968315682565,0.084529833871873,8
urn:mavedb:00000096-b-1#5532,,,p.Leu463His,0.720146050132458,0.0708110058250887,4
urn:mavedb:00000096-b-1#5533,,,p.Leu463Lys,1.09611225507406,0.0418929917960707,4
urn:mavedb:00000096-b-1#5534,,,p.Leu463Met,1.03304257272966,0.083869923504198,4
urn:mavedb:00000096-b-1#5535,,,p.Leu463Phe,0.819205937089465,0.074461533489371,4
urn:mavedb:00000096-b-1#5536,,,p.Leu463Pro,0.992427982195828,0.1928487253111339,8
urn:mavedb:00000096-b-1#5537,,,p.Leu463Ser,1.07115500500328,0.0810356793287624,12
urn:mavedb:00000096-b-1#5538,,,p.Leu463Ter,1.19102919197006,0.0398021255664889,4
urn:mavedb:00000096-b-1#5539,,,p.Leu463Thr,0.862642508055616,0.0630887164021623,8
urn:mavedb:00000096-b-1#5540,,,p.Leu463Trp,1.00289093277329,0.0386985385683174,4
urn:mavedb:00000096-b-1#5541,,,p.Leu463Val,1.02988275069698,0.150576924935335,8
urn:mavedb:00000096-b-1#5542,,,p.Leu47=,1.19540760560007,0.203196299106323,12
urn:mavedb:00000096-b-1#5543,,,p.Leu47Ala,0.496869009321527,0.266768738485477,8
urn:mavedb:00000096-b-1#5544,,,p.Leu47Arg,0.896717955960038,0.2846540383003569,12
urn:mavedb:00000096-b-1#5545,,,p.Leu47Asn,0.8993532259624151,0.142255086303816,4
urn:mavedb:00000096-b-1#5546,,,p.Leu47Asp,1.29613999997147,0.158725260436906,4
urn:mavedb:00000096-b-1#5547,,,p.Leu47Cys,1.00219841936223,0.0645191886125657,4
urn:mavedb:00000096-b-1#5548,,,p.Leu47Gln,1.1450013386080802,0.0915532029888915,4
urn:mavedb:00000096-b-1#5549,,,p.Leu47Glu,1.03390282074318,0.6948734612160941,4
urn:mavedb:00000096-b-1#5550,,,p.Leu47Gly,1.17245187842539,0.2442938648152139,8
urn:mavedb:00000096-b-1#5551,,,p.Leu47His,0.559057214972504,0.297729945719418,4
urn:mavedb:00000096-b-1#5552,,,p.Leu47Ile,0.8497506632741589,0.0813620324575095,4
urn:mavedb:00000096-b-1#5553,,,p.Leu47Lys,1.06248418689664,0.975326021484877,4
urn:mavedb:00000096-b-1#5554,,,p.Leu47Met,1.04801148074275,0.0671587682213962,4
urn:mavedb:00000096-b-1#5555,,,p.Leu47Phe,0.976165818112026,0.1284592834402819,4
urn:mavedb:00000096-b-1#5556,,,p.Leu47Pro,0.4568038529925239,0.7162716750554541,8
urn:mavedb:00000096-b-1#5557,,,p.Leu47Ser,0.8806094136947141,0.276691630242652,12
urn:mavedb:00000096-b-1#5558,,,p.Leu47Ter,0.16263292382626,0.124701227979994,4
urn:mavedb:00000096-b-1#5559,,,p.Leu47Thr,0.893371358208957,0.597718863770268,8
urn:mavedb:00000096-b-1#5560,,,p.Leu47Trp,0.499536427496905,0.321836511404555,4
urn:mavedb:00000096-b-1#5561,,,p.Leu47Tyr,1.13629602717246,0.130268699699975,4
urn:mavedb:00000096-b-1#5562,,,p.Leu47Val,0.991791318835883,0.101580913629487,8
urn:mavedb:00000096-b-1#5563,,,p.Leu58=,1.3611712559365,0.25562712703543,8
urn:mavedb:00000096-b-1#5564,,,p.Leu58Ala,0.5416838699275139,0.123286934075523,8
urn:mavedb:00000096-b-1#5565,,,p.Leu58Arg,0.793272469241249,0.1527380178386589,12
urn:mavedb:00000096-b-1#5566,,,p.Leu58Asn,0.9650778236515872,0.142808105555507,4
urn:mavedb:00000096-b-1#5567,,,p.Leu58Asp,1.0368899052663298,0.0695437910980261,4
urn:mavedb:00000096-b-1#5568,,,p.Leu58Cys,0.8513011335313891,0.11109309944105,4
urn:mavedb:00000096-b-1#5569,,,p.Leu58Gln,1.11444909430337,0.2908249426536261,4
urn:mavedb:00000096-b-1#5570,,,p.Leu58Glu,0.917425085609576,0.5681358910580079,4
urn:mavedb:00000096-b-1#5571,,,p.Leu58Gly,0.76084622749522,0.119574495264023,8
urn:mavedb:00000096-b-1#5572,,,p.Leu58His,0.756104134141842,0.094715015559364,4
urn:mavedb:00000096-b-1#5573,,,p.Leu58Ile,0.913575619847486,0.7266817187926758,4
urn:mavedb:00000096-b-1#5574,,,p.Leu58Lys,0.935807440962937,0.8818456355044421,4
urn:mavedb:00000096-b-1#5575,,,p.Leu58Phe,0.916240056525024,0.9365614292791008,8
urn:mavedb:00000096-b-1#5576,,,p.Leu58Pro,-0.4156473969770221,0.354276394360595,8
urn:mavedb:00000096-b-1#5577,,,p.Leu58Ser,0.6956928581782541,0.356112398448424,12
urn:mavedb:00000096-b-1#5578,,,p.Leu58Thr,0.518952428432479,0.28001119827001,8
urn:mavedb:00000096-b-1#5579,,,p.Leu58Trp,0.996404186551467,0.0634586020271079,4
urn:mavedb:00000096-b-1#5580,,,p.Leu58Tyr,1.33794414358417,0.125395111546869,4
urn:mavedb:00000096-b-1#5581,,,p.Leu58Val,1.00580871695221,0.1005451359395149,8
urn:mavedb:00000096-b-1#5582,,,p.Leu75=,0.8175903003088699,0.150615875207091,8
urn:mavedb:00000096-b-1#5583,,,p.Leu75Ala,0.548922993913415,0.107357850744145,8
urn:mavedb:00000096-b-1#5584,,,p.Leu75Arg,0.392421655574904,0.230392240570836,12
urn:mavedb:00000096-b-1#5585,,,p.Leu75Asn,0.0619059477891232,0.4913155186409289,4
urn:mavedb:00000096-b-1#5586,,,p.Leu75Asp,0.6361673579323011,0.208124490015596,4
urn:mavedb:00000096-b-1#5587,,,p.Leu75Cys,0.622570936471332,0.0559478522601225,4
urn:mavedb:00000096-b-1#5588,,,p.Leu75Gln,0.2198395861591039,0.0966194614264167,4
urn:mavedb:00000096-b-1#5589,,,p.Leu75Glu,0.124826903408136,0.10462761316984,4
urn:mavedb:00000096-b-1#5590,,,p.Leu75Gly,0.245268685401898,0.2403838129482879,8
urn:mavedb:00000096-b-1#5591,,,p.Leu75His,0.431232253360184,0.357981087795949,4
urn:mavedb:00000096-b-1#5592,,,p.Leu75Ile,0.467233016091394,0.0790317214556799,4
urn:mavedb:00000096-b-1#5593,,,p.Leu75Lys,0.269638363270746,0.2007799560961869,4
urn:mavedb:00000096-b-1#5594,,,p.Leu75Met,0.83679240295839,0.0825367411025578,4
urn:mavedb:00000096-b-1#5595,,,p.Leu75Phe,0.4739649362697929,0.0877590738275431,4
urn:mavedb:00000096-b-1#5596,,,p.Leu75Pro,0.264408891631112,0.4707238499989339,8
urn:mavedb:00000096-b-1#5597,,,p.Leu75Ser,0.5081564468598679,0.295203351294632,12
urn:mavedb:00000096-b-1#5598,,,p.Leu75Thr,0.370004412281426,0.163386709468765,8
urn:mavedb:00000096-b-1#5599,,,p.Leu75Trp,0.470849157640566,0.36795650124698,4
urn:mavedb:00000096-b-1#5600,,,p.Leu75Tyr,0.316926233414588,0.186508948054443,4
urn:mavedb:00000096-b-1#5601,,,p.Leu75Val,0.795587420057908,0.142779175153503,8
urn:mavedb:00000096-b-1#5602,,,p.Leu77=,0.719174231407723,0.19856370921334,12
urn:mavedb:00000096-b-1#5603,,,p.Leu77Ala,1.14496680906154,0.0750106095688805,8
urn:mavedb:00000096-b-1#5604,,,p.Leu77Arg,0.192331317977441,0.201646878590083,12
urn:mavedb:00000096-b-1#5605,,,p.Leu77Asn,0.527584988023483,0.332740962437041,4
urn:mavedb:00000096-b-1#5606,,,p.Leu77Asp,0.670841883573961,0.0547865524199934,4
urn:mavedb:00000096-b-1#5607,,,p.Leu77Cys,1.15712550493416,0.0967779515979357,4
urn:mavedb:00000096-b-1#5608,,,p.Leu77Gln,0.178010739215792,0.1259693150737069,4
urn:mavedb:00000096-b-1#5609,,,p.Leu77Glu,0.402948659391711,0.0694903766922337,4
urn:mavedb:00000096-b-1#5610,,,p.Leu77Gly,0.902915211885372,0.0712728129821854,8
urn:mavedb:00000096-b-1#5611,,,p.Leu77His,0.70870755923603,0.090688114866263,4
urn:mavedb:00000096-b-1#5612,,,p.Leu77Ile,0.827804397663193,0.0670644887721332,4
urn:mavedb:00000096-b-1#5613,,,p.Leu77Lys,0.194153664949755,0.172583384874679,4
urn:mavedb:00000096-b-1#5614,,,p.Leu77Met,0.8159832955620459,0.0529707538159628,4
urn:mavedb:00000096-b-1#5615,,,p.Leu77Phe,0.760070468398836,0.0560291244045856,4
urn:mavedb:00000096-b-1#5616,,,p.Leu77Pro,0.4656532000457039,0.130909773605786,8
urn:mavedb:00000096-b-1#5617,,,p.Leu77Ser,0.6059617744243521,0.150265196477858,12
urn:mavedb:00000096-b-1#5618,,,p.Leu77Ter,-0.0159371070872732,0.1050446251806909,4
urn:mavedb:00000096-b-1#5619,,,p.Leu77Thr,0.732303203850455,0.16567859599511,8
urn:mavedb:00000096-b-1#5620,,,p.Leu77Trp,0.8847416266775641,0.114631972152216,4
urn:mavedb:00000096-b-1#5621,,,p.Leu77Tyr,0.573213714711556,0.0574329883185022,4
urn:mavedb:00000096-b-1#5622,,,p.Leu77Val,0.9557890864638507,0.0682017215707639,8
urn:mavedb:00000096-b-1#5623,,,p.Leu79=,1.0267649045121,0.370438454960818,12
urn:mavedb:00000096-b-1#5624,,,p.Leu79Ala,0.800141056110329,0.302591678517951,8
urn:mavedb:00000096-b-1#5625,,,p.Leu79Arg,0.723280452122975,0.247756790698714,12
urn:mavedb:00000096-b-1#5626,,,p.Leu79Asn,0.7286840380569509,0.2458885231050799,4
urn:mavedb:00000096-b-1#5627,,,p.Leu79Asp,0.227437712476926,0.171331655564037,4
urn:mavedb:00000096-b-1#5628,,,p.Leu79Cys,1.0703045153398398,0.0483284205014528,4
urn:mavedb:00000096-b-1#5629,,,p.Leu79Gln,0.8368519503235992,0.142187491921285,4
urn:mavedb:00000096-b-1#5630,,,p.Leu79Glu,0.685720492242484,0.468527621125952,4
urn:mavedb:00000096-b-1#5631,,,p.Leu79Gly,0.9020311473736758,0.238271779577188,8
urn:mavedb:00000096-b-1#5632,,,p.Leu79Ile,1.20046494670314,0.0529167920354183,4
urn:mavedb:00000096-b-1#5633,,,p.Leu79Lys,0.762707014109948,0.0850228053507176,4
urn:mavedb:00000096-b-1#5634,,,p.Leu79Met,0.9930422799717772,0.11983861824792,4
urn:mavedb:00000096-b-1#5635,,,p.Leu79Phe,0.5520247237465,0.1919217917452589,4
urn:mavedb:00000096-b-1#5636,,,p.Leu79Pro,-0.3447725564466939,0.435080382630979,8
urn:mavedb:00000096-b-1#5637,,,p.Leu79Ser,0.6354845887031779,0.1876956454706939,12
urn:mavedb:00000096-b-1#5638,,,p.Leu79Ter,-0.4326751403503571,1.1551065974663202,4
urn:mavedb:00000096-b-1#5639,,,p.Leu79Thr,0.588494773099552,0.5996763992450179,8
urn:mavedb:00000096-b-1#5640,,,p.Leu79Trp,1.1491911784658102,0.222474900913616,4
urn:mavedb:00000096-b-1#5641,,,p.Leu79Tyr,1.12692808603003,0.0832160287895104,4
urn:mavedb:00000096-b-1#5642,,,p.Leu79Val,0.910272571850501,0.30140588013373,8
urn:mavedb:00000096-b-1#5643,,,p.Leu88=,0.848286952562122,0.298262201137138,12
urn:mavedb:00000096-b-1#5644,,,p.Leu88Ala,0.797548381569055,0.158482938746408,8
urn:mavedb:00000096-b-1#5645,,,p.Leu88Arg,0.499942276079544,0.1611014754996109,12
urn:mavedb:00000096-b-1#5646,,,p.Leu88Asn,1.06801536700908,0.0620897303639193,4
urn:mavedb:00000096-b-1#5647,,,p.Leu88Asp,0.769217589320802,0.180484594416941,4
urn:mavedb:00000096-b-1#5648,,,p.Leu88Cys,0.8964909530542541,0.0613586708654937,4
urn:mavedb:00000096-b-1#5649,,,p.Leu88Glu,0.902273572536072,0.425016255579876,4
urn:mavedb:00000096-b-1#5650,,,p.Leu88Gly,0.6931357849685469,0.16946762894287,8
urn:mavedb:00000096-b-1#5651,,,p.Leu88His,0.697039091831743,0.101968804394121,4
urn:mavedb:00000096-b-1#5652,,,p.Leu88Ile,0.5931672400958579,0.0959918524285762,4
urn:mavedb:00000096-b-1#5653,,,p.Leu88Lys,0.490341308846127,0.635121313815846,4
urn:mavedb:00000096-b-1#5654,,,p.Leu88Met,0.743245675424674,0.366264346548195,4
urn:mavedb:00000096-b-1#5655,,,p.Leu88Phe,0.588796140989372,0.4028884376178089,4
urn:mavedb:00000096-b-1#5656,,,p.Leu88Pro,0.406576131780165,0.4529247006044821,8
urn:mavedb:00000096-b-1#5657,,,p.Leu88Ser,0.956857133067007,0.1519053052268349,12
urn:mavedb:00000096-b-1#5658,,,p.Leu88Thr,0.58897174498585,0.154796088803753,8
urn:mavedb:00000096-b-1#5659,,,p.Leu88Trp,0.9543752063717292,0.299327896986529,4
urn:mavedb:00000096-b-1#5660,,,p.Leu88Tyr,0.8947839894487409,0.0800132831159619,4
urn:mavedb:00000096-b-1#5661,,,p.Leu88Val,0.8691395129899671,0.14953588196328,8
urn:mavedb:00000096-b-1#5662,,,p.Lys102Ala,0.762385291523297,0.0932326151622836,4
urn:mavedb:00000096-b-1#5663,,,p.Lys102Arg,0.80633417681756,0.334743531336281,12
urn:mavedb:00000096-b-1#5664,,,p.Lys102Asn,-0.241990936960462,1.29692048826192,4
urn:mavedb:00000096-b-1#5665,,,p.Lys102Asp,0.8319271412109358,0.381549900860504,4
urn:mavedb:00000096-b-1#5666,,,p.Lys102Cys,0.77620821775896,0.262360538834705,4
urn:mavedb:00000096-b-1#5667,,,p.Lys102Gln,1.18407096134673,0.1099244193474619,4
urn:mavedb:00000096-b-1#5668,,,p.Lys102Glu,0.99243823942496,0.252153078743394,4
urn:mavedb:00000096-b-1#5669,,,p.Lys102Gly,1.0118170226833,0.206255100495989,8
urn:mavedb:00000096-b-1#5670,,,p.Lys102His,0.453110009216646,0.126984715824046,4
urn:mavedb:00000096-b-1#5671,,,p.Lys102Ile,0.993312998040978,0.0801141820846179,4
urn:mavedb:00000096-b-1#5672,,,p.Lys102Leu,0.673126412057386,0.1590932879314689,12
urn:mavedb:00000096-b-1#5673,,,p.Lys102Met,0.726036848683789,0.7449548922542429,4
urn:mavedb:00000096-b-1#5674,,,p.Lys102Phe,1.0365365679602498,0.126877800800821,4
urn:mavedb:00000096-b-1#5675,,,p.Lys102Pro,0.0060975052909674,0.562888909281288,8
urn:mavedb:00000096-b-1#5676,,,p.Lys102Ser,0.643522782762452,0.160617270124195,12
urn:mavedb:00000096-b-1#5677,,,p.Lys102Ter,0.4320371826542801,0.7960243848318559,4
urn:mavedb:00000096-b-1#5678,,,p.Lys102Thr,0.681412671112023,0.519047813423914,8
urn:mavedb:00000096-b-1#5679,,,p.Lys102Trp,0.8845482909640681,0.0661791721555877,4
urn:mavedb:00000096-b-1#5680,,,p.Lys102Tyr,0.8246294629452349,0.0864103778764295,4
urn:mavedb:00000096-b-1#5681,,,p.Lys102Val,0.7379239047178691,0.166586877463676,8
urn:mavedb:00000096-b-1#5682,,,p.Lys104=,1.31819915677184,0.572387612801867,4
urn:mavedb:00000096-b-1#5683,,,p.Lys104Ala,0.7259268360979999,0.130503753303352,8
urn:mavedb:00000096-b-1#5684,,,p.Lys104Arg,0.8174842282188509,0.4521012915745661,12
urn:mavedb:00000096-b-1#5685,,,p.Lys104Asn,0.765490606197876,1.05633319724565,8
urn:mavedb:00000096-b-1#5686,,,p.Lys104Asp,0.8837766952554391,0.205521952660531,4
urn:mavedb:00000096-b-1#5687,,,p.Lys104Cys,0.476939250268335,0.143496390053935,4
urn:mavedb:00000096-b-1#5688,,,p.Lys104Gln,1.02082299139108,0.0896213329330973,4
urn:mavedb:00000096-b-1#5689,,,p.Lys104Glu,0.9440113740009352,0.236917761409432,4
urn:mavedb:00000096-b-1#5690,,,p.Lys104Gly,0.7695665855698091,0.22076718189695,8
urn:mavedb:00000096-b-1#5691,,,p.Lys104His,0.8302658108398641,0.151165177530662,4
urn:mavedb:00000096-b-1#5692,,,p.Lys104Ile,1.05913275904788,0.0935753895353813,4
urn:mavedb:00000096-b-1#5693,,,p.Lys104Leu,0.97522434659845,0.4026690561940379,12
urn:mavedb:00000096-b-1#5694,,,p.Lys104Met,0.840464542435833,0.34693927903801,4
urn:mavedb:00000096-b-1#5695,,,p.Lys104Phe,0.680554539608673,0.144416165827297,4
urn:mavedb:00000096-b-1#5696,,,p.Lys104Pro,0.950442080682399,0.3241575729576839,8
urn:mavedb:00000096-b-1#5697,,,p.Lys104Ser,0.651148894530416,0.167129261378701,12
urn:mavedb:00000096-b-1#5698,,,p.Lys104Ter,0.397939007677571,0.997482101329948,4
urn:mavedb:00000096-b-1#5699,,,p.Lys104Thr,0.994332471403994,0.220564482184736,8
urn:mavedb:00000096-b-1#5700,,,p.Lys104Trp,0.817776570670779,0.551542338315204,4
urn:mavedb:00000096-b-1#5701,,,p.Lys104Tyr,0.71555135407247,0.4449681449979449,4
urn:mavedb:00000096-b-1#5702,,,p.Lys104Val,0.70178817362361,0.613726130070297,8
urn:mavedb:00000096-b-1#5703,,,p.Lys12=,1.36797149075504,0.650219241884354,4
urn:mavedb:00000096-b-1#5704,,,p.Lys12Ala,1.10394740066489,0.177924184809859,8
urn:mavedb:00000096-b-1#5705,,,p.Lys12Arg,0.963593344528139,0.205763772688545,12
urn:mavedb:00000096-b-1#5706,,,p.Lys12Asn,0.0612629314470316,1.19646367481669,4
urn:mavedb:00000096-b-1#5707,,,p.Lys12Asp,1.54194254457839,0.140144150915598,4
urn:mavedb:00000096-b-1#5708,,,p.Lys12Cys,1.10050226877274,0.0518637561652437,4
urn:mavedb:00000096-b-1#5709,,,p.Lys12Glu,1.32905015149864,0.5353397651813979,4
urn:mavedb:00000096-b-1#5710,,,p.Lys12Gly,1.186518147996,0.18977095746567,8
urn:mavedb:00000096-b-1#5711,,,p.Lys12His,0.943206084778054,0.129256025464618,4
urn:mavedb:00000096-b-1#5712,,,p.Lys12Ile,0.7140220928587541,0.148458097624604,4
urn:mavedb:00000096-b-1#5713,,,p.Lys12Leu,0.9585789621345592,0.2808578201479519,12
urn:mavedb:00000096-b-1#5714,,,p.Lys12Met,1.3476295299789802,0.199258127944476,4
urn:mavedb:00000096-b-1#5715,,,p.Lys12Pro,0.68828213072366,0.197945163411808,8
urn:mavedb:00000096-b-1#5716,,,p.Lys12Ser,1.09667695908733,0.151418875226422,12
urn:mavedb:00000096-b-1#5717,,,p.Lys12Ter,0.0724729294738748,1.13281317569916,4
urn:mavedb:00000096-b-1#5718,,,p.Lys12Thr,0.942709673265704,0.303620939553146,8
urn:mavedb:00000096-b-1#5719,,,p.Lys12Trp,1.00739589203888,0.0736614889176123,4
urn:mavedb:00000096-b-1#5720,,,p.Lys12Tyr,1.13876120163039,0.0609965121600814,4
urn:mavedb:00000096-b-1#5721,,,p.Lys12Val,1.052598380682,0.1211846578003569,8
urn:mavedb:00000096-b-1#5722,,,p.Lys13=,0.774187390177747,0.9592777082605792,4
urn:mavedb:00000096-b-1#5723,,,p.Lys136=,1.21364049185276,0.308311629661073,4
urn:mavedb:00000096-b-1#5724,,,p.Lys136Ala,0.720548179305842,0.0890756519970256,8
urn:mavedb:00000096-b-1#5725,,,p.Lys136Arg,0.9816173767538752,0.136585373407801,12
urn:mavedb:00000096-b-1#5726,,,p.Lys136Asp,0.973481377246717,0.300518666372752,4
urn:mavedb:00000096-b-1#5727,,,p.Lys136Cys,0.9170037233869492,0.140860999432284,4
urn:mavedb:00000096-b-1#5728,,,p.Lys136Gln,0.617610982325814,0.107156349342345,4
urn:mavedb:00000096-b-1#5729,,,p.Lys136Glu,0.6814359799894381,0.752196533705018,4
urn:mavedb:00000096-b-1#5730,,,p.Lys136Gly,0.840533159749621,0.14301950583576,8
urn:mavedb:00000096-b-1#5731,,,p.Lys136His,0.5983591818000129,0.176176168254855,4
urn:mavedb:00000096-b-1#5732,,,p.Lys136Ile,0.8483768093977909,0.150022702984493,4
urn:mavedb:00000096-b-1#5733,,,p.Lys136Leu,0.8994453567799449,0.135279017752049,12
urn:mavedb:00000096-b-1#5734,,,p.Lys136Met,0.720223400177882,0.306391600813363,4
urn:mavedb:00000096-b-1#5735,,,p.Lys136Phe,0.8093281000392459,0.122140062626956,4
urn:mavedb:00000096-b-1#5736,,,p.Lys136Pro,-0.0110803155738979,0.333252928129246,8
urn:mavedb:00000096-b-1#5737,,,p.Lys136Ser,0.7793551461614129,0.245396145587223,12
urn:mavedb:00000096-b-1#5738,,,p.Lys136Ter,0.361096879513779,0.266630464958082,4
urn:mavedb:00000096-b-1#5739,,,p.Lys136Thr,0.6996534875522131,0.227523102619658,8
urn:mavedb:00000096-b-1#5740,,,p.Lys136Trp,0.5271072929272729,0.0634045116757743,4
urn:mavedb:00000096-b-1#5741,,,p.Lys136Tyr,0.7024172029066821,0.232077563550825,4
urn:mavedb:00000096-b-1#5742,,,p.Lys136Val,0.915731161065058,0.123425464338914,8
urn:mavedb:00000096-b-1#5743,,,p.Lys13Ala,0.8895162076433991,0.118600706352181,8
urn:mavedb:00000096-b-1#5744,,,p.Lys13Arg,1.03604209031902,0.099856103120922,12
urn:mavedb:00000096-b-1#5745,,,p.Lys13Asn,0.657015180241838,1.0651197237456,4
urn:mavedb:00000096-b-1#5746,,,p.Lys13Asp,1.1575892008516298,0.28365139956262,4
urn:mavedb:00000096-b-1#5747,,,p.Lys13Cys,0.937789624953213,0.0640932401226491,4
urn:mavedb:00000096-b-1#5748,,,p.Lys13Gln,0.779775973604812,0.56763266181286,4
urn:mavedb:00000096-b-1#5749,,,p.Lys13Glu,1.02038956842094,0.130533205032738,4
urn:mavedb:00000096-b-1#5750,,,p.Lys13Gly,1.24972750619642,0.113830996007083,8
urn:mavedb:00000096-b-1#5751,,,p.Lys13His,0.844269853025956,0.414760328316449,4
urn:mavedb:00000096-b-1#5752,,,p.Lys13Ile,1.07172425239151,0.154392577326786,4
urn:mavedb:00000096-b-1#5753,,,p.Lys13Leu,0.853956050283996,0.0979141703990956,12
urn:mavedb:00000096-b-1#5754,,,p.Lys13Met,0.710070681667142,0.207792695038123,4
urn:mavedb:00000096-b-1#5755,,,p.Lys13Phe,1.06709966916825,0.044308161408154,4
urn:mavedb:00000096-b-1#5756,,,p.Lys13Pro,1.10014578728773,0.2372933221419549,8
urn:mavedb:00000096-b-1#5757,,,p.Lys13Ser,0.973614156903085,0.123847728404744,12
urn:mavedb:00000096-b-1#5758,,,p.Lys13Thr,1.12566288177007,0.138858227274454,8
urn:mavedb:00000096-b-1#5759,,,p.Lys13Trp,0.960189194091601,0.0477712750724567,4
urn:mavedb:00000096-b-1#5760,,,p.Lys13Tyr,1.05442421582473,0.100292082685824,4
urn:mavedb:00000096-b-1#5761,,,p.Lys13Val,0.9389761285398572,0.180195093407368,8
urn:mavedb:00000096-b-1#5762,,,p.Lys140=,0.6579554939382011,0.799753238957119,4
urn:mavedb:00000096-b-1#5763,,,p.Lys140Ala,1.0254018142757,0.119431259083413,8
urn:mavedb:00000096-b-1#5764,,,p.Lys140Arg,0.8721239061951241,0.0932391627413213,8
urn:mavedb:00000096-b-1#5765,,,p.Lys140Asn,0.520709895913479,0.4262381464271629,4
urn:mavedb:00000096-b-1#5766,,,p.Lys140Asp,0.5255487732446189,0.155797259155979,4
urn:mavedb:00000096-b-1#5767,,,p.Lys140Cys,0.764417726062897,0.1293072062769059,4
urn:mavedb:00000096-b-1#5768,,,p.Lys140Gln,1.14136471397785,0.184438311225926,4
urn:mavedb:00000096-b-1#5769,,,p.Lys140Glu,0.588056483062718,0.204843119716075,4
urn:mavedb:00000096-b-1#5770,,,p.Lys140Gly,0.6334785930235359,0.131425082486334,8
urn:mavedb:00000096-b-1#5771,,,p.Lys140His,0.6425478254854571,0.160350200131417,4
urn:mavedb:00000096-b-1#5772,,,p.Lys140Ile,0.8327675697714699,0.186784542326682,4
urn:mavedb:00000096-b-1#5773,,,p.Lys140Leu,1.01183234675084,0.142510866830165,12
urn:mavedb:00000096-b-1#5774,,,p.Lys140Met,0.8290126495955379,0.101596018669509,4
urn:mavedb:00000096-b-1#5775,,,p.Lys140Phe,0.8508807508361609,0.0500497440365661,4
urn:mavedb:00000096-b-1#5776,,,p.Lys140Pro,0.573478652566554,0.3007685424715269,8
urn:mavedb:00000096-b-1#5777,,,p.Lys140Ser,0.620009084967779,0.226923238434526,12
urn:mavedb:00000096-b-1#5778,,,p.Lys140Ter,-0.168611893284186,1.1003511763652298,4
urn:mavedb:00000096-b-1#5779,,,p.Lys140Thr,0.923233939160433,0.246766408476807,8
urn:mavedb:00000096-b-1#5780,,,p.Lys140Trp,0.768397075011764,0.0775234163985663,4
urn:mavedb:00000096-b-1#5781,,,p.Lys140Tyr,0.645294238774768,0.155544449876775,4
urn:mavedb:00000096-b-1#5782,,,p.Lys140Val,0.755791222084558,0.0786291076790151,8
urn:mavedb:00000096-b-1#5783,,,p.Lys142=,1.54041669518632,0.936491723388708,4
urn:mavedb:00000096-b-1#5784,,,p.Lys142Ala,0.812033282270185,0.141231848674934,8
urn:mavedb:00000096-b-1#5785,,,p.Lys142Arg,0.8851424170536079,0.1820776556162469,12
urn:mavedb:00000096-b-1#5786,,,p.Lys142Asn,0.5621673818199039,0.5492093904520701,4
urn:mavedb:00000096-b-1#5787,,,p.Lys142Asp,0.5923767228124921,0.101129419896334,4
urn:mavedb:00000096-b-1#5788,,,p.Lys142Cys,0.961316444367879,0.1796910776431739,4
urn:mavedb:00000096-b-1#5789,,,p.Lys142Gln,1.32403205749594,0.482126199758861,4
urn:mavedb:00000096-b-1#5790,,,p.Lys142Glu,0.975644264874132,0.2035356448712749,4
urn:mavedb:00000096-b-1#5791,,,p.Lys142Gly,0.772387068052143,0.1059392520961659,8
urn:mavedb:00000096-b-1#5792,,,p.Lys142His,0.8673260491614659,0.4623666621538471,4
urn:mavedb:00000096-b-1#5793,,,p.Lys142Ile,0.9255073992324548,0.464259969804792,4
urn:mavedb:00000096-b-1#5794,,,p.Lys142Leu,0.8806041254711829,0.085474589693681,12
urn:mavedb:00000096-b-1#5795,,,p.Lys142Met,1.03285928051373,0.3993329026288739,4
urn:mavedb:00000096-b-1#5796,,,p.Lys142Phe,0.7867904102608392,0.075661364418447,4
urn:mavedb:00000096-b-1#5797,,,p.Lys142Pro,0.670750634031152,0.161351541624606,8
urn:mavedb:00000096-b-1#5798,,,p.Lys142Ser,0.8730509081756259,0.174869506600737,8
urn:mavedb:00000096-b-1#5799,,,p.Lys142Ter,0.211643954309657,0.3969400371390549,4
urn:mavedb:00000096-b-1#5800,,,p.Lys142Thr,0.8506945450571608,0.2187279375517489,8
urn:mavedb:00000096-b-1#5801,,,p.Lys142Trp,0.783036779542433,0.0573380659881931,4
urn:mavedb:00000096-b-1#5802,,,p.Lys142Tyr,0.600115905577843,0.0995238934465465,4
urn:mavedb:00000096-b-1#5803,,,p.Lys142Val,0.991926312011798,0.0769834858215665,8
urn:mavedb:00000096-b-1#5804,,,p.Lys143=,1.0987235010095402,0.755403743502601,4
urn:mavedb:00000096-b-1#5805,,,p.Lys143Ala,0.501930179554803,0.274822598066251,8
urn:mavedb:00000096-b-1#5806,,,p.Lys143Arg,0.7843302249354559,0.257719151591528,12
urn:mavedb:00000096-b-1#5807,,,p.Lys143Asn,0.841829009667312,0.171684306583241,4
urn:mavedb:00000096-b-1#5808,,,p.Lys143Asp,0.510304643926603,0.671812784053267,4
urn:mavedb:00000096-b-1#5809,,,p.Lys143Cys,1.0061928885001,0.395552452359223,4
urn:mavedb:00000096-b-1#5810,,,p.Lys143Gln,1.02988240292443,0.0624490608364798,4
urn:mavedb:00000096-b-1#5811,,,p.Lys143Glu,0.7805765963082529,0.300516423109927,8
urn:mavedb:00000096-b-1#5812,,,p.Lys143Gly,0.87034901216113,0.0762881246317849,8
urn:mavedb:00000096-b-1#5813,,,p.Lys143His,0.847146053891048,0.1657279789411589,4
urn:mavedb:00000096-b-1#5814,,,p.Lys143Ile,0.7825457119150708,0.162081673852366,4
urn:mavedb:00000096-b-1#5815,,,p.Lys143Leu,0.828943251619241,0.133666958215481,12
urn:mavedb:00000096-b-1#5816,,,p.Lys143Met,0.782179811915899,0.1737466042034119,4
urn:mavedb:00000096-b-1#5817,,,p.Lys143Phe,0.6417962303528679,0.7867634602835021,4
urn:mavedb:00000096-b-1#5818,,,p.Lys143Pro,0.6258397398150799,0.202672817108475,8
urn:mavedb:00000096-b-1#5819,,,p.Lys143Ser,0.698677933990736,0.262148450554279,12
urn:mavedb:00000096-b-1#5820,,,p.Lys143Ter,-0.283946284118199,0.622571610939879,4
urn:mavedb:00000096-b-1#5821,,,p.Lys143Thr,1.06809533370796,0.270221973075182,8
urn:mavedb:00000096-b-1#5822,,,p.Lys143Trp,0.7508045410765191,0.0800287232900614,4
urn:mavedb:00000096-b-1#5823,,,p.Lys143Tyr,0.590404910840146,0.0869455794696392,4
urn:mavedb:00000096-b-1#5824,,,p.Lys143Val,0.770322259596688,0.0679032059948183,4
urn:mavedb:00000096-b-1#5825,,,p.Lys15Ala,1.19654448182556,0.144598168988502,8
urn:mavedb:00000096-b-1#5826,,,p.Lys15Arg,0.8897428651872121,0.255053167991126,12
urn:mavedb:00000096-b-1#5827,,,p.Lys15Asn,0.918826996797055,0.872552592434314,8
urn:mavedb:00000096-b-1#5828,,,p.Lys15Asp,0.831537986974493,0.124506118259946,4
urn:mavedb:00000096-b-1#5829,,,p.Lys15Cys,0.604631689029463,0.0724363184919198,4
urn:mavedb:00000096-b-1#5830,,,p.Lys15Gln,0.893347116498131,0.135544351247788,4
urn:mavedb:00000096-b-1#5831,,,p.Lys15Glu,0.5804396703705059,1.01098807092434,4
urn:mavedb:00000096-b-1#5832,,,p.Lys15Gly,1.09800832547952,0.270950181063625,8
urn:mavedb:00000096-b-1#5833,,,p.Lys15His,0.532744647009074,0.1228523417096759,4
urn:mavedb:00000096-b-1#5834,,,p.Lys15Ile,1.1517931035360902,0.1738456316419389,4
urn:mavedb:00000096-b-1#5835,,,p.Lys15Leu,1.02176514247251,0.1690968129238259,12
urn:mavedb:00000096-b-1#5836,,,p.Lys15Met,1.03869460222735,0.2990368754604949,4
urn:mavedb:00000096-b-1#5837,,,p.Lys15Phe,0.822190328010949,0.103894832460913,4
urn:mavedb:00000096-b-1#5838,,,p.Lys15Pro,0.901411917489846,0.3477970377260119,8
urn:mavedb:00000096-b-1#5839,,,p.Lys15Ser,1.1286506215589098,0.120264236748095,12
urn:mavedb:00000096-b-1#5840,,,p.Lys15Thr,1.1644461989819,0.194776602570656,8
urn:mavedb:00000096-b-1#5841,,,p.Lys15Trp,0.795918636566926,0.148144320731656,4
urn:mavedb:00000096-b-1#5842,,,p.Lys15Tyr,0.8323110172317719,0.1234552322249089,4
urn:mavedb:00000096-b-1#5843,,,p.Lys15Val,0.8142525060414431,0.263345698679906,8
urn:mavedb:00000096-b-1#5844,,,p.Lys161Ala,0.8452109389122779,0.224956804152926,8
urn:mavedb:00000096-b-1#5845,,,p.Lys161Arg,1.02646148299096,0.149265899626235,8
urn:mavedb:00000096-b-1#5846,,,p.Lys161Gln,0.703728854503478,0.118438860318849,4
urn:mavedb:00000096-b-1#5847,,,p.Lys161Glu,0.917014527784232,0.743707382747269,4
urn:mavedb:00000096-b-1#5848,,,p.Lys161Gly,0.764343487373742,0.339381989867781,8
urn:mavedb:00000096-b-1#5849,,,p.Lys161Ile,0.749562487503461,0.159935538123895,4
urn:mavedb:00000096-b-1#5850,,,p.Lys161Leu,0.770901340065953,0.0884944712791253,12
urn:mavedb:00000096-b-1#5851,,,p.Lys161Met,0.9640137885295792,0.109642252308027,4
urn:mavedb:00000096-b-1#5852,,,p.Lys161Phe,0.6606051475467529,0.6564417553743621,4
urn:mavedb:00000096-b-1#5853,,,p.Lys161Pro,0.5910262645589339,0.414488144812576,8
urn:mavedb:00000096-b-1#5854,,,p.Lys161Ser,0.612357403898695,0.186527537726778,4
urn:mavedb:00000096-b-1#5855,,,p.Lys161Ter,0.597790705481893,0.8004903354017959,4
urn:mavedb:00000096-b-1#5856,,,p.Lys161Thr,1.07180969124071,0.308019893376176,8
urn:mavedb:00000096-b-1#5857,,,p.Lys161Trp,0.73713925088848,0.967471742815564,4
urn:mavedb:00000096-b-1#5858,,,p.Lys161Val,0.846975881676606,0.0687902505628265,8
urn:mavedb:00000096-b-1#5859,,,p.Lys169Ala,0.725210043810297,0.123274362283267,8
urn:mavedb:00000096-b-1#5860,,,p.Lys169Arg,0.921511367304794,0.241696750321416,8
urn:mavedb:00000096-b-1#5861,,,p.Lys169Asn,0.3915608712208909,0.7643198991596079,4
urn:mavedb:00000096-b-1#5862,,,p.Lys169Asp,1.02749150873327,0.338941039323015,4
urn:mavedb:00000096-b-1#5863,,,p.Lys169Cys,0.821924475997593,0.0731715612886949,4
urn:mavedb:00000096-b-1#5864,,,p.Lys169Gln,0.492355636537799,0.4103860857260349,4
urn:mavedb:00000096-b-1#5865,,,p.Lys169Glu,0.9360001986570892,0.133280532133539,4
urn:mavedb:00000096-b-1#5866,,,p.Lys169Gly,0.8099245896393008,0.0544594202276453,4
urn:mavedb:00000096-b-1#5867,,,p.Lys169His,0.956924073225766,0.0741222775891308,4
urn:mavedb:00000096-b-1#5868,,,p.Lys169Ile,0.7392766280354409,0.207721982299613,4
urn:mavedb:00000096-b-1#5869,,,p.Lys169Leu,0.7892217982609608,0.142265201134307,12
urn:mavedb:00000096-b-1#5870,,,p.Lys169Met,0.899314846545661,0.12940211187679,4
urn:mavedb:00000096-b-1#5871,,,p.Lys169Phe,0.8254803795813009,0.162361322863398,4
urn:mavedb:00000096-b-1#5872,,,p.Lys169Pro,0.998291668272242,0.35905117565708,8
urn:mavedb:00000096-b-1#5873,,,p.Lys169Ser,1.03477402484489,0.23146083733984,12
urn:mavedb:00000096-b-1#5874,,,p.Lys169Ter,0.317781882403598,0.537923400235375,4
urn:mavedb:00000096-b-1#5875,,,p.Lys169Thr,0.931988710348402,0.167756348661955,8
urn:mavedb:00000096-b-1#5876,,,p.Lys169Trp,1.0105673012444498,0.0649641280808863,4
urn:mavedb:00000096-b-1#5877,,,p.Lys169Tyr,0.940437632798078,0.0569497651453909,4
urn:mavedb:00000096-b-1#5878,,,p.Lys169Val,0.9908834741117272,0.0470393798705287,4
urn:mavedb:00000096-b-1#5879,,,p.Lys172=,0.828581448523634,0.0715922642209239,4
urn:mavedb:00000096-b-1#5880,,,p.Lys172Ala,1.11256835706498,0.0633126802185356,8
urn:mavedb:00000096-b-1#5881,,,p.Lys172Arg,0.97170330774305,0.100016463478448,16
urn:mavedb:00000096-b-1#5882,,,p.Lys172Asn,1.09441422116712,0.126868473896694,8
urn:mavedb:00000096-b-1#5883,,,p.Lys172Asp,0.712895917928098,0.0832679162842394,4
urn:mavedb:00000096-b-1#5884,,,p.Lys172Cys,1.04134087832136,0.0456001882556082,4
urn:mavedb:00000096-b-1#5885,,,p.Lys172Gln,1.11868934037172,0.23956339455882,8
urn:mavedb:00000096-b-1#5886,,,p.Lys172Glu,1.01237786668669,0.260033634924429,8
urn:mavedb:00000096-b-1#5887,,,p.Lys172Gly,0.878455005278794,0.0525273165136213,8
urn:mavedb:00000096-b-1#5888,,,p.Lys172His,0.696334393332946,0.1070384571931349,4
urn:mavedb:00000096-b-1#5889,,,p.Lys172Ile,0.835764952491208,0.0390655812092859,4
urn:mavedb:00000096-b-1#5890,,,p.Lys172Leu,1.04822488798341,0.112965506589899,12
urn:mavedb:00000096-b-1#5891,,,p.Lys172Met,0.965671227324986,0.0571145206218142,4
urn:mavedb:00000096-b-1#5892,,,p.Lys172Phe,1.0299740774757802,0.0820220562754765,4
urn:mavedb:00000096-b-1#5893,,,p.Lys172Pro,0.82909096930683,0.2115695829808719,8
urn:mavedb:00000096-b-1#5894,,,p.Lys172Ser,1.04836326978211,0.1429415807670709,12
urn:mavedb:00000096-b-1#5895,,,p.Lys172Ter,-0.160122636923106,0.122341696000367,4
urn:mavedb:00000096-b-1#5896,,,p.Lys172Thr,0.928210627125289,0.103879418716943,8
urn:mavedb:00000096-b-1#5897,,,p.Lys172Trp,0.905517525258482,0.100241335940533,4
urn:mavedb:00000096-b-1#5898,,,p.Lys172Tyr,0.7086371834433021,0.11044185191185,4
urn:mavedb:00000096-b-1#5899,,,p.Lys172Val,0.791324630978461,0.0538708263630448,8
urn:mavedb:00000096-b-1#5900,,,p.Lys190Ala,1.03799559516566,0.203853093319376,8
urn:mavedb:00000096-b-1#5901,,,p.Lys190Arg,0.838504445401828,0.293316361357659,12
urn:mavedb:00000096-b-1#5902,,,p.Lys190Asn,0.9532689571385872,0.367981665739631,8
urn:mavedb:00000096-b-1#5903,,,p.Lys190Asp,0.674095570262549,0.0989268068535947,4
urn:mavedb:00000096-b-1#5904,,,p.Lys190Cys,0.7670448528964351,0.103821210959938,4
urn:mavedb:00000096-b-1#5905,,,p.Lys190Gln,0.937232596740944,0.236804893533374,8
urn:mavedb:00000096-b-1#5906,,,p.Lys190Glu,0.731402319387251,0.217450298697243,4
urn:mavedb:00000096-b-1#5907,,,p.Lys190Gly,1.02091307631298,0.163154710876553,8
urn:mavedb:00000096-b-1#5908,,,p.Lys190His,0.800494579719269,0.0926704518903979,4
urn:mavedb:00000096-b-1#5909,,,p.Lys190Ile,1.18185269746775,0.632884224264766,4
urn:mavedb:00000096-b-1#5910,,,p.Lys190Leu,0.8984080602046558,0.325812328503155,12
urn:mavedb:00000096-b-1#5911,,,p.Lys190Phe,0.997409414142956,0.0719113152134411,4
urn:mavedb:00000096-b-1#5912,,,p.Lys190Pro,0.602206141663673,0.206331190351849,4
urn:mavedb:00000096-b-1#5913,,,p.Lys190Ser,0.974563844065385,0.126311599477381,12
urn:mavedb:00000096-b-1#5914,,,p.Lys190Ter,-0.3046163706220219,0.3184533544410349,4
urn:mavedb:00000096-b-1#5915,,,p.Lys190Thr,0.806610642204078,0.386262582586698,12
urn:mavedb:00000096-b-1#5916,,,p.Lys190Trp,0.931116688714104,0.224536895672911,4
urn:mavedb:00000096-b-1#5917,,,p.Lys190Tyr,0.8148754672416251,0.201371175975126,4
urn:mavedb:00000096-b-1#5918,,,p.Lys190Val,1.00955088724082,0.1868487324620319,8
urn:mavedb:00000096-b-1#5919,,,p.Lys291Ala,-0.0848737448834789,0.254138263302847,4
urn:mavedb:00000096-b-1#5920,,,p.Lys291Arg,0.550958885914465,0.284444272037496,12
urn:mavedb:00000096-b-1#5921,,,p.Lys291Asn,-0.0527935375156167,0.8923295199163599,4
urn:mavedb:00000096-b-1#5922,,,p.Lys291Asp,0.476607793330756,0.354264993732018,4
urn:mavedb:00000096-b-1#5923,,,p.Lys291Cys,0.1975643206460889,0.420571348237517,4
urn:mavedb:00000096-b-1#5924,,,p.Lys291Gln,0.7684121966260681,0.111189293991154,4
urn:mavedb:00000096-b-1#5925,,,p.Lys291Glu,0.523148476895287,0.8534353399994041,4
urn:mavedb:00000096-b-1#5926,,,p.Lys291Gly,0.5407172233572279,0.486433523743751,8
urn:mavedb:00000096-b-1#5927,,,p.Lys291His,-0.0936097035165816,0.212065770802755,4
urn:mavedb:00000096-b-1#5928,,,p.Lys291Ile,0.364805812095325,0.100917288216187,4
urn:mavedb:00000096-b-1#5929,,,p.Lys291Leu,0.245030729243913,0.3442199344547,12
urn:mavedb:00000096-b-1#5930,,,p.Lys291Met,0.7197059354198589,0.5060268675348429,4
urn:mavedb:00000096-b-1#5931,,,p.Lys291Phe,-0.463656536915758,0.180050552875605,4
urn:mavedb:00000096-b-1#5932,,,p.Lys291Pro,-0.307923643969995,0.354875064521873,8
urn:mavedb:00000096-b-1#5933,,,p.Lys291Ser,0.180941738478272,0.265313192968648,12
urn:mavedb:00000096-b-1#5934,,,p.Lys291Ter,0.0925400206065346,0.8057189968573449,4
urn:mavedb:00000096-b-1#5935,,,p.Lys291Thr,0.0402513308949579,0.394069706337284,8
urn:mavedb:00000096-b-1#5936,,,p.Lys291Trp,0.135644297841115,0.138397041467248,4
urn:mavedb:00000096-b-1#5937,,,p.Lys291Tyr,-0.0852120440010741,0.363530417622879,4
urn:mavedb:00000096-b-1#5938,,,p.Lys291Val,0.1058262598292569,0.290199511010445,8
urn:mavedb:00000096-b-1#5939,,,p.Lys296=,1.18919501070542,0.0820500464278133,4
urn:mavedb:00000096-b-1#5940,,,p.Lys296Ala,1.00536484856455,0.0696124440909624,8
urn:mavedb:00000096-b-1#5941,,,p.Lys296Arg,1.05110456452373,0.189682359033721,12
urn:mavedb:00000096-b-1#5942,,,p.Lys296Asn,1.07546544797469,0.205477819567873,4
urn:mavedb:00000096-b-1#5943,,,p.Lys296Asp,1.02490862422062,0.151653423002075,4
urn:mavedb:00000096-b-1#5944,,,p.Lys296Cys,1.08228794682359,0.0885383462488765,4
urn:mavedb:00000096-b-1#5945,,,p.Lys296Gln,1.2508708246558402,0.0394497824386025,4
urn:mavedb:00000096-b-1#5946,,,p.Lys296Glu,0.765525932393634,0.0745329737215209,4
urn:mavedb:00000096-b-1#5947,,,p.Lys296Gly,0.9932111936282148,0.121008828096548,8
urn:mavedb:00000096-b-1#5948,,,p.Lys296Ile,0.8187289833312391,0.521609027842188,4
urn:mavedb:00000096-b-1#5949,,,p.Lys296Leu,1.11986532245805,0.128546767733818,8
urn:mavedb:00000096-b-1#5950,,,p.Lys296Met,1.00208731634836,0.059231079793482,4
urn:mavedb:00000096-b-1#5951,,,p.Lys296Phe,1.10167291585368,0.0430439893814549,4
urn:mavedb:00000096-b-1#5952,,,p.Lys296Pro,0.6499928610019929,0.183620005722321,8
urn:mavedb:00000096-b-1#5953,,,p.Lys296Ser,0.943233548587749,0.1705836910886859,12
urn:mavedb:00000096-b-1#5954,,,p.Lys296Ter,0.170596434686383,0.227810369430426,4
urn:mavedb:00000096-b-1#5955,,,p.Lys296Thr,0.9989047054361808,0.136122356958014,8
urn:mavedb:00000096-b-1#5956,,,p.Lys296Trp,0.9487593423225108,0.0512072279545757,4
urn:mavedb:00000096-b-1#5957,,,p.Lys296Tyr,0.947382399338299,0.0434188115592606,4
urn:mavedb:00000096-b-1#5958,,,p.Lys296Val,0.954552011093368,0.174491464458744,8
urn:mavedb:00000096-b-1#5959,,,p.Lys31Ala,0.7194447845614591,0.4362697350830599,8
urn:mavedb:00000096-b-1#5960,,,p.Lys31Arg,0.906141812232855,0.145874495288327,12
urn:mavedb:00000096-b-1#5961,,,p.Lys31Asn,0.503538095441098,0.774849980003353,4
urn:mavedb:00000096-b-1#5962,,,p.Lys31Asp,1.1584113174416002,0.0767521019789167,4
urn:mavedb:00000096-b-1#5963,,,p.Lys31Cys,0.6601555923656159,0.0857472419415225,4
urn:mavedb:00000096-b-1#5964,,,p.Lys31Gln,0.86435469013991,0.7929430673209351,4
urn:mavedb:00000096-b-1#5965,,,p.Lys31Glu,1.14371764737944,0.2104382752348239,4
urn:mavedb:00000096-b-1#5966,,,p.Lys31Gly,0.7726363600858229,0.354874145955759,8
urn:mavedb:00000096-b-1#5967,,,p.Lys31His,0.42029053672842,0.305143737712172,4
urn:mavedb:00000096-b-1#5968,,,p.Lys31Ile,1.25992786042982,0.0611596055725982,4
urn:mavedb:00000096-b-1#5969,,,p.Lys31Leu,0.7367705201799128,0.2536900453429719,12
urn:mavedb:00000096-b-1#5970,,,p.Lys31Met,1.21594331557463,0.146630586612381,4
urn:mavedb:00000096-b-1#5971,,,p.Lys31Phe,0.905328900960711,0.0723150526131902,4
urn:mavedb:00000096-b-1#5972,,,p.Lys31Pro,0.3928649541496029,0.5331396248876901,8
urn:mavedb:00000096-b-1#5973,,,p.Lys31Ser,0.809999000886089,0.848293939555216,12
urn:mavedb:00000096-b-1#5974,,,p.Lys31Thr,0.338066075763297,0.46219113777907,8
urn:mavedb:00000096-b-1#5975,,,p.Lys31Trp,0.7100241837742489,0.0826238753091504,4
urn:mavedb:00000096-b-1#5976,,,p.Lys31Tyr,0.504560155580944,0.2070495759643049,4
urn:mavedb:00000096-b-1#5977,,,p.Lys31Val,0.7101042615545309,0.175359508470321,8
urn:mavedb:00000096-b-1#5978,,,p.Lys32=,0.7696964275333861,0.24520542339792,4
urn:mavedb:00000096-b-1#5979,,,p.Lys32Ala,0.7130814275130509,0.309017484937672,8
urn:mavedb:00000096-b-1#5980,,,p.Lys32Arg,0.747835211539109,0.112237492166833,12
urn:mavedb:00000096-b-1#5981,,,p.Lys32Asn,0.898241818239762,0.246383879777832,4
urn:mavedb:00000096-b-1#5982,,,p.Lys32Asp,0.98907650220011,0.334874150118618,4
urn:mavedb:00000096-b-1#5983,,,p.Lys32Cys,1.1396360542368,0.0437707770580616,4
urn:mavedb:00000096-b-1#5984,,,p.Lys32Gln,0.918689262155687,0.3716406803894979,8
urn:mavedb:00000096-b-1#5985,,,p.Lys32Glu,0.8741284804680569,0.097999697960765,4
urn:mavedb:00000096-b-1#5986,,,p.Lys32Gly,0.8938553354285799,0.0941249734518189,8
urn:mavedb:00000096-b-1#5987,,,p.Lys32His,0.6465547044158809,0.326374469919005,4
urn:mavedb:00000096-b-1#5988,,,p.Lys32Ile,0.90330195037482,0.0605496895129759,4
urn:mavedb:00000096-b-1#5989,,,p.Lys32Leu,0.8999326127110491,0.0803161041840637,12
urn:mavedb:00000096-b-1#5990,,,p.Lys32Met,0.694075408346937,0.434777058309549,4
urn:mavedb:00000096-b-1#5991,,,p.Lys32Phe,0.7656125534957479,0.1566054121047309,4
urn:mavedb:00000096-b-1#5992,,,p.Lys32Pro,0.0457058507826503,0.436253747921168,8
urn:mavedb:00000096-b-1#5993,,,p.Lys32Ser,0.8200243140545809,0.253971200612052,12
urn:mavedb:00000096-b-1#5994,,,p.Lys32Ter,0.336161349597115,0.117045803425682,4
urn:mavedb:00000096-b-1#5995,,,p.Lys32Thr,0.765474971032885,0.7327389540382071,8
urn:mavedb:00000096-b-1#5996,,,p.Lys32Trp,0.839661418726134,0.109086838078804,4
urn:mavedb:00000096-b-1#5997,,,p.Lys32Tyr,0.069565184813664,0.120765383187199,4
urn:mavedb:00000096-b-1#5998,,,p.Lys32Val,0.861252942412321,0.100447731623973,8
urn:mavedb:00000096-b-1#5999,,,p.Lys346=,0.684173587363233,0.429072484287707,4
urn:mavedb:00000096-b-1#6000,,,p.Lys346Ala,0.608263270144211,0.6052928822959561,4
urn:mavedb:00000096-b-1#6001,,,p.Lys346Arg,0.7170826297529771,0.485142222149901,12
urn:mavedb:00000096-b-1#6002,,,p.Lys346Asn,0.7899559513040179,0.357761437887283,4
urn:mavedb:00000096-b-1#6003,,,p.Lys346Asp,0.4857171612494729,0.241988680944636,4
urn:mavedb:00000096-b-1#6004,,,p.Lys346Cys,0.795315549390845,0.5735319267864251,4
urn:mavedb:00000096-b-1#6005,,,p.Lys346Gln,0.857099607383465,0.130533219456886,4
urn:mavedb:00000096-b-1#6006,,,p.Lys346Glu,0.909575634522087,0.155846887847694,4
urn:mavedb:00000096-b-1#6007,,,p.Lys346Gly,0.8388152672078629,0.098815496608249,8
urn:mavedb:00000096-b-1#6008,,,p.Lys346His,0.993756380665424,0.235351507057146,4
urn:mavedb:00000096-b-1#6009,,,p.Lys346Ile,0.397777480433554,0.0842563065032547,4
urn:mavedb:00000096-b-1#6010,,,p.Lys346Leu,0.8194693628912951,0.29534951899378,8
urn:mavedb:00000096-b-1#6011,,,p.Lys346Met,0.7102790278439302,0.149678635306964,4
urn:mavedb:00000096-b-1#6012,,,p.Lys346Phe,0.7808360714345971,0.639717182141534,4
urn:mavedb:00000096-b-1#6013,,,p.Lys346Pro,0.5186511245372709,0.370783219659029,8
urn:mavedb:00000096-b-1#6014,,,p.Lys346Ser,0.8780645953779909,0.526651336963928,12
urn:mavedb:00000096-b-1#6015,,,p.Lys346Thr,0.7548267451717041,0.1886358537993619,8
urn:mavedb:00000096-b-1#6016,,,p.Lys346Trp,0.6280091144663771,0.338708501191969,4
urn:mavedb:00000096-b-1#6017,,,p.Lys346Tyr,0.774585341358615,0.888651517881578,4
urn:mavedb:00000096-b-1#6018,,,p.Lys346Val,0.6287072940756789,0.103553490033872,8
urn:mavedb:00000096-b-1#6019,,,p.Lys39=,0.927151984206011,1.27254404046889,4
urn:mavedb:00000096-b-1#6020,,,p.Lys39Ala,0.940302302733688,0.207139846897333,8
urn:mavedb:00000096-b-1#6021,,,p.Lys39Arg,0.8305114740946808,0.211049157788434,12
urn:mavedb:00000096-b-1#6022,,,p.Lys39Asn,1.06743080408101,0.173332227606025,4
urn:mavedb:00000096-b-1#6023,,,p.Lys39Asp,1.07283117291657,0.541384957288433,4
urn:mavedb:00000096-b-1#6024,,,p.Lys39Cys,0.8358382354885391,0.113247012068007,4
urn:mavedb:00000096-b-1#6025,,,p.Lys39Gln,0.925587296588498,0.3431112860701419,4
urn:mavedb:00000096-b-1#6026,,,p.Lys39Glu,1.10293750582648,0.290355379773299,4
urn:mavedb:00000096-b-1#6027,,,p.Lys39Gly,0.6744491869152471,0.180280150940873,8
urn:mavedb:00000096-b-1#6028,,,p.Lys39His,0.98131635584495,0.77590495065105,4
urn:mavedb:00000096-b-1#6029,,,p.Lys39Ile,0.6152220838887049,0.6809461622165122,4
urn:mavedb:00000096-b-1#6030,,,p.Lys39Leu,0.842667276519543,0.238800795242513,12
urn:mavedb:00000096-b-1#6031,,,p.Lys39Met,0.982662110796317,0.0741901143439039,4
urn:mavedb:00000096-b-1#6032,,,p.Lys39Phe,0.639180508857895,0.0966727544085463,4
urn:mavedb:00000096-b-1#6033,,,p.Lys39Pro,-0.1402407862013739,0.361312997345027,8
urn:mavedb:00000096-b-1#6034,,,p.Lys39Ser,0.890519432628854,0.580636318273447,8
urn:mavedb:00000096-b-1#6035,,,p.Lys39Thr,0.958541652759816,0.260945031394085,8
urn:mavedb:00000096-b-1#6036,,,p.Lys39Trp,0.792879051887649,0.0555734458277626,4
urn:mavedb:00000096-b-1#6037,,,p.Lys39Tyr,1.1926906376682,0.0557208880747692,4
urn:mavedb:00000096-b-1#6038,,,p.Lys39Val,1.04922641202796,0.2617330948884019,8
urn:mavedb:00000096-b-1#6039,,,p.Lys414=,0.8635613173345842,0.998085092363275,4
urn:mavedb:00000096-b-1#6040,,,p.Lys414Ala,0.712311054026885,0.162429179557471,4
urn:mavedb:00000096-b-1#6041,,,p.Lys414Arg,0.8814299951541891,0.206410152547107,12
urn:mavedb:00000096-b-1#6042,,,p.Lys414Asn,0.502110547695546,0.72897079768246,4
urn:mavedb:00000096-b-1#6043,,,p.Lys414Asp,0.3339684314919099,0.416521140198226,4
urn:mavedb:00000096-b-1#6044,,,p.Lys414Cys,0.757661164320928,0.303489041639401,4
urn:mavedb:00000096-b-1#6045,,,p.Lys414Gln,0.547742059201413,0.167486931657815,4
urn:mavedb:00000096-b-1#6046,,,p.Lys414Glu,0.4637105684515539,0.626521515484245,4
urn:mavedb:00000096-b-1#6047,,,p.Lys414Gly,0.2395112124910919,0.219472632865167,8
urn:mavedb:00000096-b-1#6048,,,p.Lys414His,0.566523287582983,0.434155451032224,4
urn:mavedb:00000096-b-1#6049,,,p.Lys414Ile,0.7654267120208491,0.0649735945869201,4
urn:mavedb:00000096-b-1#6050,,,p.Lys414Leu,0.659737810259725,0.1659327287150939,12
urn:mavedb:00000096-b-1#6051,,,p.Lys414Met,0.7249167020542571,0.331224613878876,4
urn:mavedb:00000096-b-1#6052,,,p.Lys414Phe,0.421473184093305,0.0661491739286036,4
urn:mavedb:00000096-b-1#6053,,,p.Lys414Pro,0.2453603783262339,0.402606823619668,8
urn:mavedb:00000096-b-1#6054,,,p.Lys414Ser,0.584800162328871,0.0920064876423567,12
urn:mavedb:00000096-b-1#6055,,,p.Lys414Thr,0.9421154511048392,0.144691820611683,8
urn:mavedb:00000096-b-1#6056,,,p.Lys414Trp,0.281546176292797,0.67213134260699,4
urn:mavedb:00000096-b-1#6057,,,p.Lys414Tyr,-0.0677210933173773,0.337658745987033,4
urn:mavedb:00000096-b-1#6058,,,p.Lys414Val,0.4418907783499299,0.161327243431005,8
urn:mavedb:00000096-b-1#6059,,,p.Lys420=,0.816161329296654,0.3757797530227489,4
urn:mavedb:00000096-b-1#6060,,,p.Lys420Ala,1.07772437286346,0.11074029980342,8
urn:mavedb:00000096-b-1#6061,,,p.Lys420Arg,1.27216691850219,0.218326040995246,8
urn:mavedb:00000096-b-1#6062,,,p.Lys420Asn,0.8918189012410469,0.161345868599081,4
urn:mavedb:00000096-b-1#6063,,,p.Lys420Asp,0.311797137298317,0.203505276151446,4
urn:mavedb:00000096-b-1#6064,,,p.Lys420Cys,0.7794362976368059,0.0838057714431615,4
urn:mavedb:00000096-b-1#6065,,,p.Lys420Gln,0.98750466029834,0.0514841937540384,4
urn:mavedb:00000096-b-1#6066,,,p.Lys420Glu,0.2755180031555039,0.200507853462661,4
urn:mavedb:00000096-b-1#6067,,,p.Lys420Gly,0.8255967547956831,0.10734104075692,8
urn:mavedb:00000096-b-1#6068,,,p.Lys420His,0.0679763111527235,0.138062077438399,4
urn:mavedb:00000096-b-1#6069,,,p.Lys420Ile,0.32449307138973,0.0965944484768487,4
urn:mavedb:00000096-b-1#6070,,,p.Lys420Leu,0.731748551119322,0.2037745361339489,16
urn:mavedb:00000096-b-1#6071,,,p.Lys420Met,0.6039349434928609,0.0607159802217807,4
urn:mavedb:00000096-b-1#6072,,,p.Lys420Phe,0.224693047508816,0.4205876938232899,4
urn:mavedb:00000096-b-1#6073,,,p.Lys420Pro,0.8656210282663851,0.1393136597588209,8
urn:mavedb:00000096-b-1#6074,,,p.Lys420Ser,0.8913138697706691,0.152831004762949,12
urn:mavedb:00000096-b-1#6075,,,p.Lys420Ter,0.157560845524905,0.0986668408641734,4
urn:mavedb:00000096-b-1#6076,,,p.Lys420Thr,0.648290475264005,0.217714354932666,12
urn:mavedb:00000096-b-1#6077,,,p.Lys420Trp,0.618664224297663,0.132185279696835,4
urn:mavedb:00000096-b-1#6078,,,p.Lys420Tyr,0.719536027464356,0.347585154367313,4
urn:mavedb:00000096-b-1#6079,,,p.Lys420Val,0.743418481135073,0.0643597568442804,8
urn:mavedb:00000096-b-1#6080,,,p.Lys458Ala,0.779251806712076,0.282889120059909,8
urn:mavedb:00000096-b-1#6081,,,p.Lys458Arg,0.9293432766343408,0.0878098856931218,12
urn:mavedb:00000096-b-1#6082,,,p.Lys458Asp,0.1720211006402919,0.1209989322732319,4
urn:mavedb:00000096-b-1#6083,,,p.Lys458Cys,0.5726423601706271,0.15028790280269,4
urn:mavedb:00000096-b-1#6084,,,p.Lys458Glu,0.6675620102836071,0.615830065759335,4
urn:mavedb:00000096-b-1#6085,,,p.Lys458Gly,0.7132787090939631,0.185406331763143,8
urn:mavedb:00000096-b-1#6086,,,p.Lys458His,0.7649976052622071,0.481456014661529,4
urn:mavedb:00000096-b-1#6087,,,p.Lys458Ile,0.403819834488993,0.102112501788494,4
urn:mavedb:00000096-b-1#6088,,,p.Lys458Leu,0.663993208822924,0.320200392645497,8
urn:mavedb:00000096-b-1#6089,,,p.Lys458Met,0.7263042606610799,0.5796933033727459,4
urn:mavedb:00000096-b-1#6090,,,p.Lys458Phe,0.653280878404263,0.0512176220785791,4
urn:mavedb:00000096-b-1#6091,,,p.Lys458Pro,0.435337642072544,0.274918358082125,8
urn:mavedb:00000096-b-1#6092,,,p.Lys458Ser,0.89824484421997,0.0599183025518443,8
urn:mavedb:00000096-b-1#6093,,,p.Lys458Ter,0.371598527335077,0.45166404701568,4
urn:mavedb:00000096-b-1#6094,,,p.Lys458Thr,0.8375217027266121,0.2562343481981939,8
urn:mavedb:00000096-b-1#6095,,,p.Lys458Trp,0.6018246504812529,0.0577992661264067,4
urn:mavedb:00000096-b-1#6096,,,p.Lys458Tyr,0.7533697195892081,0.225831162778395,4
urn:mavedb:00000096-b-1#6097,,,p.Lys458Val,0.5948300973636099,0.11019826563069,8
urn:mavedb:00000096-b-1#6098,,,p.Lys459=,1.10220958348969,0.616448125927438,4
urn:mavedb:00000096-b-1#6099,,,p.Lys459Ala,0.8506979208149108,0.0824975433940305,8
urn:mavedb:00000096-b-1#6100,,,p.Lys459Arg,0.906871143993816,0.441862997859736,12
urn:mavedb:00000096-b-1#6101,,,p.Lys459Cys,0.60873737161354,0.22432686945611,4
urn:mavedb:00000096-b-1#6102,,,p.Lys459Glu,0.7226948318992751,0.636790358444021,4
urn:mavedb:00000096-b-1#6103,,,p.Lys459Gly,0.8645017103646658,0.0764284591446104,8
urn:mavedb:00000096-b-1#6104,,,p.Lys459His,0.6963530112185059,0.14729099756932,4
urn:mavedb:00000096-b-1#6105,,,p.Lys459Ile,0.564924111365769,0.098922057497645,4
urn:mavedb:00000096-b-1#6106,,,p.Lys459Leu,0.614504053965337,0.251170258856628,12
urn:mavedb:00000096-b-1#6107,,,p.Lys459Met,1.04143176713433,0.239557578870778,4
urn:mavedb:00000096-b-1#6108,,,p.Lys459Phe,0.8974296726984,0.0608339686309803,4
urn:mavedb:00000096-b-1#6109,,,p.Lys459Pro,0.305197486952115,0.8807802319143281,8
urn:mavedb:00000096-b-1#6110,,,p.Lys459Ser,0.8673887972449741,0.235095702727302,12
urn:mavedb:00000096-b-1#6111,,,p.Lys459Ter,0.492388496977426,0.796224543631354,4
urn:mavedb:00000096-b-1#6112,,,p.Lys459Thr,0.867563810702782,0.426516398489712,8
urn:mavedb:00000096-b-1#6113,,,p.Lys459Trp,0.757046124572348,0.40942955815959,4
urn:mavedb:00000096-b-1#6114,,,p.Lys459Tyr,0.9144303601318532,0.117162429335241,4
urn:mavedb:00000096-b-1#6115,,,p.Lys459Val,0.873945747360165,0.11724370847243,8
urn:mavedb:00000096-b-1#6116,,,p.Lys56Ala,0.705181249653828,0.3245299908982689,8
urn:mavedb:00000096-b-1#6117,,,p.Lys56Arg,0.901094297636604,0.328262249352585,12
urn:mavedb:00000096-b-1#6118,,,p.Lys56Asp,0.0617466831929726,0.149762099775238,4
urn:mavedb:00000096-b-1#6119,,,p.Lys56Cys,0.401063242530609,0.5598428234745191,4
urn:mavedb:00000096-b-1#6120,,,p.Lys56Gln,0.977248989907226,0.417148221966096,4
urn:mavedb:00000096-b-1#6121,,,p.Lys56Glu,0.158777286601935,1.19977628391864,4
urn:mavedb:00000096-b-1#6122,,,p.Lys56Gly,0.93096632851992,0.506892066088677,8
urn:mavedb:00000096-b-1#6123,,,p.Lys56His,0.453843022342726,0.150723645874666,4
urn:mavedb:00000096-b-1#6124,,,p.Lys56Ile,0.930793472468276,0.162770783320808,4
urn:mavedb:00000096-b-1#6125,,,p.Lys56Leu,0.8489608755857719,0.363864398621646,12
urn:mavedb:00000096-b-1#6126,,,p.Lys56Met,0.726923376781919,0.437027071737174,4
urn:mavedb:00000096-b-1#6127,,,p.Lys56Phe,0.429180846841649,0.358935510362997,4
urn:mavedb:00000096-b-1#6128,,,p.Lys56Pro,0.77447412986886,0.130520476915396,8
urn:mavedb:00000096-b-1#6129,,,p.Lys56Ser,0.8340106739191421,0.235897721070431,12
urn:mavedb:00000096-b-1#6130,,,p.Lys56Thr,0.472506831415906,0.274643221713765,8
urn:mavedb:00000096-b-1#6131,,,p.Lys56Trp,0.298021697633769,0.648096722309548,4
urn:mavedb:00000096-b-1#6132,,,p.Lys56Tyr,0.187624315943566,0.81937393199419,4
urn:mavedb:00000096-b-1#6133,,,p.Lys56Val,0.7775331908911399,0.13989310542275,8
urn:mavedb:00000096-b-1#6134,,,p.Lys90Ala,0.8576686900125571,0.171305855105105,8
urn:mavedb:00000096-b-1#6135,,,p.Lys90Arg,0.848580562092222,0.1707895988057049,12
urn:mavedb:00000096-b-1#6136,,,p.Lys90Asn,0.660745974083874,0.2938330385892249,4
urn:mavedb:00000096-b-1#6137,,,p.Lys90Asp,0.7008221875660411,0.136044195418706,4
urn:mavedb:00000096-b-1#6138,,,p.Lys90Cys,0.863207759308912,0.0476937461622617,4
urn:mavedb:00000096-b-1#6139,,,p.Lys90Gln,0.963208371756848,0.434029491462678,4
urn:mavedb:00000096-b-1#6140,,,p.Lys90Glu,0.739688005919058,0.157201295504603,4
urn:mavedb:00000096-b-1#6141,,,p.Lys90Gly,0.87786898862509,0.1038728331408,8
urn:mavedb:00000096-b-1#6142,,,p.Lys90His,0.621176556507941,0.109288827680361,4
urn:mavedb:00000096-b-1#6143,,,p.Lys90Ile,0.674410566498822,0.0857062699021233,4
urn:mavedb:00000096-b-1#6144,,,p.Lys90Leu,0.8808122495295609,0.116230140319202,12
urn:mavedb:00000096-b-1#6145,,,p.Lys90Met,0.674528066215051,0.207454442749995,4
urn:mavedb:00000096-b-1#6146,,,p.Lys90Phe,0.7882205381306641,0.0801984702870766,4
urn:mavedb:00000096-b-1#6147,,,p.Lys90Pro,0.4472973359982249,0.31880851062896,8
urn:mavedb:00000096-b-1#6148,,,p.Lys90Ser,0.820323703963702,0.247567572465862,12
urn:mavedb:00000096-b-1#6149,,,p.Lys90Ter,-0.141021985125957,0.9771138367304052,4
urn:mavedb:00000096-b-1#6150,,,p.Lys90Thr,0.9151720558863552,0.188159174768339,4
urn:mavedb:00000096-b-1#6151,,,p.Lys90Trp,0.810091557939994,0.0531391310223937,4
urn:mavedb:00000096-b-1#6152,,,p.Lys90Tyr,0.578230710638197,0.0818273798800166,4
urn:mavedb:00000096-b-1#6153,,,p.Lys90Val,0.8705038817893921,0.12088370062907,8
urn:mavedb:00000096-b-1#6154,,,p.Met107Ala,1.04299080396017,0.346555027147607,4
urn:mavedb:00000096-b-1#6155,,,p.Met107Arg,1.00386659557548,0.271146412520566,12
urn:mavedb:00000096-b-1#6156,,,p.Met107Asn,1.00734155282364,0.308898940675592,4
urn:mavedb:00000096-b-1#6157,,,p.Met107Asp,1.1209908268133002,0.11125778953909,4
urn:mavedb:00000096-b-1#6158,,,p.Met107Cys,0.7215039717359291,0.0570139961361456,4
urn:mavedb:00000096-b-1#6159,,,p.Met107Gln,1.06586030199398,0.168485916979023,4
urn:mavedb:00000096-b-1#6160,,,p.Met107Glu,1.11891399734537,0.0499270397024356,4
urn:mavedb:00000096-b-1#6161,,,p.Met107Gly,1.08797872155948,0.0640032807667889,4
urn:mavedb:00000096-b-1#6162,,,p.Met107His,0.8377781276166449,0.378982707208655,4
urn:mavedb:00000096-b-1#6163,,,p.Met107Ile,0.831218678096199,0.116661814533446,4
urn:mavedb:00000096-b-1#6164,,,p.Met107Leu,0.8986707227409471,0.124750991620944,12
urn:mavedb:00000096-b-1#6165,,,p.Met107Lys,1.20134815441167,0.159586756935004,4
urn:mavedb:00000096-b-1#6166,,,p.Met107Phe,1.03360431207126,0.0433355190353204,4
urn:mavedb:00000096-b-1#6167,,,p.Met107Pro,0.637521273335003,0.185407138806605,8
urn:mavedb:00000096-b-1#6168,,,p.Met107Ser,1.02497927251086,0.171071194942003,12
urn:mavedb:00000096-b-1#6169,,,p.Met107Ter,-0.0370463192800739,0.12816351147364,4
urn:mavedb:00000096-b-1#6170,,,p.Met107Thr,0.88901924821093,0.157311463982707,4
urn:mavedb:00000096-b-1#6171,,,p.Met107Trp,0.825296835812853,0.270372583165042,4
urn:mavedb:00000096-b-1#6172,,,p.Met107Tyr,0.974096081020622,0.4780944274127739,4
urn:mavedb:00000096-b-1#6173,,,p.Met107Val,0.9118217758482992,0.150779664608167,8
urn:mavedb:00000096-b-1#6174,,,p.Met115Ala,1.0406226352814398,0.201142295642886,4
urn:mavedb:00000096-b-1#6175,,,p.Met115Arg,1.1159313660281598,0.116390056211252,12
urn:mavedb:00000096-b-1#6176,,,p.Met115Asn,0.803288768259442,0.167273383535418,4
urn:mavedb:00000096-b-1#6177,,,p.Met115Asp,0.791577954702639,0.392086151107217,4
urn:mavedb:00000096-b-1#6178,,,p.Met115Cys,1.03773747433705,0.04115532205697,4
urn:mavedb:00000096-b-1#6179,,,p.Met115Gln,1.07389036335837,0.0682797529452912,4
urn:mavedb:00000096-b-1#6180,,,p.Met115Glu,0.5546887528834,0.0863230524416391,4
urn:mavedb:00000096-b-1#6181,,,p.Met115Gly,0.9754966869812112,0.125823082994042,8
urn:mavedb:00000096-b-1#6182,,,p.Met115His,0.922383322057316,0.063820901902579,4
urn:mavedb:00000096-b-1#6183,,,p.Met115Ile,0.74057956817366,0.238869878051212,4
urn:mavedb:00000096-b-1#6184,,,p.Met115Leu,1.08934498264033,0.0952099108968908,12
urn:mavedb:00000096-b-1#6185,,,p.Met115Lys,0.692749882598376,1.15219168422156,4
urn:mavedb:00000096-b-1#6186,,,p.Met115Phe,0.95996193082584,0.10568716245952,4
urn:mavedb:00000096-b-1#6187,,,p.Met115Pro,0.490862582000671,0.281326146379298,8
urn:mavedb:00000096-b-1#6188,,,p.Met115Ser,1.01455083757034,0.148825357745667,12
urn:mavedb:00000096-b-1#6189,,,p.Met115Ter,0.236366816640274,0.071795071318825,4
urn:mavedb:00000096-b-1#6190,,,p.Met115Thr,0.836377373287076,0.251991638922019,8
urn:mavedb:00000096-b-1#6191,,,p.Met115Trp,0.910525541048534,0.311752152260728,4
urn:mavedb:00000096-b-1#6192,,,p.Met115Tyr,0.8299831968621959,0.105371926527276,4
urn:mavedb:00000096-b-1#6193,,,p.Met115Val,0.8231372751584058,0.0889159716455059,8
urn:mavedb:00000096-b-1#6194,,,p.Met121Ala,1.06709643482699,0.113449857839416,8
urn:mavedb:00000096-b-1#6195,,,p.Met121Arg,1.04398069821335,0.379467523592592,12
urn:mavedb:00000096-b-1#6196,,,p.Met121Asn,0.790603335170948,0.1106065740694649,4
urn:mavedb:00000096-b-1#6197,,,p.Met121Asp,1.02046623254697,0.132205945195361,4
urn:mavedb:00000096-b-1#6198,,,p.Met121Cys,1.04631908155794,0.0646062551212013,4
urn:mavedb:00000096-b-1#6199,,,p.Met121Gln,0.7807641454603641,0.1002530042067509,4
urn:mavedb:00000096-b-1#6200,,,p.Met121Glu,0.870947615234925,0.178274005980286,4
urn:mavedb:00000096-b-1#6201,,,p.Met121Gly,0.8997060994437641,0.156038139882389,8
urn:mavedb:00000096-b-1#6202,,,p.Met121His,0.5472818329948029,0.483430031474582,4
urn:mavedb:00000096-b-1#6203,,,p.Met121Ile,0.884064994839782,0.6097758505269311,12
urn:mavedb:00000096-b-1#6204,,,p.Met121Leu,0.8053780020308621,0.2884150634439349,12
urn:mavedb:00000096-b-1#6205,,,p.Met121Lys,0.658345051648032,0.8292299323355842,4
urn:mavedb:00000096-b-1#6206,,,p.Met121Phe,0.838441403494812,0.0841480294933491,4
urn:mavedb:00000096-b-1#6207,,,p.Met121Pro,0.5355264026411221,0.304498744900922,8
urn:mavedb:00000096-b-1#6208,,,p.Met121Ser,1.12720758660288,0.1090756024563719,12
urn:mavedb:00000096-b-1#6209,,,p.Met121Ter,-0.0606034861355113,0.126484977253511,4
urn:mavedb:00000096-b-1#6210,,,p.Met121Thr,1.05587400154013,0.270343466983186,8
urn:mavedb:00000096-b-1#6211,,,p.Met121Trp,0.8086579192409329,0.266947621635824,4
urn:mavedb:00000096-b-1#6212,,,p.Met121Tyr,0.681456308974299,0.0878567863440134,4
urn:mavedb:00000096-b-1#6213,,,p.Met121Val,1.12567983596645,0.178289806329065,8
urn:mavedb:00000096-b-1#6214,,,p.Met139Ala,0.8511930425544201,0.26271190581928,8
urn:mavedb:00000096-b-1#6215,,,p.Met139Arg,0.505410651815664,0.333647089954038,8
urn:mavedb:00000096-b-1#6216,,,p.Met139Asn,0.595965862141584,0.380536106537502,4
urn:mavedb:00000096-b-1#6217,,,p.Met139Asp,0.5523739386350021,0.3264026358539461,4
urn:mavedb:00000096-b-1#6218,,,p.Met139Cys,0.8907804050914491,0.145731426316459,4
urn:mavedb:00000096-b-1#6219,,,p.Met139Gln,0.7718847013267199,0.0968025166062894,4
urn:mavedb:00000096-b-1#6220,,,p.Met139Glu,0.747959863899822,0.0717580051307871,4
urn:mavedb:00000096-b-1#6221,,,p.Met139Gly,0.66340718339648,0.0621296014384846,8
urn:mavedb:00000096-b-1#6222,,,p.Met139His,0.8742194478143941,0.101346180435158,4
urn:mavedb:00000096-b-1#6223,,,p.Met139Ile,1.12553572997182,0.099529318027628,4
urn:mavedb:00000096-b-1#6224,,,p.Met139Leu,1.15257518834794,0.134846381455573,12
urn:mavedb:00000096-b-1#6225,,,p.Met139Phe,0.963029551141247,0.0511936732259225,4
urn:mavedb:00000096-b-1#6226,,,p.Met139Pro,0.61376247052414,0.262493678573311,8
urn:mavedb:00000096-b-1#6227,,,p.Met139Ser,0.7190117413371079,0.293571624870198,12
urn:mavedb:00000096-b-1#6228,,,p.Met139Ter,-0.2257087715636639,0.668649651717817,4
urn:mavedb:00000096-b-1#6229,,,p.Met139Thr,0.8493074558032591,0.3158920183013,4
urn:mavedb:00000096-b-1#6230,,,p.Met139Trp,0.611045732002414,0.303265625965089,4
urn:mavedb:00000096-b-1#6231,,,p.Met139Tyr,0.8422267391892059,0.213651735062307,4
urn:mavedb:00000096-b-1#6232,,,p.Met139Val,0.8213420759149541,0.1512041839604019,8
urn:mavedb:00000096-b-1#6233,,,p.Met197Ala,0.752497409281416,0.3090807885310589,8
urn:mavedb:00000096-b-1#6234,,,p.Met197Arg,0.8421625426677571,0.158332034459125,12
urn:mavedb:00000096-b-1#6235,,,p.Met197Asn,0.519524980395219,0.400030163205562,4
urn:mavedb:00000096-b-1#6236,,,p.Met197Asp,0.851555386269529,0.0877955873535149,4
urn:mavedb:00000096-b-1#6237,,,p.Met197Cys,0.862161518225317,0.06047930635249,4
urn:mavedb:00000096-b-1#6238,,,p.Met197Gln,0.927956999655166,0.1688402346487189,4
urn:mavedb:00000096-b-1#6239,,,p.Met197Glu,0.652381117088276,0.0764084338735083,4
urn:mavedb:00000096-b-1#6240,,,p.Met197Gly,0.9782974327302107,0.129782720571362,8
urn:mavedb:00000096-b-1#6241,,,p.Met197His,0.981489823245062,0.318996090563735,4
urn:mavedb:00000096-b-1#6242,,,p.Met197Ile,0.8211569821953721,0.723379872696284,8
urn:mavedb:00000096-b-1#6243,,,p.Met197Leu,0.89606284293362,0.164600713627357,12
urn:mavedb:00000096-b-1#6244,,,p.Met197Lys,0.7983932587827809,0.255747381795987,4
urn:mavedb:00000096-b-1#6245,,,p.Met197Pro,0.9821245610572472,0.528085281821064,8
urn:mavedb:00000096-b-1#6246,,,p.Met197Ser,0.8126724447975859,0.215812970061427,12
urn:mavedb:00000096-b-1#6247,,,p.Met197Ter,-0.0730097299730465,0.42149444143756,4
urn:mavedb:00000096-b-1#6248,,,p.Met197Thr,1.10871285376869,0.1433492973003209,8
urn:mavedb:00000096-b-1#6249,,,p.Met197Trp,0.832154547541395,0.47002047368666,4
urn:mavedb:00000096-b-1#6250,,,p.Met197Tyr,0.9049219809374708,0.0588811343700775,4
urn:mavedb:00000096-b-1#6251,,,p.Met197Val,0.898915940625104,0.14041993446605,8
urn:mavedb:00000096-b-1#6252,,,p.Met202Ala,0.635322821830944,0.108322978784273,8
urn:mavedb:00000096-b-1#6253,,,p.Met202Arg,0.7069365263642041,0.211524601325092,12
urn:mavedb:00000096-b-1#6254,,,p.Met202Asn,0.788297045265799,0.0616456612059935,4
urn:mavedb:00000096-b-1#6255,,,p.Met202Asp,0.817780394141784,0.0736488075861755,4
urn:mavedb:00000096-b-1#6256,,,p.Met202Cys,0.684854095722194,0.0548319314045377,4
urn:mavedb:00000096-b-1#6257,,,p.Met202Gln,0.798528493642288,0.3452577941438119,4
urn:mavedb:00000096-b-1#6258,,,p.Met202Glu,0.7795579483077621,0.102830863549981,4
urn:mavedb:00000096-b-1#6259,,,p.Met202Gly,0.6948548008807789,0.145957352002901,8
urn:mavedb:00000096-b-1#6260,,,p.Met202His,0.6746084077763059,0.370262125252389,4
urn:mavedb:00000096-b-1#6261,,,p.Met202Ile,0.4134970270092629,0.844144658364499,4
urn:mavedb:00000096-b-1#6262,,,p.Met202Leu,1.16659578397521,0.27067811524498,12
urn:mavedb:00000096-b-1#6263,,,p.Met202Lys,0.880693976956653,0.3155039262009019,4
urn:mavedb:00000096-b-1#6264,,,p.Met202Phe,0.926522271512371,0.241763381733077,4
urn:mavedb:00000096-b-1#6265,,,p.Met202Pro,0.474597828480135,0.285326671516161,8
urn:mavedb:00000096-b-1#6266,,,p.Met202Ser,0.911967112743647,0.147539397372081,12
urn:mavedb:00000096-b-1#6267,,,p.Met202Ter,0.106058721745315,0.294772019326918,4
urn:mavedb:00000096-b-1#6268,,,p.Met202Thr,0.566386011898023,0.287914423683752,8
urn:mavedb:00000096-b-1#6269,,,p.Met202Trp,1.02124381413379,0.0397068372650544,4
urn:mavedb:00000096-b-1#6270,,,p.Met202Tyr,1.02129894153741,0.116850455698343,4
urn:mavedb:00000096-b-1#6271,,,p.Met202Val,1.0750611605200402,0.114669923650675,8
urn:mavedb:00000096-b-1#6272,,,p.Met210Ala,0.193380814253126,0.2093298376199789,8
urn:mavedb:00000096-b-1#6273,,,p.Met210Arg,0.13230393351095,0.4474670013520719,12
urn:mavedb:00000096-b-1#6274,,,p.Met210Asp,-0.027240835795918,0.253427974706073,4
urn:mavedb:00000096-b-1#6275,,,p.Met210Cys,0.6423013312395219,0.316604124987568,4
urn:mavedb:00000096-b-1#6276,,,p.Met210Gln,-0.212531399369051,0.298066541011191,4
urn:mavedb:00000096-b-1#6277,,,p.Met210Glu,0.792109496726898,0.713263492576213,4
urn:mavedb:00000096-b-1#6278,,,p.Met210Gly,0.355185122067427,0.225249966332515,8
urn:mavedb:00000096-b-1#6279,,,p.Met210His,0.220483029058788,0.273341596708645,4
urn:mavedb:00000096-b-1#6280,,,p.Met210Leu,0.769001177451848,0.565939587480279,12
urn:mavedb:00000096-b-1#6281,,,p.Met210Lys,0.7085468775603131,0.606762608953659,4
urn:mavedb:00000096-b-1#6282,,,p.Met210Phe,0.7590478886016271,0.1628323075696419,4
urn:mavedb:00000096-b-1#6283,,,p.Met210Pro,0.400908803542355,0.473794108666048,4
urn:mavedb:00000096-b-1#6284,,,p.Met210Ser,0.0670044885104606,0.395846872628072,12
urn:mavedb:00000096-b-1#6285,,,p.Met210Ter,-0.1806492993624039,0.226684080345916,4
urn:mavedb:00000096-b-1#6286,,,p.Met210Thr,0.437020662513471,0.54081132292624,8
urn:mavedb:00000096-b-1#6287,,,p.Met210Trp,0.196581732519588,0.132619537473099,4
urn:mavedb:00000096-b-1#6288,,,p.Met210Tyr,0.615417650088646,0.0733823772956494,4
urn:mavedb:00000096-b-1#6289,,,p.Met210Val,0.33696032141795,0.5140133539153089,8
urn:mavedb:00000096-b-1#6290,,,p.Met235Ala,0.20825737332125,0.298799666366862,8
urn:mavedb:00000096-b-1#6291,,,p.Met235Arg,0.1793807991551089,0.434223689523628,8
urn:mavedb:00000096-b-1#6292,,,p.Met235Cys,-0.0281579774455474,0.214300116058493,4
urn:mavedb:00000096-b-1#6293,,,p.Met235Gln,-0.265254392257783,0.307275099547801,4
urn:mavedb:00000096-b-1#6294,,,p.Met235Glu,0.5566813488111079,0.4538099303826139,4
urn:mavedb:00000096-b-1#6295,,,p.Met235Gly,0.37252365835148,0.275614348427546,8
urn:mavedb:00000096-b-1#6296,,,p.Met235His,0.0961703009016519,0.286008143182778,4
urn:mavedb:00000096-b-1#6297,,,p.Met235Leu,0.8218128700063599,0.3568300517198099,12
urn:mavedb:00000096-b-1#6298,,,p.Met235Phe,0.753954775336644,0.294419468412418,4
urn:mavedb:00000096-b-1#6299,,,p.Met235Pro,0.212884358837036,0.3717633491657229,8
urn:mavedb:00000096-b-1#6300,,,p.Met235Ser,0.3978499586307079,0.2982374714256199,12
urn:mavedb:00000096-b-1#6301,,,p.Met235Ter,0.264554881527322,0.1167925170336399,4
urn:mavedb:00000096-b-1#6302,,,p.Met235Trp,0.91978411532697,0.0711602644456988,4
urn:mavedb:00000096-b-1#6303,,,p.Met235Tyr,0.346139276441841,0.1648359115801959,4
urn:mavedb:00000096-b-1#6304,,,p.Met235Val,0.7443177172967951,0.310894214119734,8
urn:mavedb:00000096-b-1#6305,,,p.Met238Ala,0.311223105324714,0.592502252899703,8
urn:mavedb:00000096-b-1#6306,,,p.Met238Arg,0.387986608925779,0.371923127484299,12
urn:mavedb:00000096-b-1#6307,,,p.Met238Asn,0.4686866971485139,0.468689424824135,4
urn:mavedb:00000096-b-1#6308,,,p.Met238Cys,0.601039824008954,0.153257968343819,4
urn:mavedb:00000096-b-1#6309,,,p.Met238Gln,0.705842080680785,0.0792132458369515,4
urn:mavedb:00000096-b-1#6310,,,p.Met238Glu,0.276457367497508,0.507306532533535,4
urn:mavedb:00000096-b-1#6311,,,p.Met238Gly,0.208747464514488,0.598938001597457,8
urn:mavedb:00000096-b-1#6312,,,p.Met238His,0.505786500236257,0.449968206326584,4
urn:mavedb:00000096-b-1#6313,,,p.Met238Ile,1.18863098935624,0.116524762634412,4
urn:mavedb:00000096-b-1#6314,,,p.Met238Leu,1.05374252932726,0.174352708369231,12
urn:mavedb:00000096-b-1#6315,,,p.Met238Lys,0.482715195953423,0.664093791659295,4
urn:mavedb:00000096-b-1#6316,,,p.Met238Phe,0.7424457201986361,0.0566826110680422,4
urn:mavedb:00000096-b-1#6317,,,p.Met238Pro,0.0865558092974185,0.4864041027590829,8
urn:mavedb:00000096-b-1#6318,,,p.Met238Ser,0.63139015051126,0.231640569996081,12
urn:mavedb:00000096-b-1#6319,,,p.Met238Ter,-0.135601006736123,0.183095036770002,4
urn:mavedb:00000096-b-1#6320,,,p.Met238Thr,0.753199469862583,0.509497064344377,4
urn:mavedb:00000096-b-1#6321,,,p.Met238Trp,0.3682443982942729,0.6186716945681059,4
urn:mavedb:00000096-b-1#6322,,,p.Met238Tyr,0.937572202392665,0.088388358561322,4
urn:mavedb:00000096-b-1#6323,,,p.Met238Val,0.6244033300411861,0.7241028430720179,8
urn:mavedb:00000096-b-1#6324,,,p.Met251Ala,0.297194660059513,0.258661870071212,4
urn:mavedb:00000096-b-1#6325,,,p.Met251Arg,0.156386192851253,0.345819223489036,8
urn:mavedb:00000096-b-1#6326,,,p.Met251Asn,0.396435086644487,0.263807259353533,4
urn:mavedb:00000096-b-1#6327,,,p.Met251Asp,0.164253676719819,0.299839017492935,4
urn:mavedb:00000096-b-1#6328,,,p.Met251Cys,0.98293242425474,0.131446002687528,4
urn:mavedb:00000096-b-1#6329,,,p.Met251Gln,0.630370514148903,0.241603441067975,4
urn:mavedb:00000096-b-1#6330,,,p.Met251Glu,0.181242341566713,0.366537695025151,4
urn:mavedb:00000096-b-1#6331,,,p.Met251Ile,1.29422050673131,0.788742772808779,4
urn:mavedb:00000096-b-1#6332,,,p.Met251Leu,0.833070894090648,0.482285768469926,8
urn:mavedb:00000096-b-1#6333,,,p.Met251Phe,-0.312728991790919,0.345133635086338,4
urn:mavedb:00000096-b-1#6334,,,p.Met251Pro,0.341668809028911,0.21168420445038,4
urn:mavedb:00000096-b-1#6335,,,p.Met251Ser,0.245736169031219,0.309623722026308,8
urn:mavedb:00000096-b-1#6336,,,p.Met251Ter,0.242629486583847,0.437830350877844,4
urn:mavedb:00000096-b-1#6337,,,p.Met251Thr,1.23159076760513,0.6101279624770799,4
urn:mavedb:00000096-b-1#6338,,,p.Met251Trp,0.2535387738389839,0.19093930726309,4
urn:mavedb:00000096-b-1#6339,,,p.Met251Tyr,0.473885241237032,0.5158477846562771,4
urn:mavedb:00000096-b-1#6340,,,p.Met251Val,0.200003609041548,0.2698997376291199,4
urn:mavedb:00000096-b-1#6341,,,p.Met298Ala,0.935552982263067,0.1069279536673759,4
urn:mavedb:00000096-b-1#6342,,,p.Met298Arg,0.3247547713946779,0.493289347153817,12
urn:mavedb:00000096-b-1#6343,,,p.Met298Asn,0.552230120942739,0.449258692276873,4
urn:mavedb:00000096-b-1#6344,,,p.Met298Asp,0.903245466526644,0.3399960808407919,4
urn:mavedb:00000096-b-1#6345,,,p.Met298Gln,0.908715477703762,0.101599381969165,4
urn:mavedb:00000096-b-1#6346,,,p.Met298Glu,0.113690005863033,0.3724538647008789,4
urn:mavedb:00000096-b-1#6347,,,p.Met298Gly,0.170208624994173,0.358466530979866,8
urn:mavedb:00000096-b-1#6348,,,p.Met298His,0.751758039467854,0.468534895390946,4
urn:mavedb:00000096-b-1#6349,,,p.Met298Leu,1.1689453236498402,0.214254260130742,12
urn:mavedb:00000096-b-1#6350,,,p.Met298Phe,0.8628833212613409,0.0992694812735369,4
urn:mavedb:00000096-b-1#6351,,,p.Met298Pro,0.0326541226813456,0.3003245196537299,8
urn:mavedb:00000096-b-1#6352,,,p.Met298Ser,0.500511419813421,0.277382441798614,12
urn:mavedb:00000096-b-1#6353,,,p.Met298Ter,-0.029559749914092,0.199814967669535,4
urn:mavedb:00000096-b-1#6354,,,p.Met298Thr,0.6697511117711851,0.6586465089769,8
urn:mavedb:00000096-b-1#6355,,,p.Met298Trp,1.20487903393191,0.432929407292126,4
urn:mavedb:00000096-b-1#6356,,,p.Met298Tyr,0.116272299819278,0.350558412558996,4
urn:mavedb:00000096-b-1#6357,,,p.Met298Val,0.2516423314059789,0.534831111281147,8
urn:mavedb:00000096-b-1#6358,,,p.Met34Ala,0.7563449481325871,0.625856575206928,8
urn:mavedb:00000096-b-1#6359,,,p.Met34Arg,0.6639621428538721,0.289352961350826,12
urn:mavedb:00000096-b-1#6360,,,p.Met34Asn,-0.195466505609003,0.583642820947071,4
urn:mavedb:00000096-b-1#6361,,,p.Met34Asp,0.482668386832102,0.662242658545041,4
urn:mavedb:00000096-b-1#6362,,,p.Met34Cys,0.649319140542826,0.0655946799027241,4
urn:mavedb:00000096-b-1#6363,,,p.Met34Gln,0.94565888522025,0.598919519765758,4
urn:mavedb:00000096-b-1#6364,,,p.Met34Glu,0.437281210641459,0.8287702314678879,4
urn:mavedb:00000096-b-1#6365,,,p.Met34Gly,0.6402366074446689,0.4361504044441049,8
urn:mavedb:00000096-b-1#6366,,,p.Met34His,0.510034413549524,0.739421069095353,4
urn:mavedb:00000096-b-1#6367,,,p.Met34Ile,0.301880529469365,0.807988073690006,4
urn:mavedb:00000096-b-1#6368,,,p.Met34Leu,0.711745387875008,0.1633998496800889,12
urn:mavedb:00000096-b-1#6369,,,p.Met34Pro,-0.266357091127234,0.447740936744644,8
urn:mavedb:00000096-b-1#6370,,,p.Met34Ser,0.822075213984922,0.321207166841306,12
urn:mavedb:00000096-b-1#6371,,,p.Met34Ter,-0.0601447257548944,0.1149604223881319,4
urn:mavedb:00000096-b-1#6372,,,p.Met34Thr,1.16580012325991,0.38314220653011,8
urn:mavedb:00000096-b-1#6373,,,p.Met34Trp,0.5759299984920351,0.48276038780714,4
urn:mavedb:00000096-b-1#6374,,,p.Met34Tyr,0.895246700945229,0.206660432339515,4
urn:mavedb:00000096-b-1#6375,,,p.Met34Val,0.654345382208312,0.2284450846739369,8
urn:mavedb:00000096-b-1#6376,,,p.Met37Ala,0.667484987949968,0.2970963683218789,8
urn:mavedb:00000096-b-1#6377,,,p.Met37Arg,-0.0768044588092147,0.404247276977002,12
urn:mavedb:00000096-b-1#6378,,,p.Met37Asn,-0.532446181807728,0.36729139402998,4
urn:mavedb:00000096-b-1#6379,,,p.Met37Asp,-0.274658762343427,0.46169599491006,4
urn:mavedb:00000096-b-1#6380,,,p.Met37Cys,0.421975425254925,0.0864222559623185,4
urn:mavedb:00000096-b-1#6381,,,p.Met37Gln,0.215296197403887,0.909945106810644,4
urn:mavedb:00000096-b-1#6382,,,p.Met37Glu,0.0246480087894956,0.314874314501538,4
urn:mavedb:00000096-b-1#6383,,,p.Met37Gly,0.1847536112143179,0.2362228888706589,8
urn:mavedb:00000096-b-1#6384,,,p.Met37His,-0.325583601498066,0.30947459813544,4
urn:mavedb:00000096-b-1#6385,,,p.Met37Ile,1.01462044549009,0.4138679253645839,4
urn:mavedb:00000096-b-1#6386,,,p.Met37Leu,0.8355446446507719,0.189232895205604,12
urn:mavedb:00000096-b-1#6387,,,p.Met37Phe,0.697876493603565,0.402708178270655,4
urn:mavedb:00000096-b-1#6388,,,p.Met37Pro,-0.0656289265581759,0.3882071674264299,8
urn:mavedb:00000096-b-1#6389,,,p.Met37Ser,-0.0023606077590589,0.332263498816811,12
urn:mavedb:00000096-b-1#6390,,,p.Met37Ter,-0.12663438960849,0.14478365615037,4
urn:mavedb:00000096-b-1#6391,,,p.Met37Thr,0.208776341859685,0.497350583646322,4
urn:mavedb:00000096-b-1#6392,,,p.Met37Trp,0.549900772074507,0.139300112778519,4
urn:mavedb:00000096-b-1#6393,,,p.Met37Tyr,0.8780558553093609,0.0832188713420504,4
urn:mavedb:00000096-b-1#6394,,,p.Met37Val,0.7199930861032571,0.443138099189714,8
urn:mavedb:00000096-b-1#6395,,,p.Met381Ala,0.6849651077245861,0.2566374822289489,8
urn:mavedb:00000096-b-1#6396,,,p.Met381Arg,0.0252787254500341,0.330298939580241,8
urn:mavedb:00000096-b-1#6397,,,p.Met381Asn,0.0370637677360061,0.122880919124169,4
urn:mavedb:00000096-b-1#6398,,,p.Met381Asp,-0.290639321181854,0.188809265931932,4
urn:mavedb:00000096-b-1#6399,,,p.Met381Cys,0.908004251601737,0.12431654956928,4
urn:mavedb:00000096-b-1#6400,,,p.Met381Gln,0.216718204901274,0.233320892709219,4
urn:mavedb:00000096-b-1#6401,,,p.Met381Glu,-0.4925962309683019,0.249092641364935,4
urn:mavedb:00000096-b-1#6402,,,p.Met381Gly,0.385051585077426,0.135062770207241,8
urn:mavedb:00000096-b-1#6403,,,p.Met381His,0.412593358396514,0.285802165452242,4
urn:mavedb:00000096-b-1#6404,,,p.Met381Ile,0.829909741848149,0.3829124112969489,12
urn:mavedb:00000096-b-1#6405,,,p.Met381Leu,0.9004426390379159,0.0685811680476501,12
urn:mavedb:00000096-b-1#6406,,,p.Met381Pro,0.155016803610565,0.325427140914482,8
urn:mavedb:00000096-b-1#6407,,,p.Met381Ser,0.147294713719682,0.124353531072668,12
urn:mavedb:00000096-b-1#6408,,,p.Met381Ter,0.2317054543481589,0.347885552419825,4
urn:mavedb:00000096-b-1#6409,,,p.Met381Thr,0.6213445672332379,0.334838362251187,4
urn:mavedb:00000096-b-1#6410,,,p.Met381Tyr,0.972095596098769,0.0691689140677103,4
urn:mavedb:00000096-b-1#6411,,,p.Met381Val,0.7791918749390959,0.148110738500702,8
urn:mavedb:00000096-b-1#6412,,,p.Met393Ala,0.559137989933785,0.124005779368038,8
urn:mavedb:00000096-b-1#6413,,,p.Met393Arg,0.674296805604307,0.289568436148476,12
urn:mavedb:00000096-b-1#6414,,,p.Met393Asn,0.307247254846005,0.0709220117162731,4
urn:mavedb:00000096-b-1#6415,,,p.Met393Asp,-0.0396220431918055,0.103022078368297,4
urn:mavedb:00000096-b-1#6416,,,p.Met393Gln,0.2796926896018039,0.0792733079218205,4
urn:mavedb:00000096-b-1#6417,,,p.Met393Glu,0.118612353350439,0.179670637408244,4
urn:mavedb:00000096-b-1#6418,,,p.Met393Gly,0.291464149578047,0.1591412972767169,8
urn:mavedb:00000096-b-1#6419,,,p.Met393His,-0.116950315489138,0.121327828653959,4
urn:mavedb:00000096-b-1#6420,,,p.Met393Ile,0.545092382765887,0.294930243594431,4
urn:mavedb:00000096-b-1#6421,,,p.Met393Leu,0.942605340658025,0.0678318604552516,12
urn:mavedb:00000096-b-1#6422,,,p.Met393Lys,0.59707358364966,0.5029084241406141,4
urn:mavedb:00000096-b-1#6423,,,p.Met393Phe,0.476005778082364,0.0889306008113907,4
urn:mavedb:00000096-b-1#6424,,,p.Met393Pro,-0.5162707317822439,0.298757065516606,8
urn:mavedb:00000096-b-1#6425,,,p.Met393Ser,0.314053052041971,0.218897853263156,12
urn:mavedb:00000096-b-1#6426,,,p.Met393Ter,-0.2120980391334369,0.408368079045182,4
urn:mavedb:00000096-b-1#6427,,,p.Met393Thr,-0.0045259130881207,0.423608817366722,8
urn:mavedb:00000096-b-1#6428,,,p.Met393Trp,0.491714839436882,0.268606145213619,4
urn:mavedb:00000096-b-1#6429,,,p.Met393Tyr,0.43257828530178,0.550954653875705,4
urn:mavedb:00000096-b-1#6430,,,p.Met393Val,1.0305235742632,0.153941811870574,8
urn:mavedb:00000096-b-1#6431,,,p.Met402Ala,1.01985967820472,0.1511652120360589,8
urn:mavedb:00000096-b-1#6432,,,p.Met402Arg,0.7764155462415259,0.176186409666823,12
urn:mavedb:00000096-b-1#6433,,,p.Met402Asn,0.8044718192789542,0.112613250324249,4
urn:mavedb:00000096-b-1#6434,,,p.Met402Asp,0.980763950556762,0.0619452004421358,4
urn:mavedb:00000096-b-1#6435,,,p.Met402Cys,0.9387347578022472,0.1149422199110209,4
urn:mavedb:00000096-b-1#6436,,,p.Met402Gln,0.8509190873185691,0.533067498186218,4
urn:mavedb:00000096-b-1#6437,,,p.Met402Glu,0.735177308843842,0.0687961287449129,4
urn:mavedb:00000096-b-1#6438,,,p.Met402Gly,0.8896236214042309,0.121946668592693,8
urn:mavedb:00000096-b-1#6439,,,p.Met402His,1.03498412240459,0.165323897536233,4
urn:mavedb:00000096-b-1#6440,,,p.Met402Ile,0.95016802085287,0.8179489688624391,8
urn:mavedb:00000096-b-1#6441,,,p.Met402Leu,0.981797203556317,0.149340702545383,12
urn:mavedb:00000096-b-1#6442,,,p.Met402Lys,1.03716588646827,0.5021172672253039,4
urn:mavedb:00000096-b-1#6443,,,p.Met402Phe,1.00567890100515,0.0519454546573915,4
urn:mavedb:00000096-b-1#6444,,,p.Met402Pro,0.841636769990093,0.0714341082033753,8
urn:mavedb:00000096-b-1#6445,,,p.Met402Ser,0.9997935447823622,0.0764547291370544,12
urn:mavedb:00000096-b-1#6446,,,p.Met402Ter,-0.0670532846935406,0.2011796858718719,4
urn:mavedb:00000096-b-1#6447,,,p.Met402Thr,1.01984641719497,0.0795548227772093,8
urn:mavedb:00000096-b-1#6448,,,p.Met402Trp,1.06249576797878,0.0431717169347239,4
urn:mavedb:00000096-b-1#6449,,,p.Met402Tyr,0.749677578502351,0.0488839408406713,4
urn:mavedb:00000096-b-1#6450,,,p.Met402Val,0.8200326015326349,0.0942072583946498,8
urn:mavedb:00000096-b-1#6451,,,p.Met41Ala,0.0897107456568818,0.306111940024794,8
urn:mavedb:00000096-b-1#6452,,,p.Met41Arg,0.0592483572671239,0.1809414642426,12
urn:mavedb:00000096-b-1#6453,,,p.Met41Asp,0.365874470527294,0.3078519133033739,4
urn:mavedb:00000096-b-1#6454,,,p.Met41Cys,0.7077255866575709,0.130588605468032,4
urn:mavedb:00000096-b-1#6455,,,p.Met41Gln,0.5340242536347299,0.0912434157593633,4
urn:mavedb:00000096-b-1#6456,,,p.Met41Glu,0.114371436361321,0.660634644184188,4
urn:mavedb:00000096-b-1#6457,,,p.Met41Gly,0.19895014019301,0.113445378898651,8
urn:mavedb:00000096-b-1#6458,,,p.Met41His,-0.1201131183142009,0.165469128707588,4
urn:mavedb:00000096-b-1#6459,,,p.Met41Ile,0.5370844125459261,1.10017490281255,8
urn:mavedb:00000096-b-1#6460,,,p.Met41Leu,0.80493399762436,0.358714805249528,12
urn:mavedb:00000096-b-1#6461,,,p.Met41Phe,1.11523913480619,0.0907388372716419,4
urn:mavedb:00000096-b-1#6462,,,p.Met41Pro,-0.104066933493727,0.624013761487381,4
urn:mavedb:00000096-b-1#6463,,,p.Met41Ser,0.233380055986951,0.2999837056628969,12
urn:mavedb:00000096-b-1#6464,,,p.Met41Ter,-0.193921965493045,0.5566502947606049,4
urn:mavedb:00000096-b-1#6465,,,p.Met41Thr,0.6760629383699329,0.2867169523409349,8
urn:mavedb:00000096-b-1#6466,,,p.Met41Trp,-0.0063376827246262,0.1012849643023959,4
urn:mavedb:00000096-b-1#6467,,,p.Met41Tyr,0.895686755030652,0.112146088749085,4
urn:mavedb:00000096-b-1#6468,,,p.Met41Val,0.670576399903147,0.1969828053321989,8
urn:mavedb:00000096-b-1#6469,,,p.Met462Ala,1.13860225687902,0.1068381005601949,8
urn:mavedb:00000096-b-1#6470,,,p.Met462Arg,0.90658563218056,0.123808318813736,12
urn:mavedb:00000096-b-1#6471,,,p.Met462Asn,0.99620212565476,0.0916524679139793,4
urn:mavedb:00000096-b-1#6472,,,p.Met462Asp,1.30744901799396,0.0567643076875244,4
urn:mavedb:00000096-b-1#6473,,,p.Met462Cys,0.9730558534018,0.0759714020403034,4
urn:mavedb:00000096-b-1#6474,,,p.Met462Gln,0.8756484818889271,0.0948730586068522,4
urn:mavedb:00000096-b-1#6475,,,p.Met462Glu,0.7212956348557951,0.0841061431985438,4
urn:mavedb:00000096-b-1#6476,,,p.Met462Gly,0.97117399756163,0.233317964950875,8
urn:mavedb:00000096-b-1#6477,,,p.Met462His,0.9911292470495108,0.178591200226176,4
urn:mavedb:00000096-b-1#6478,,,p.Met462Ile,0.6930149626738,0.8438030414325001,8
urn:mavedb:00000096-b-1#6479,,,p.Met462Leu,0.9550625587742768,0.135402689165983,12
urn:mavedb:00000096-b-1#6480,,,p.Met462Lys,1.15777657278581,0.7616738880049508,4
urn:mavedb:00000096-b-1#6481,,,p.Met462Phe,0.852934861301889,0.290682783271671,4
urn:mavedb:00000096-b-1#6482,,,p.Met462Pro,0.9121645610483872,0.4851997869444779,8
urn:mavedb:00000096-b-1#6483,,,p.Met462Ser,1.00331184043848,0.1387110551598659,12
urn:mavedb:00000096-b-1#6484,,,p.Met462Ter,1.09198658394977,0.0825144730982121,4
urn:mavedb:00000096-b-1#6485,,,p.Met462Thr,0.914641692942379,0.509234411363554,8
urn:mavedb:00000096-b-1#6486,,,p.Met462Trp,0.7976801612314609,0.1316757586676669,4
urn:mavedb:00000096-b-1#6487,,,p.Met462Tyr,0.812199123005946,0.349476960666601,4
urn:mavedb:00000096-b-1#6488,,,p.Met462Val,0.653481851148945,0.2275269240816329,4
urn:mavedb:00000096-b-1#6489,,,p.Met57Ala,-0.355236523045471,0.227616079609599,8
urn:mavedb:00000096-b-1#6490,,,p.Met57Arg,0.115048831836909,0.325493964640585,12
urn:mavedb:00000096-b-1#6491,,,p.Met57Asn,-0.20312078598454,0.31964254387304,4
urn:mavedb:00000096-b-1#6492,,,p.Met57Asp,-0.272181902555735,0.220271320893895,4
urn:mavedb:00000096-b-1#6493,,,p.Met57Cys,0.718972463580032,0.070396903725453,4
urn:mavedb:00000096-b-1#6494,,,p.Met57Gln,0.54599724552799,0.348960659815078,4
urn:mavedb:00000096-b-1#6495,,,p.Met57Glu,-0.117681084532742,0.132139194933421,4
urn:mavedb:00000096-b-1#6496,,,p.Met57Gly,-0.0695290131761675,0.2889166401720079,8
urn:mavedb:00000096-b-1#6497,,,p.Met57His,0.351975145194918,0.710191248093772,4
urn:mavedb:00000096-b-1#6498,,,p.Met57Ile,0.562780702472112,0.6743020797481729,4
urn:mavedb:00000096-b-1#6499,,,p.Met57Leu,0.5644112273776679,0.23928749485602,12
urn:mavedb:00000096-b-1#6500,,,p.Met57Phe,0.2680351716846,0.0932008566620715,4
urn:mavedb:00000096-b-1#6501,,,p.Met57Pro,0.254170458670781,0.702811755900455,8
urn:mavedb:00000096-b-1#6502,,,p.Met57Ser,0.183287476492741,0.464462156762839,12
urn:mavedb:00000096-b-1#6503,,,p.Met57Ter,-0.298690292298106,0.430282356706465,4
urn:mavedb:00000096-b-1#6504,,,p.Met57Thr,-0.0643573267758757,0.755711646586043,8
urn:mavedb:00000096-b-1#6505,,,p.Met57Trp,0.132090638737529,0.194828697269255,4
urn:mavedb:00000096-b-1#6506,,,p.Met57Tyr,0.405886113678699,0.0884171524932993,4
urn:mavedb:00000096-b-1#6507,,,p.Met57Val,0.379961652482066,0.176165527157585,8
urn:mavedb:00000096-b-1#6508,,,p.Met87Ala,0.7405345758674979,0.165269560152888,8
urn:mavedb:00000096-b-1#6509,,,p.Met87Arg,0.5775296761165799,0.539840283675955,12
urn:mavedb:00000096-b-1#6510,,,p.Met87Asn,1.05404084172416,0.0637108096862117,4
urn:mavedb:00000096-b-1#6511,,,p.Met87Asp,0.5842381042819871,0.0977287365596879,4
urn:mavedb:00000096-b-1#6512,,,p.Met87Cys,0.908565060665423,0.132871991135458,4
urn:mavedb:00000096-b-1#6513,,,p.Met87Gln,0.692014553299862,0.0918282724334437,4
urn:mavedb:00000096-b-1#6514,,,p.Met87Glu,0.6920162401147769,0.3540824736696401,4
urn:mavedb:00000096-b-1#6515,,,p.Met87Gly,0.714474453951935,0.314197740192109,8
urn:mavedb:00000096-b-1#6516,,,p.Met87His,0.6694415881320611,0.275140555813433,4
urn:mavedb:00000096-b-1#6517,,,p.Met87Ile,0.663954702959063,1.07043897919616,8
urn:mavedb:00000096-b-1#6518,,,p.Met87Leu,0.993281849178603,0.206009269322963,12
urn:mavedb:00000096-b-1#6519,,,p.Met87Lys,0.974839670250794,0.3604404462748039,4
urn:mavedb:00000096-b-1#6520,,,p.Met87Phe,0.770823676286905,0.827050350572579,4
urn:mavedb:00000096-b-1#6521,,,p.Met87Pro,0.639104946342374,0.281395765172237,8
urn:mavedb:00000096-b-1#6522,,,p.Met87Ser,0.6500402626369038,0.296064247837901,12
urn:mavedb:00000096-b-1#6523,,,p.Met87Ter,0.0993526678890499,0.15891802367615,4
urn:mavedb:00000096-b-1#6524,,,p.Met87Thr,0.544061330167427,0.277622780466641,8
urn:mavedb:00000096-b-1#6525,,,p.Met87Trp,1.26056044901082,0.0642215322361298,4
urn:mavedb:00000096-b-1#6526,,,p.Met87Tyr,1.06773070747951,0.073200183149384,4
urn:mavedb:00000096-b-1#6527,,,p.Met87Val,0.978472585384745,0.222392344851335,8
urn:mavedb:00000096-b-1#6528,,,p.Met8Ala,0.9675835671896528,0.173473541290091,8
urn:mavedb:00000096-b-1#6529,,,p.Met8Arg,0.7670679389495179,0.33471537852876,12
urn:mavedb:00000096-b-1#6530,,,p.Met8Asn,0.907065964544557,0.3920162838294,4
urn:mavedb:00000096-b-1#6531,,,p.Met8Asp,1.17043997808261,0.120424044549891,4
urn:mavedb:00000096-b-1#6532,,,p.Met8Cys,0.846265964221127,0.0561644451612846,4
urn:mavedb:00000096-b-1#6533,,,p.Met8Gln,0.690873612213391,0.0790320042169007,4
urn:mavedb:00000096-b-1#6534,,,p.Met8Glu,1.2868796419397,0.085207442560159,4
urn:mavedb:00000096-b-1#6535,,,p.Met8Gly,1.26178616510297,0.2238935072563719,8
urn:mavedb:00000096-b-1#6536,,,p.Met8Ile,0.676135741513322,0.770365177080994,4
urn:mavedb:00000096-b-1#6537,,,p.Met8Leu,0.90772756472066,0.12729542230772,8
urn:mavedb:00000096-b-1#6538,,,p.Met8Lys,1.0539449079965302,0.530782860034236,4
urn:mavedb:00000096-b-1#6539,,,p.Met8Phe,0.914204185319088,0.144675718544427,4
urn:mavedb:00000096-b-1#6540,,,p.Met8Pro,0.631602909175925,0.360226868200555,8
urn:mavedb:00000096-b-1#6541,,,p.Met8Ser,1.04799596820634,0.0820931131795446,12
urn:mavedb:00000096-b-1#6542,,,p.Met8Ter,0.448554779797146,0.609495465011686,4
urn:mavedb:00000096-b-1#6543,,,p.Met8Thr,1.07802326734468,0.2867574101814289,8
urn:mavedb:00000096-b-1#6544,,,p.Met8Trp,0.9940348907829242,0.0914284529024161,4
urn:mavedb:00000096-b-1#6545,,,p.Met8Tyr,1.06415002219315,0.0764558201728555,4
urn:mavedb:00000096-b-1#6546,,,p.Met8Val,1.09256490506412,0.189700792243533,8
urn:mavedb:00000096-b-1#6547,,,p.Phe123=,1.09972190912581,0.0886816482198767,4
urn:mavedb:00000096-b-1#6548,,,p.Phe123Ala,0.4276757623363039,0.20662139724348,8
urn:mavedb:00000096-b-1#6549,,,p.Phe123Arg,0.214410090607212,0.4551949626477389,12
urn:mavedb:00000096-b-1#6550,,,p.Phe123Asn,0.598754690099921,0.0976588736034923,4
urn:mavedb:00000096-b-1#6551,,,p.Phe123Asp,0.6955616791077409,0.0738641258110892,4
urn:mavedb:00000096-b-1#6552,,,p.Phe123Cys,1.1506218033326798,0.0940207817245296,4
urn:mavedb:00000096-b-1#6553,,,p.Phe123Gln,-0.0461168851496962,0.205865426548073,4
urn:mavedb:00000096-b-1#6554,,,p.Phe123Glu,0.5967955029947629,0.803330849746725,4
urn:mavedb:00000096-b-1#6555,,,p.Phe123Gly,0.8933353621583371,0.103382994031439,8
urn:mavedb:00000096-b-1#6556,,,p.Phe123His,0.235314628168958,0.155730989490525,4
urn:mavedb:00000096-b-1#6557,,,p.Phe123Ile,0.6464343553938481,0.0820681465444876,4
urn:mavedb:00000096-b-1#6558,,,p.Phe123Leu,0.3799936312502899,0.333570241154752,12
urn:mavedb:00000096-b-1#6559,,,p.Phe123Lys,0.240802034698256,0.142947027175878,4
urn:mavedb:00000096-b-1#6560,,,p.Phe123Met,0.987019101427126,0.563234432229404,4
urn:mavedb:00000096-b-1#6561,,,p.Phe123Pro,0.0939648594308577,0.221900600321707,8
urn:mavedb:00000096-b-1#6562,,,p.Phe123Ser,0.7789960071814409,0.4096109229190149,16
urn:mavedb:00000096-b-1#6563,,,p.Phe123Ter,-0.0835960883275726,0.1455248401228659,4
urn:mavedb:00000096-b-1#6564,,,p.Phe123Thr,0.323540604325114,0.3665792348626599,8
urn:mavedb:00000096-b-1#6565,,,p.Phe123Trp,0.8385576877343801,0.083996526628824,4
urn:mavedb:00000096-b-1#6566,,,p.Phe123Tyr,0.832793460663291,0.8696443990864929,8
urn:mavedb:00000096-b-1#6567,,,p.Phe123Val,0.8856691108623291,0.319748466068071,12
urn:mavedb:00000096-b-1#6568,,,p.Phe133=,1.08853266799257,0.0662833260049102,4
urn:mavedb:00000096-b-1#6569,,,p.Phe133Ala,0.404222528501471,0.274579885783221,8
urn:mavedb:00000096-b-1#6570,,,p.Phe133Arg,0.201892240478459,0.246582212937757,12
urn:mavedb:00000096-b-1#6571,,,p.Phe133Asn,0.310775836832092,0.110652339150468,4
urn:mavedb:00000096-b-1#6572,,,p.Phe133Asp,-0.0450694041771759,0.551373181239025,4
urn:mavedb:00000096-b-1#6573,,,p.Phe133Cys,0.340514969549477,0.131896131943131,4
urn:mavedb:00000096-b-1#6574,,,p.Phe133Gln,0.3433200757813929,0.1128272910711099,4
urn:mavedb:00000096-b-1#6575,,,p.Phe133Glu,0.391832802596292,0.887858740836621,4
urn:mavedb:00000096-b-1#6576,,,p.Phe133Gly,-0.0052788782100606,0.190510015399538,8
urn:mavedb:00000096-b-1#6577,,,p.Phe133His,0.440130152734616,0.2191105551014239,4
urn:mavedb:00000096-b-1#6578,,,p.Phe133Ile,0.402539417758015,0.215606471205005,4
urn:mavedb:00000096-b-1#6579,,,p.Phe133Leu,0.575683943623942,0.392934480244907,12
urn:mavedb:00000096-b-1#6580,,,p.Phe133Lys,0.0021994724354017,0.1342771893156999,4
urn:mavedb:00000096-b-1#6581,,,p.Phe133Met,0.901767833363888,0.0627107918978771,4
urn:mavedb:00000096-b-1#6582,,,p.Phe133Pro,0.206215815777735,0.540787739000655,8
urn:mavedb:00000096-b-1#6583,,,p.Phe133Ser,0.2746764146157289,0.251742874470582,12
urn:mavedb:00000096-b-1#6584,,,p.Phe133Ter,-0.4717525492791429,0.1514406045993959,4
urn:mavedb:00000096-b-1#6585,,,p.Phe133Thr,0.5964924467356899,0.808772273608823,8
urn:mavedb:00000096-b-1#6586,,,p.Phe133Trp,0.402075298405482,0.107476480456833,4
urn:mavedb:00000096-b-1#6587,,,p.Phe133Tyr,0.721338172150318,0.362682570439303,4
urn:mavedb:00000096-b-1#6588,,,p.Phe133Val,0.249618717566641,0.363754037269697,8
urn:mavedb:00000096-b-1#6589,,,p.Phe148Ala,0.990727729407312,0.228626368520916,8
urn:mavedb:00000096-b-1#6590,,,p.Phe148Arg,0.5634849303759929,0.176832931476386,12
urn:mavedb:00000096-b-1#6591,,,p.Phe148Asn,0.40557250648353,0.703557143932629,4
urn:mavedb:00000096-b-1#6592,,,p.Phe148Asp,0.248466920356553,0.21250406113435,4
urn:mavedb:00000096-b-1#6593,,,p.Phe148Cys,1.02359226744095,0.0438235094846012,4
urn:mavedb:00000096-b-1#6594,,,p.Phe148Gln,0.695012630271839,0.0906634694464429,4
urn:mavedb:00000096-b-1#6595,,,p.Phe148Glu,0.184702041486213,0.162759398223052,4
urn:mavedb:00000096-b-1#6596,,,p.Phe148Gly,0.553180841671448,0.108542287328133,8
urn:mavedb:00000096-b-1#6597,,,p.Phe148His,0.744531380576339,0.7106933864775941,4
urn:mavedb:00000096-b-1#6598,,,p.Phe148Ile,0.7995012505325011,0.41793611936496,4
urn:mavedb:00000096-b-1#6599,,,p.Phe148Leu,0.946273098591835,0.1572256680281269,12
urn:mavedb:00000096-b-1#6600,,,p.Phe148Lys,0.819346614693774,0.115059609122778,4
urn:mavedb:00000096-b-1#6601,,,p.Phe148Met,0.7178261190455881,0.1049669042324919,4
urn:mavedb:00000096-b-1#6602,,,p.Phe148Pro,0.197124011032388,0.366198754724416,8
urn:mavedb:00000096-b-1#6603,,,p.Phe148Ser,0.64975182638899,0.17623411815239,12
urn:mavedb:00000096-b-1#6604,,,p.Phe148Ter,0.0222996260971903,0.131361484601081,4
urn:mavedb:00000096-b-1#6605,,,p.Phe148Thr,0.6895163953783401,0.269966273604177,8
urn:mavedb:00000096-b-1#6606,,,p.Phe148Trp,0.91759677584361,0.0464455240016819,4
urn:mavedb:00000096-b-1#6607,,,p.Phe148Tyr,0.227788998671273,0.645536193307579,4
urn:mavedb:00000096-b-1#6608,,,p.Phe148Val,1.06176646110982,0.11147651341288,4
urn:mavedb:00000096-b-1#6609,,,p.Phe150Ala,1.00785014910693,0.201556463704678,8
urn:mavedb:00000096-b-1#6610,,,p.Phe150Arg,0.941602271687684,0.261339806520703,12
urn:mavedb:00000096-b-1#6611,,,p.Phe150Asn,0.897269526232315,0.1419889433276659,4
urn:mavedb:00000096-b-1#6612,,,p.Phe150Asp,0.8397208240934729,0.169649384723462,4
urn:mavedb:00000096-b-1#6613,,,p.Phe150Cys,1.05246283374136,0.111363143834983,4
urn:mavedb:00000096-b-1#6614,,,p.Phe150Gln,0.840644791411338,0.111784627624468,4
urn:mavedb:00000096-b-1#6615,,,p.Phe150Glu,0.89209678011629,0.306587561428968,4
urn:mavedb:00000096-b-1#6616,,,p.Phe150Gly,1.17477886203047,0.0966012276826022,8
urn:mavedb:00000096-b-1#6617,,,p.Phe150His,0.3533799096092589,0.137333963440503,4
urn:mavedb:00000096-b-1#6618,,,p.Phe150Ile,0.734995531304121,0.646683590463992,4
urn:mavedb:00000096-b-1#6619,,,p.Phe150Leu,1.0887817418028498,0.301224480277315,12
urn:mavedb:00000096-b-1#6620,,,p.Phe150Lys,1.33392267134202,0.5731766822025121,4
urn:mavedb:00000096-b-1#6621,,,p.Phe150Met,0.998963223593064,0.4199913737342921,4
urn:mavedb:00000096-b-1#6622,,,p.Phe150Pro,0.7648917460043041,0.338203433576238,8
urn:mavedb:00000096-b-1#6623,,,p.Phe150Ser,0.9674109700360468,0.210103905074927,12
urn:mavedb:00000096-b-1#6624,,,p.Phe150Ter,-0.1007083047008849,0.18477797674779,4
urn:mavedb:00000096-b-1#6625,,,p.Phe150Thr,0.9234632314717388,0.47722431451179,8
urn:mavedb:00000096-b-1#6626,,,p.Phe150Trp,1.01465552657594,0.0536096744100227,4
urn:mavedb:00000096-b-1#6627,,,p.Phe150Tyr,0.986997367722784,0.650878303259102,4
urn:mavedb:00000096-b-1#6628,,,p.Phe150Val,1.05182228185702,0.0912157991893792,8
urn:mavedb:00000096-b-1#6629,,,p.Phe152=,1.11260169092075,0.0892172148711094,4
urn:mavedb:00000096-b-1#6630,,,p.Phe152Ala,0.989695094236942,0.0537713912748433,8
urn:mavedb:00000096-b-1#6631,,,p.Phe152Arg,1.00599531729622,0.135697221656204,12
urn:mavedb:00000096-b-1#6632,,,p.Phe152Asn,1.21801298953904,0.1138171380271169,4
urn:mavedb:00000096-b-1#6633,,,p.Phe152Asp,1.33645277884157,0.1019562656022869,4
urn:mavedb:00000096-b-1#6634,,,p.Phe152Cys,1.1072487917433,0.0567083338922652,4
urn:mavedb:00000096-b-1#6635,,,p.Phe152Gln,1.11552277125457,0.0473218658473579,4
urn:mavedb:00000096-b-1#6636,,,p.Phe152Gly,1.07178240288268,0.129856620075033,8
urn:mavedb:00000096-b-1#6637,,,p.Phe152Ile,0.9539523810785252,0.0608489205830805,4
urn:mavedb:00000096-b-1#6638,,,p.Phe152Leu,0.990329741497586,0.19569105149625,12
urn:mavedb:00000096-b-1#6639,,,p.Phe152Lys,1.16108343864223,0.0670858681994365,4
urn:mavedb:00000096-b-1#6640,,,p.Phe152Met,1.13946849598527,0.128101191278371,4
urn:mavedb:00000096-b-1#6641,,,p.Phe152Pro,1.00314023570313,0.172415361489099,8
urn:mavedb:00000096-b-1#6642,,,p.Phe152Ser,1.15232868210307,0.171689014533848,12
urn:mavedb:00000096-b-1#6643,,,p.Phe152Ter,0.141081421730083,0.26370902794258,4
urn:mavedb:00000096-b-1#6644,,,p.Phe152Thr,1.2116943583228,0.131876674952327,8
urn:mavedb:00000096-b-1#6645,,,p.Phe152Trp,1.14293620863194,0.0351411044180052,4
urn:mavedb:00000096-b-1#6646,,,p.Phe152Tyr,0.908581534589848,0.147945931017716,4
urn:mavedb:00000096-b-1#6647,,,p.Phe152Val,1.0840593989488398,0.184782465987659,8
urn:mavedb:00000096-b-1#6648,,,p.Phe171Ala,0.8843734278044442,0.0593672535159853,8
urn:mavedb:00000096-b-1#6649,,,p.Phe171Arg,1.04249927477839,0.145595325725927,12
urn:mavedb:00000096-b-1#6650,,,p.Phe171Asn,1.3639554027805805,0.128709469022525,4
urn:mavedb:00000096-b-1#6651,,,p.Phe171Asp,1.08472603472434,0.0532838357702735,4
urn:mavedb:00000096-b-1#6652,,,p.Phe171Cys,1.01518372933303,0.0637168574112539,4
urn:mavedb:00000096-b-1#6653,,,p.Phe171Gln,0.940956855663824,0.145640061987547,4
urn:mavedb:00000096-b-1#6654,,,p.Phe171Glu,0.903453802131341,0.0678364468144305,4
urn:mavedb:00000096-b-1#6655,,,p.Phe171Gly,0.978412019288352,0.07780483133145,8
urn:mavedb:00000096-b-1#6656,,,p.Phe171His,0.8746180856744641,0.129780316855762,4
urn:mavedb:00000096-b-1#6657,,,p.Phe171Ile,1.1706097454936202,0.0548785555589268,4
urn:mavedb:00000096-b-1#6658,,,p.Phe171Leu,0.989825591105019,0.118254995382635,12
urn:mavedb:00000096-b-1#6659,,,p.Phe171Lys,0.8416296491381658,0.0794737630973418,4
urn:mavedb:00000096-b-1#6660,,,p.Phe171Met,0.963560806802659,0.0646413154703246,4
urn:mavedb:00000096-b-1#6661,,,p.Phe171Pro,0.925351572372926,0.199858973157822,8
urn:mavedb:00000096-b-1#6662,,,p.Phe171Ser,0.939852577995235,0.150005123162163,12
urn:mavedb:00000096-b-1#6663,,,p.Phe171Ter,-0.100083345158424,0.1326071505093159,4
urn:mavedb:00000096-b-1#6664,,,p.Phe171Thr,0.8134749650719759,0.160822106366133,8
urn:mavedb:00000096-b-1#6665,,,p.Phe171Trp,0.8679354523857521,0.0574256159325609,4
urn:mavedb:00000096-b-1#6666,,,p.Phe171Tyr,1.0845699867368102,0.134760102612816,4
urn:mavedb:00000096-b-1#6667,,,p.Phe171Val,1.17384537437976,0.1402196065990269,8
urn:mavedb:00000096-b-1#6668,,,p.Phe195=,1.14913557359475,0.217769812271708,4
urn:mavedb:00000096-b-1#6669,,,p.Phe195Ala,0.932384960573078,0.257807530083447,8
urn:mavedb:00000096-b-1#6670,,,p.Phe195Arg,0.68485971874352,0.173824098643602,12
urn:mavedb:00000096-b-1#6671,,,p.Phe195Asn,0.414192292776841,0.201122910293786,4
urn:mavedb:00000096-b-1#6672,,,p.Phe195Asp,0.9463665037093352,0.0655872813666656,4
urn:mavedb:00000096-b-1#6673,,,p.Phe195Gln,0.791301285268731,0.112744943013265,4
urn:mavedb:00000096-b-1#6674,,,p.Phe195Glu,0.906783896606403,0.0569556727348537,4
urn:mavedb:00000096-b-1#6675,,,p.Phe195Gly,0.953581508738234,0.116758115818849,8
urn:mavedb:00000096-b-1#6676,,,p.Phe195His,1.24794786054579,0.0500525919163708,4
urn:mavedb:00000096-b-1#6677,,,p.Phe195Ile,0.6583185625691171,0.2315773456525389,4
urn:mavedb:00000096-b-1#6678,,,p.Phe195Leu,0.933444868687688,0.208426064472129,12
urn:mavedb:00000096-b-1#6679,,,p.Phe195Lys,0.917492667036818,0.109990875303695,4
urn:mavedb:00000096-b-1#6680,,,p.Phe195Met,0.959329914200321,0.3861738598215979,4
urn:mavedb:00000096-b-1#6681,,,p.Phe195Pro,0.8507687135697719,0.353427132160995,8
urn:mavedb:00000096-b-1#6682,,,p.Phe195Ser,0.793765715334989,0.3326133555703339,12
urn:mavedb:00000096-b-1#6683,,,p.Phe195Ter,-0.134181384810101,0.164355730960375,4
urn:mavedb:00000096-b-1#6684,,,p.Phe195Thr,0.8408394111455759,0.1672634087780199,4
urn:mavedb:00000096-b-1#6685,,,p.Phe195Trp,1.10354756165087,0.0432492286943821,4
urn:mavedb:00000096-b-1#6686,,,p.Phe195Tyr,1.2562483215649398,0.456691740588768,4
urn:mavedb:00000096-b-1#6687,,,p.Phe195Val,0.8149411912384309,0.116233860884854,8
urn:mavedb:00000096-b-1#6688,,,p.Phe23=,1.00786471766964,0.380636071838787,4
urn:mavedb:00000096-b-1#6689,,,p.Phe23Ala,0.623714968286734,0.270046386782332,8
urn:mavedb:00000096-b-1#6690,,,p.Phe23Arg,-0.173624071429055,0.573694735256199,12
urn:mavedb:00000096-b-1#6691,,,p.Phe23Asn,-0.1198252649097049,0.625840165633859,4
urn:mavedb:00000096-b-1#6692,,,p.Phe23Asp,0.0452473273977611,0.301855496805289,4
urn:mavedb:00000096-b-1#6693,,,p.Phe23Cys,0.329500393843049,0.337262275185424,4
urn:mavedb:00000096-b-1#6694,,,p.Phe23Gln,-0.278281741060859,0.4369254503515579,4
urn:mavedb:00000096-b-1#6695,,,p.Phe23Glu,-0.0860599708561373,0.662217401589792,4
urn:mavedb:00000096-b-1#6696,,,p.Phe23Gly,0.169717056487745,0.690515142842979,8
urn:mavedb:00000096-b-1#6697,,,p.Phe23His,-0.017472501664697,0.226920348674196,4
urn:mavedb:00000096-b-1#6698,,,p.Phe23Leu,0.830301079570975,0.6281336842757621,12
urn:mavedb:00000096-b-1#6699,,,p.Phe23Lys,0.185356374883949,0.6294592182881911,4
urn:mavedb:00000096-b-1#6700,,,p.Phe23Met,0.6844953821338651,0.515987917596996,4
urn:mavedb:00000096-b-1#6701,,,p.Phe23Pro,-0.337698036922078,0.393438078396114,4
urn:mavedb:00000096-b-1#6702,,,p.Phe23Ser,-0.7397996541133679,0.520383160247399,8
urn:mavedb:00000096-b-1#6703,,,p.Phe23Ter,0.172727844027032,0.173658645834274,4
urn:mavedb:00000096-b-1#6704,,,p.Phe23Thr,-0.0400394092162069,0.699981211425682,8
urn:mavedb:00000096-b-1#6705,,,p.Phe23Trp,0.713652779600688,0.2033584089005739,4
urn:mavedb:00000096-b-1#6706,,,p.Phe23Val,0.0716815921253682,0.360230306357639,8
urn:mavedb:00000096-b-1#6707,,,p.Phe260Ala,0.0794590031836356,0.1374472286133219,8
urn:mavedb:00000096-b-1#6708,,,p.Phe260Arg,-0.0136117724983471,0.202953358338165,12
urn:mavedb:00000096-b-1#6709,,,p.Phe260Asn,0.151898487950972,0.0980830661140146,4
urn:mavedb:00000096-b-1#6710,,,p.Phe260Asp,-0.0285778163685209,0.1030284634071369,4
urn:mavedb:00000096-b-1#6711,,,p.Phe260Cys,0.336477184276901,0.0882924057664752,4
urn:mavedb:00000096-b-1#6712,,,p.Phe260Gln,0.0339070074222681,0.1119908286891499,4
urn:mavedb:00000096-b-1#6713,,,p.Phe260Glu,-0.440495025703981,0.140042812097719,4
urn:mavedb:00000096-b-1#6714,,,p.Phe260Gly,-0.1887007396668019,0.307461077396174,8
urn:mavedb:00000096-b-1#6715,,,p.Phe260His,0.290104338938743,0.0809598064059424,4
urn:mavedb:00000096-b-1#6716,,,p.Phe260Ile,0.722071950229322,0.100728777378815,4
urn:mavedb:00000096-b-1#6717,,,p.Phe260Leu,1.02284634892841,0.0842675716790245,8
urn:mavedb:00000096-b-1#6718,,,p.Phe260Lys,0.2112451021647119,0.0893545102740453,4
urn:mavedb:00000096-b-1#6719,,,p.Phe260Met,1.04602871125889,0.041428194795056,4
urn:mavedb:00000096-b-1#6720,,,p.Phe260Pro,-0.0271910799525346,0.1694846598578519,8
urn:mavedb:00000096-b-1#6721,,,p.Phe260Ser,-0.0650846469149884,0.2277604129860519,12
urn:mavedb:00000096-b-1#6722,,,p.Phe260Ter,-0.0950101664644074,0.259427073437574,4
urn:mavedb:00000096-b-1#6723,,,p.Phe260Thr,-0.0947433755282411,0.20108506964816,8
urn:mavedb:00000096-b-1#6724,,,p.Phe260Trp,0.717664797264392,0.343612541223686,4
urn:mavedb:00000096-b-1#6725,,,p.Phe260Tyr,1.01728803602948,0.176882539125926,4
urn:mavedb:00000096-b-1#6726,,,p.Phe260Val,0.320432783393735,0.0637330931011309,8
urn:mavedb:00000096-b-1#6727,,,p.Phe269=,0.9678626782852148,0.302371546352658,4
urn:mavedb:00000096-b-1#6728,,,p.Phe269Ala,0.360262713602875,0.265575008302305,8
urn:mavedb:00000096-b-1#6729,,,p.Phe269Arg,0.235212152105866,0.273417787166421,12
urn:mavedb:00000096-b-1#6730,,,p.Phe269Asn,0.6596479723074339,0.0904056562003689,4
urn:mavedb:00000096-b-1#6731,,,p.Phe269Asp,0.3469605521158989,0.108581203136598,4
urn:mavedb:00000096-b-1#6732,,,p.Phe269Cys,0.827729368325893,0.0545274750345689,4
urn:mavedb:00000096-b-1#6733,,,p.Phe269Gln,0.944493758675526,0.570528984286248,4
urn:mavedb:00000096-b-1#6734,,,p.Phe269Glu,0.49987924823317,0.0672630160787897,4
urn:mavedb:00000096-b-1#6735,,,p.Phe269Gly,-0.277270282618075,0.198987620958011,8
urn:mavedb:00000096-b-1#6736,,,p.Phe269His,1.00567901685959,0.0573225387592739,4
urn:mavedb:00000096-b-1#6737,,,p.Phe269Ile,0.856406387051984,0.206722749291356,4
urn:mavedb:00000096-b-1#6738,,,p.Phe269Leu,0.99097752213377,0.085015401971794,12
urn:mavedb:00000096-b-1#6739,,,p.Phe269Lys,0.2977268227657769,0.432019888915486,4
urn:mavedb:00000096-b-1#6740,,,p.Phe269Met,1.04986703684677,0.115009324161612,4
urn:mavedb:00000096-b-1#6741,,,p.Phe269Pro,-0.0848595254349622,0.511945370994786,8
urn:mavedb:00000096-b-1#6742,,,p.Phe269Ser,0.337191429615257,0.329753776169441,12
urn:mavedb:00000096-b-1#6743,,,p.Phe269Ter,-0.356838573388863,0.337083827897352,4
urn:mavedb:00000096-b-1#6744,,,p.Phe269Thr,0.513793869284363,0.2466772973209139,8
urn:mavedb:00000096-b-1#6745,,,p.Phe269Trp,1.1936216029104698,0.0647043480085259,4
urn:mavedb:00000096-b-1#6746,,,p.Phe269Tyr,0.473395237021498,0.0678548186822502,4
urn:mavedb:00000096-b-1#6747,,,p.Phe269Val,0.91553770976755,0.0382424110803629,4
urn:mavedb:00000096-b-1#6748,,,p.Phe316=,1.09475051725544,0.085034042579182,4
urn:mavedb:00000096-b-1#6749,,,p.Phe316Ala,0.726067356005047,0.5663160150971899,8
urn:mavedb:00000096-b-1#6750,,,p.Phe316Arg,-0.11144307125682,0.2883516209082619,12
urn:mavedb:00000096-b-1#6751,,,p.Phe316Asn,0.492564887909423,0.13276867384405,4
urn:mavedb:00000096-b-1#6752,,,p.Phe316Asp,0.320281331874603,0.319101685227785,4
urn:mavedb:00000096-b-1#6753,,,p.Phe316Cys,1.09463572653993,0.371384397888195,4
urn:mavedb:00000096-b-1#6754,,,p.Phe316Gln,0.638877777642076,0.342197895357338,4
urn:mavedb:00000096-b-1#6755,,,p.Phe316Glu,0.498534993475686,0.0790181218773049,4
urn:mavedb:00000096-b-1#6756,,,p.Phe316Gly,0.8127969515229909,0.130346807216793,8
urn:mavedb:00000096-b-1#6757,,,p.Phe316His,1.25205708434661,0.215780134350588,4
urn:mavedb:00000096-b-1#6758,,,p.Phe316Ile,0.329156363257458,0.5689703667656539,4
urn:mavedb:00000096-b-1#6759,,,p.Phe316Leu,0.925828421434528,0.368195733889427,20
urn:mavedb:00000096-b-1#6760,,,p.Phe316Lys,-0.127381170490408,0.200615461517828,4
urn:mavedb:00000096-b-1#6761,,,p.Phe316Met,0.8405202464318271,0.0539680326151301,4
urn:mavedb:00000096-b-1#6762,,,p.Phe316Pro,0.183216307656083,0.421193274451089,8
urn:mavedb:00000096-b-1#6763,,,p.Phe316Ser,0.6841446808194581,0.261565053393576,16
urn:mavedb:00000096-b-1#6764,,,p.Phe316Ter,-0.243651730253226,0.196221230986178,4
urn:mavedb:00000096-b-1#6765,,,p.Phe316Thr,0.6675769871686661,0.210888120995982,8
urn:mavedb:00000096-b-1#6766,,,p.Phe316Trp,0.502064808041572,0.0698563644832131,4
urn:mavedb:00000096-b-1#6767,,,p.Phe316Tyr,0.334383287089333,0.0907229425603265,4
urn:mavedb:00000096-b-1#6768,,,p.Phe316Val,0.7039742173936041,0.0545893483278503,4
urn:mavedb:00000096-b-1#6769,,,p.Phe330=,1.0002368940015,0.0850029520587685,4
urn:mavedb:00000096-b-1#6770,,,p.Phe330Ala,0.2291860072327889,0.3839687931665089,8
urn:mavedb:00000096-b-1#6771,,,p.Phe330Arg,0.0142736713178813,0.272103189614976,12
urn:mavedb:00000096-b-1#6772,,,p.Phe330Asn,-0.230313829730185,0.517718231162552,4
urn:mavedb:00000096-b-1#6773,,,p.Phe330Asp,-0.315424534637351,0.172222268612681,4
urn:mavedb:00000096-b-1#6774,,,p.Phe330Cys,0.6231478971424979,0.0678002973313353,4
urn:mavedb:00000096-b-1#6775,,,p.Phe330Gln,0.0424115691499063,0.117613456304603,4
urn:mavedb:00000096-b-1#6776,,,p.Phe330Glu,0.12812321980574,0.64216624253289,4
urn:mavedb:00000096-b-1#6777,,,p.Phe330Gly,0.0585176705583708,0.2733086683127469,8
urn:mavedb:00000096-b-1#6778,,,p.Phe330His,0.138126275217695,0.647250092682987,4
urn:mavedb:00000096-b-1#6779,,,p.Phe330Ile,1.03405596230665,0.2043923260329139,4
urn:mavedb:00000096-b-1#6780,,,p.Phe330Leu,0.763057259948141,0.312925425867423,12
urn:mavedb:00000096-b-1#6781,,,p.Phe330Lys,-0.0273804183478829,0.4763688975913729,4
urn:mavedb:00000096-b-1#6782,,,p.Phe330Met,0.8859641091654951,0.15790294860852,4
urn:mavedb:00000096-b-1#6783,,,p.Phe330Pro,0.390774380971613,0.398880048003582,8
urn:mavedb:00000096-b-1#6784,,,p.Phe330Ser,0.0050815587148707,0.334666397778436,16
urn:mavedb:00000096-b-1#6785,,,p.Phe330Ter,0.114334730044965,0.0908443375821591,4
urn:mavedb:00000096-b-1#6786,,,p.Phe330Thr,-0.014183159447647,0.198094104967189,8
urn:mavedb:00000096-b-1#6787,,,p.Phe330Trp,0.985916863401577,0.0788352502666309,4
urn:mavedb:00000096-b-1#6788,,,p.Phe330Tyr,0.682610668765136,0.149130445076009,4
urn:mavedb:00000096-b-1#6789,,,p.Phe330Val,0.841432225247618,0.0745643921767907,8
urn:mavedb:00000096-b-1#6790,,,p.Phe334=,0.9296022829712208,0.260514963265524,4
urn:mavedb:00000096-b-1#6791,,,p.Phe334Ala,0.876252945481388,0.212188262458691,8
urn:mavedb:00000096-b-1#6792,,,p.Phe334Arg,0.897874583659178,0.310675429309039,12
urn:mavedb:00000096-b-1#6793,,,p.Phe334Asn,0.205856736801882,0.382519738181622,4
urn:mavedb:00000096-b-1#6794,,,p.Phe334Asp,0.256048437395465,0.342720288440251,4
urn:mavedb:00000096-b-1#6795,,,p.Phe334Cys,0.822391539885585,0.6519685394252829,4
urn:mavedb:00000096-b-1#6796,,,p.Phe334Gln,0.813296085800308,0.170881042755273,4
urn:mavedb:00000096-b-1#6797,,,p.Phe334Gly,0.4054189503975209,0.561409612974621,8
urn:mavedb:00000096-b-1#6798,,,p.Phe334His,0.933323752068638,0.3489548244681179,4
urn:mavedb:00000096-b-1#6799,,,p.Phe334Leu,1.29057540394821,0.420348359842185,12
urn:mavedb:00000096-b-1#6800,,,p.Phe334Lys,1.17285330916537,0.412160105986219,4
urn:mavedb:00000096-b-1#6801,,,p.Phe334Met,0.638118914260192,0.2795448846090219,4
urn:mavedb:00000096-b-1#6802,,,p.Phe334Pro,0.2045631121141319,0.302613632023318,8
urn:mavedb:00000096-b-1#6803,,,p.Phe334Ser,0.3245105151034119,0.469592982643516,12
urn:mavedb:00000096-b-1#6804,,,p.Phe334Ter,-0.157659554854832,0.265682089913518,4
urn:mavedb:00000096-b-1#6805,,,p.Phe334Thr,0.9047863901214028,0.466228846968961,8
urn:mavedb:00000096-b-1#6806,,,p.Phe334Trp,1.05379935517854,0.5585861700212149,4
urn:mavedb:00000096-b-1#6807,,,p.Phe334Tyr,0.552655196063924,0.385223306977801,4
urn:mavedb:00000096-b-1#6808,,,p.Phe334Val,0.5657152962687529,0.326992990284864,8
urn:mavedb:00000096-b-1#6809,,,p.Phe419Ala,-0.0296693076518599,0.227205341723879,8
urn:mavedb:00000096-b-1#6810,,,p.Phe419Arg,0.5202189060390789,0.3584028389012249,12
urn:mavedb:00000096-b-1#6811,,,p.Phe419Asn,0.1495657247005069,0.29765573229434,4
urn:mavedb:00000096-b-1#6812,,,p.Phe419Asp,-0.299102243781711,0.3889170554938539,4
urn:mavedb:00000096-b-1#6813,,,p.Phe419Cys,-0.0599261361433847,0.3088452275918789,4
urn:mavedb:00000096-b-1#6814,,,p.Phe419Gln,0.0505408871658925,0.147294537572423,4
urn:mavedb:00000096-b-1#6815,,,p.Phe419Glu,-0.2300316411675909,0.171884022704182,4
urn:mavedb:00000096-b-1#6816,,,p.Phe419Gly,-0.4717301268802129,0.356861721933436,8
urn:mavedb:00000096-b-1#6817,,,p.Phe419His,-0.314051335179718,0.483528719556926,4
urn:mavedb:00000096-b-1#6818,,,p.Phe419Ile,0.359788990016166,0.590083586352062,4
urn:mavedb:00000096-b-1#6819,,,p.Phe419Leu,0.4175008193235159,0.231010474708946,12
urn:mavedb:00000096-b-1#6820,,,p.Phe419Lys,0.130666666170894,0.691415363396508,4
urn:mavedb:00000096-b-1#6821,,,p.Phe419Met,0.157007616689776,0.5837235039893249,4
urn:mavedb:00000096-b-1#6822,,,p.Phe419Pro,-0.0857528106577534,0.521397623443388,8
urn:mavedb:00000096-b-1#6823,,,p.Phe419Ser,-0.0559603692906124,0.347386338883806,12
urn:mavedb:00000096-b-1#6824,,,p.Phe419Ter,-0.315410768533716,0.4565861365763161,4
urn:mavedb:00000096-b-1#6825,,,p.Phe419Thr,-0.279405480583868,0.3694148545413229,8
urn:mavedb:00000096-b-1#6826,,,p.Phe419Trp,1.01852699813613,0.151089054644861,4
urn:mavedb:00000096-b-1#6827,,,p.Phe419Tyr,0.896107458929435,0.380631405279741,4
urn:mavedb:00000096-b-1#6828,,,p.Phe419Val,0.180614565275343,0.145546629208827,8
urn:mavedb:00000096-b-1#6829,,,p.Phe423=,1.1349558838761,0.280850592930426,4
urn:mavedb:00000096-b-1#6830,,,p.Phe423Ala,0.727011451781486,0.211641415695033,8
urn:mavedb:00000096-b-1#6831,,,p.Phe423Arg,-0.4887197974204509,0.340219360460067,12
urn:mavedb:00000096-b-1#6832,,,p.Phe423Asp,-0.425898735625671,0.3164212692668289,4
urn:mavedb:00000096-b-1#6833,,,p.Phe423Cys,1.08327750548,0.0952165767901647,4
urn:mavedb:00000096-b-1#6834,,,p.Phe423Gln,0.397517291986339,0.764407493425814,4
urn:mavedb:00000096-b-1#6835,,,p.Phe423Glu,-0.140242821279636,0.199558351278185,4
urn:mavedb:00000096-b-1#6836,,,p.Phe423Gly,-0.222472072543126,0.313827140761558,8
urn:mavedb:00000096-b-1#6837,,,p.Phe423His,0.8148171878152791,0.136599727353814,4
urn:mavedb:00000096-b-1#6838,,,p.Phe423Ile,1.36638709203021,0.450671837483266,4
urn:mavedb:00000096-b-1#6839,,,p.Phe423Leu,0.8685580179160041,0.29661956419596,8
urn:mavedb:00000096-b-1#6840,,,p.Phe423Lys,0.312653090958305,0.732861813545337,4
urn:mavedb:00000096-b-1#6841,,,p.Phe423Met,0.808612314503737,0.654465698944456,4
urn:mavedb:00000096-b-1#6842,,,p.Phe423Pro,-0.24609348729887,0.338368393665351,4
urn:mavedb:00000096-b-1#6843,,,p.Phe423Ser,0.0178779964667975,0.320631150007592,12
urn:mavedb:00000096-b-1#6844,,,p.Phe423Ter,0.2478951570141219,0.626592701072436,4
urn:mavedb:00000096-b-1#6845,,,p.Phe423Thr,0.5611395159774859,0.479542032790282,8
urn:mavedb:00000096-b-1#6846,,,p.Phe423Trp,0.133802541407654,0.6713775326798279,4
urn:mavedb:00000096-b-1#6847,,,p.Phe423Tyr,-0.4456505829819389,0.4091782240828879,4
urn:mavedb:00000096-b-1#6848,,,p.Phe423Val,0.8541857607494789,0.281391937835803,8
urn:mavedb:00000096-b-1#6849,,,p.Phe438Ala,0.0584145821338172,0.256207268960568,8
urn:mavedb:00000096-b-1#6850,,,p.Phe438Arg,0.129391113680676,0.5136358234037189,12
urn:mavedb:00000096-b-1#6851,,,p.Phe438Asn,0.8237354773647371,0.908090293173147,4
urn:mavedb:00000096-b-1#6852,,,p.Phe438Asp,-0.2364306508629639,0.1491501519404,4
urn:mavedb:00000096-b-1#6853,,,p.Phe438Cys,0.3756974054639289,0.147496463883609,4
urn:mavedb:00000096-b-1#6854,,,p.Phe438Gln,-0.356601587580701,0.261981020821793,4
urn:mavedb:00000096-b-1#6855,,,p.Phe438Glu,0.1471865587297259,0.7163903796658109,4
urn:mavedb:00000096-b-1#6856,,,p.Phe438Gly,-0.298768376827236,0.7319547412119458,8
urn:mavedb:00000096-b-1#6857,,,p.Phe438His,-0.2862487627669881,0.178571158034784,4
urn:mavedb:00000096-b-1#6858,,,p.Phe438Leu,0.640630087870988,0.272039706900765,12
urn:mavedb:00000096-b-1#6859,,,p.Phe438Lys,0.4429782020430839,0.7755070952174219,4
urn:mavedb:00000096-b-1#6860,,,p.Phe438Met,0.425159027504266,0.2107868363986639,4
urn:mavedb:00000096-b-1#6861,,,p.Phe438Pro,-0.354591932344041,0.34177495541948,8
urn:mavedb:00000096-b-1#6862,,,p.Phe438Ser,0.1545293121698999,0.414141003108895,8
urn:mavedb:00000096-b-1#6863,,,p.Phe438Ter,-0.111648899590556,0.1572004739646809,4
urn:mavedb:00000096-b-1#6864,,,p.Phe438Thr,-0.0305504940510741,0.378171262546546,8
urn:mavedb:00000096-b-1#6865,,,p.Phe438Trp,0.922623865272292,0.0720494073838512,4
urn:mavedb:00000096-b-1#6866,,,p.Phe438Tyr,0.699976234869522,0.5711824475867691,4
urn:mavedb:00000096-b-1#6867,,,p.Phe438Val,0.522514828761419,0.122169084927453,8
urn:mavedb:00000096-b-1#6868,,,p.Phe74=,0.6616322060876639,1.14455057022115,4
urn:mavedb:00000096-b-1#6869,,,p.Phe74Ala,0.926524300013608,0.177765607500996,8
urn:mavedb:00000096-b-1#6870,,,p.Phe74Arg,0.18684743934392,0.144108708709167,12
urn:mavedb:00000096-b-1#6871,,,p.Phe74Asn,0.4377993403034579,0.133618566276916,4
urn:mavedb:00000096-b-1#6872,,,p.Phe74Asp,0.1950832617546519,0.469818707559122,4
urn:mavedb:00000096-b-1#6873,,,p.Phe74Cys,0.699979858696895,0.0862423921062262,4
urn:mavedb:00000096-b-1#6874,,,p.Phe74Gln,0.517810460565686,0.119574100528064,4
urn:mavedb:00000096-b-1#6875,,,p.Phe74Glu,0.1647780697362049,0.151755568533371,4
urn:mavedb:00000096-b-1#6876,,,p.Phe74Gly,0.6389285726784699,0.0914648561320967,8
urn:mavedb:00000096-b-1#6877,,,p.Phe74His,0.987383271190689,0.0827272016374217,4
urn:mavedb:00000096-b-1#6878,,,p.Phe74Ile,0.234237189630795,0.837021882514143,4
urn:mavedb:00000096-b-1#6879,,,p.Phe74Leu,0.846513162179884,0.47439260910532,12
urn:mavedb:00000096-b-1#6880,,,p.Phe74Lys,0.640174131684462,0.2251693959110429,4
urn:mavedb:00000096-b-1#6881,,,p.Phe74Met,1.0738431099924202,0.322469892765504,4
urn:mavedb:00000096-b-1#6882,,,p.Phe74Pro,0.0916817430367809,0.161021209366519,8
urn:mavedb:00000096-b-1#6883,,,p.Phe74Ser,0.700918048697912,0.5107455036654489,12
urn:mavedb:00000096-b-1#6884,,,p.Phe74Ter,-0.050372906125204,0.1168878209643019,4
urn:mavedb:00000096-b-1#6885,,,p.Phe74Thr,0.981344641470898,0.328800672886497,8
urn:mavedb:00000096-b-1#6886,,,p.Phe74Trp,0.473819615453913,0.102150861899916,4
urn:mavedb:00000096-b-1#6887,,,p.Phe74Tyr,1.1378530694486002,0.0773501592821665,4
urn:mavedb:00000096-b-1#6888,,,p.Phe74Val,0.9606365722175602,0.178363242923898,8
urn:mavedb:00000096-b-1#6889,,,p.Phe84=,1.06476131592278,0.1098846442061639,4
urn:mavedb:00000096-b-1#6890,,,p.Phe84Ala,0.9480105034875748,0.154030809654052,8
urn:mavedb:00000096-b-1#6891,,,p.Phe84Arg,0.531807908508427,0.4975447531168609,12
urn:mavedb:00000096-b-1#6892,,,p.Phe84Asn,1.03224669925679,0.163181543506292,4
urn:mavedb:00000096-b-1#6893,,,p.Phe84Asp,0.787647140398037,0.283799480647385,4
urn:mavedb:00000096-b-1#6894,,,p.Phe84Cys,0.975731332228473,0.0594900843055714,4
urn:mavedb:00000096-b-1#6895,,,p.Phe84Gln,0.3329403203090639,0.438605878576157,4
urn:mavedb:00000096-b-1#6896,,,p.Phe84Glu,0.8274878831240781,0.0686370212154029,4
urn:mavedb:00000096-b-1#6897,,,p.Phe84Gly,0.7759120130178809,0.239515560595159,8
urn:mavedb:00000096-b-1#6898,,,p.Phe84His,0.8731054766702908,0.213924573162396,4
urn:mavedb:00000096-b-1#6899,,,p.Phe84Ile,0.832826512930585,0.148933623345869,4
urn:mavedb:00000096-b-1#6900,,,p.Phe84Leu,1.02796146377113,0.260887073601024,12
urn:mavedb:00000096-b-1#6901,,,p.Phe84Lys,0.493821319316756,0.0860820243446367,4
urn:mavedb:00000096-b-1#6902,,,p.Phe84Met,1.00209110580603,0.111227024695659,4
urn:mavedb:00000096-b-1#6903,,,p.Phe84Pro,0.658503538564545,0.340490830322132,8
urn:mavedb:00000096-b-1#6904,,,p.Phe84Ser,0.64329587453833,0.308693231267859,16
urn:mavedb:00000096-b-1#6905,,,p.Phe84Ter,-0.252268491485085,0.585885402917051,4
urn:mavedb:00000096-b-1#6906,,,p.Phe84Thr,0.809642296197446,0.269168924276687,8
urn:mavedb:00000096-b-1#6907,,,p.Phe84Trp,0.453778805190445,0.109990703811711,4
urn:mavedb:00000096-b-1#6908,,,p.Phe84Tyr,0.6020024724045899,0.6041218443069399,4
urn:mavedb:00000096-b-1#6909,,,p.Phe84Val,1.04965835977908,0.0516527517977444,8
urn:mavedb:00000096-b-1#6910,,,p.Pro111=,0.8929927991533839,0.3527912401740479,8
urn:mavedb:00000096-b-1#6911,,,p.Pro111Ala,0.8222184983231949,0.7711009493905551,8
urn:mavedb:00000096-b-1#6912,,,p.Pro111Arg,0.8828738390160591,0.193705357134106,12
urn:mavedb:00000096-b-1#6913,,,p.Pro111Asn,1.11431701402643,0.1702541793650059,4
urn:mavedb:00000096-b-1#6914,,,p.Pro111Asp,0.8541501208112701,0.539182067026964,4
urn:mavedb:00000096-b-1#6915,,,p.Pro111Cys,0.649339728373848,0.0749379984368731,4
urn:mavedb:00000096-b-1#6916,,,p.Pro111Gln,0.449188585171036,0.107962546953076,4
urn:mavedb:00000096-b-1#6917,,,p.Pro111Glu,1.09411320796589,0.8438180502918551,4
urn:mavedb:00000096-b-1#6918,,,p.Pro111Gly,0.8546374490575971,0.1546803997724209,8
urn:mavedb:00000096-b-1#6919,,,p.Pro111His,0.9915786372755891,0.570345036765844,4
urn:mavedb:00000096-b-1#6920,,,p.Pro111Ile,0.321087288648813,0.384106516103689,4
urn:mavedb:00000096-b-1#6921,,,p.Pro111Leu,0.429550969327871,0.78704128073991,12
urn:mavedb:00000096-b-1#6922,,,p.Pro111Lys,1.21567350653204,0.169721421150264,4
urn:mavedb:00000096-b-1#6923,,,p.Pro111Met,0.67883519890574,0.0757063240895233,4
urn:mavedb:00000096-b-1#6924,,,p.Pro111Phe,0.272593577859559,0.0946179426071478,4
urn:mavedb:00000096-b-1#6925,,,p.Pro111Ser,0.9201359449800892,0.55727659992695,12
urn:mavedb:00000096-b-1#6926,,,p.Pro111Ter,0.103597005203085,0.111551942592653,4
urn:mavedb:00000096-b-1#6927,,,p.Pro111Thr,1.15105995809966,0.302009069121346,8
urn:mavedb:00000096-b-1#6928,,,p.Pro111Trp,0.522160357374467,0.123030970880896,4
urn:mavedb:00000096-b-1#6929,,,p.Pro111Tyr,0.6443926098427321,0.437305253680659,4
urn:mavedb:00000096-b-1#6930,,,p.Pro111Val,0.167911250660975,0.352525021506189,8
urn:mavedb:00000096-b-1#6931,,,p.Pro145=,0.8525935215016891,0.6099531833987261,12
urn:mavedb:00000096-b-1#6932,,,p.Pro145Ala,0.593925961758464,0.263320878635799,12
urn:mavedb:00000096-b-1#6933,,,p.Pro145Arg,0.6812893332559511,0.151072623548314,12
urn:mavedb:00000096-b-1#6934,,,p.Pro145Asn,0.855563376584394,0.145984064853958,4
urn:mavedb:00000096-b-1#6935,,,p.Pro145Asp,0.547619107267855,0.1229883249496859,4
urn:mavedb:00000096-b-1#6936,,,p.Pro145Cys,0.808638028600346,0.0677539155997737,4
urn:mavedb:00000096-b-1#6937,,,p.Pro145Gln,0.3628793248722989,0.12892561947818,4
urn:mavedb:00000096-b-1#6938,,,p.Pro145Glu,0.6983030174417799,0.102729074929366,4
urn:mavedb:00000096-b-1#6939,,,p.Pro145Gly,0.702994536266144,0.125773819625047,8
urn:mavedb:00000096-b-1#6940,,,p.Pro145His,0.5857623303029991,0.937588783780977,4
urn:mavedb:00000096-b-1#6941,,,p.Pro145Ile,0.6929924794432719,0.6711478395230611,4
urn:mavedb:00000096-b-1#6942,,,p.Pro145Leu,0.623321633349831,0.196415334188243,8
urn:mavedb:00000096-b-1#6943,,,p.Pro145Lys,1.04647675566648,0.111623579050592,4
urn:mavedb:00000096-b-1#6944,,,p.Pro145Met,0.725497243638884,0.08599502789414,4
urn:mavedb:00000096-b-1#6945,,,p.Pro145Phe,0.51858012532555,0.262782845577172,4
urn:mavedb:00000096-b-1#6946,,,p.Pro145Ser,0.941750770704324,0.117207038473625,12
urn:mavedb:00000096-b-1#6947,,,p.Pro145Ter,-0.44786587232907,0.335944247868946,4
urn:mavedb:00000096-b-1#6948,,,p.Pro145Thr,0.540922284551313,0.4874697620982839,12
urn:mavedb:00000096-b-1#6949,,,p.Pro145Trp,0.870386194360316,0.16138388249882,4
urn:mavedb:00000096-b-1#6950,,,p.Pro145Tyr,0.705513712046357,0.124711728277959,4
urn:mavedb:00000096-b-1#6951,,,p.Pro145Val,0.8216762967482131,0.250914314877764,8
urn:mavedb:00000096-b-1#6952,,,p.Pro153=,1.0747474024136,0.346046054430649,12
urn:mavedb:00000096-b-1#6953,,,p.Pro153Ala,0.556195051582194,0.260487880022052,8
urn:mavedb:00000096-b-1#6954,,,p.Pro153Arg,0.9381643112333372,0.6262933642005949,12
urn:mavedb:00000096-b-1#6955,,,p.Pro153Asn,0.956193350971502,0.0803739343473579,4
urn:mavedb:00000096-b-1#6956,,,p.Pro153Asp,1.11874153927595,0.0645910008033715,4
urn:mavedb:00000096-b-1#6957,,,p.Pro153Cys,0.558369209558441,0.400092742329069,4
urn:mavedb:00000096-b-1#6958,,,p.Pro153Glu,0.7187856933263069,0.184854424282182,4
urn:mavedb:00000096-b-1#6959,,,p.Pro153Gly,0.8159981351144301,0.134023983646219,8
urn:mavedb:00000096-b-1#6960,,,p.Pro153His,0.7078516347592869,0.0862140014997759,4
urn:mavedb:00000096-b-1#6961,,,p.Pro153Ile,0.551056512051771,0.188106380629564,4
urn:mavedb:00000096-b-1#6962,,,p.Pro153Leu,0.624659610029176,0.279407045881991,16
urn:mavedb:00000096-b-1#6963,,,p.Pro153Lys,1.0038989792370798,0.127508802719978,4
urn:mavedb:00000096-b-1#6964,,,p.Pro153Met,0.7929536100743249,0.0968712425248718,4
urn:mavedb:00000096-b-1#6965,,,p.Pro153Phe,0.982897225753513,0.0896964943515303,4
urn:mavedb:00000096-b-1#6966,,,p.Pro153Ser,0.5393262611104329,0.361464299127886,12
urn:mavedb:00000096-b-1#6967,,,p.Pro153Ter,-0.638044177192122,0.286639439498459,4
urn:mavedb:00000096-b-1#6968,,,p.Pro153Thr,1.03208127474319,0.0818417568557177,4
urn:mavedb:00000096-b-1#6969,,,p.Pro153Trp,0.692633905061132,0.5792500647170711,4
urn:mavedb:00000096-b-1#6970,,,p.Pro153Tyr,0.728673107175591,0.0875725338958676,4
urn:mavedb:00000096-b-1#6971,,,p.Pro153Val,0.787580039945865,0.346891707188892,8
urn:mavedb:00000096-b-1#6972,,,p.Pro284=,1.20414864453308,0.170627455898906,12
urn:mavedb:00000096-b-1#6973,,,p.Pro284Ala,0.8287316348458259,0.1225292588937619,8
urn:mavedb:00000096-b-1#6974,,,p.Pro284Arg,1.07066521059363,0.1010510355874269,12
urn:mavedb:00000096-b-1#6975,,,p.Pro284Asn,0.658528739092194,0.153335046304584,4
urn:mavedb:00000096-b-1#6976,,,p.Pro284Asp,0.184873080510041,0.13873157074449,4
urn:mavedb:00000096-b-1#6977,,,p.Pro284Cys,1.17719171852571,0.1609121883467139,4
urn:mavedb:00000096-b-1#6978,,,p.Pro284Gln,0.8613130971487499,0.103149929562506,4
urn:mavedb:00000096-b-1#6979,,,p.Pro284Glu,0.73437355294508,0.763994231354993,4
urn:mavedb:00000096-b-1#6980,,,p.Pro284Gly,0.854161007529207,0.201050934833041,8
urn:mavedb:00000096-b-1#6981,,,p.Pro284Ile,0.7948611129077799,0.575735400113103,4
urn:mavedb:00000096-b-1#6982,,,p.Pro284Leu,0.641005611557292,0.204332484444031,12
urn:mavedb:00000096-b-1#6983,,,p.Pro284Lys,1.09433543520862,0.0800358074841581,4
urn:mavedb:00000096-b-1#6984,,,p.Pro284Met,0.7040471660416471,0.0634698386212472,4
urn:mavedb:00000096-b-1#6985,,,p.Pro284Phe,0.944379404727373,0.283617722114141,4
urn:mavedb:00000096-b-1#6986,,,p.Pro284Ser,0.828351550477605,0.159424751613203,12
urn:mavedb:00000096-b-1#6987,,,p.Pro284Ter,-0.0353913778604602,0.1393871654182309,4
urn:mavedb:00000096-b-1#6988,,,p.Pro284Thr,0.7836611132451899,0.107750740141003,8
urn:mavedb:00000096-b-1#6989,,,p.Pro284Trp,0.5698926732866071,0.384845047834812,4
urn:mavedb:00000096-b-1#6990,,,p.Pro284Tyr,0.682929089242218,0.2997236128270999,4
urn:mavedb:00000096-b-1#6991,,,p.Pro284Val,1.03212807552434,0.19316466719778,8
urn:mavedb:00000096-b-1#6992,,,p.Pro359=,1.0724774069855,0.68931118912109,8
urn:mavedb:00000096-b-1#6993,,,p.Pro359Ala,0.883850722712653,0.45589852838214,12
urn:mavedb:00000096-b-1#6994,,,p.Pro359Arg,0.553260590390338,0.305495386337213,12
urn:mavedb:00000096-b-1#6995,,,p.Pro359Asn,0.313470184448041,0.5360998873166489,4
urn:mavedb:00000096-b-1#6996,,,p.Pro359Asp,-0.1119652527937559,0.4201151173784149,4
urn:mavedb:00000096-b-1#6997,,,p.Pro359Cys,0.5184653603469911,0.259569383692241,4
urn:mavedb:00000096-b-1#6998,,,p.Pro359Gln,0.409821195472291,0.61931304320489,4
urn:mavedb:00000096-b-1#6999,,,p.Pro359Glu,0.4886278943704121,0.28099393709036,4
urn:mavedb:00000096-b-1#7000,,,p.Pro359Gly,0.828923989326226,0.6970313420247229,4
urn:mavedb:00000096-b-1#7001,,,p.Pro359His,-0.449158910326647,0.373556037533454,4
urn:mavedb:00000096-b-1#7002,,,p.Pro359Ile,1.21586419816442,0.61377956079402,4
urn:mavedb:00000096-b-1#7003,,,p.Pro359Leu,0.176188702794285,0.6993851998037509,16
urn:mavedb:00000096-b-1#7004,,,p.Pro359Lys,0.9182500314758892,0.8484328690438829,4
urn:mavedb:00000096-b-1#7005,,,p.Pro359Met,1.23288353754457,0.103645295548606,4
urn:mavedb:00000096-b-1#7006,,,p.Pro359Phe,0.384909450224182,0.416705576754816,4
urn:mavedb:00000096-b-1#7007,,,p.Pro359Ser,0.418139342825522,0.566791843731164,16
urn:mavedb:00000096-b-1#7008,,,p.Pro359Ter,-0.233531429622002,0.387412574487036,4
urn:mavedb:00000096-b-1#7009,,,p.Pro359Thr,0.7984640060490179,0.4371813964289489,12
urn:mavedb:00000096-b-1#7010,,,p.Pro359Trp,0.602918949118482,0.740289487380047,4
urn:mavedb:00000096-b-1#7011,,,p.Pro359Tyr,0.8611309276913071,0.111352525697363,4
urn:mavedb:00000096-b-1#7012,,,p.Pro359Val,0.439886456387092,0.616837455536195,8
urn:mavedb:00000096-b-1#7013,,,p.Pro417=,1.42531786566756,0.268210899297693,4
urn:mavedb:00000096-b-1#7014,,,p.Pro417Ala,0.639703165056097,0.374924824225352,8
urn:mavedb:00000096-b-1#7015,,,p.Pro417Arg,0.7523276540750571,0.215075247473253,12
urn:mavedb:00000096-b-1#7016,,,p.Pro417Asn,0.8064988011598749,0.161870263858455,4
urn:mavedb:00000096-b-1#7017,,,p.Pro417Asp,0.9481093010194008,0.0810372138400659,4
urn:mavedb:00000096-b-1#7018,,,p.Pro417Cys,0.818276641743297,0.226447137966218,4
urn:mavedb:00000096-b-1#7019,,,p.Pro417Gln,0.7308532838177271,0.2203636111234719,4
urn:mavedb:00000096-b-1#7020,,,p.Pro417Glu,0.944617544123057,0.227638868533705,4
urn:mavedb:00000096-b-1#7021,,,p.Pro417Gly,0.7787860029235609,0.128281300507973,4
urn:mavedb:00000096-b-1#7022,,,p.Pro417His,1.1229705787506,0.400348692952669,4
urn:mavedb:00000096-b-1#7023,,,p.Pro417Ile,0.0538772734151407,0.436119259068755,4
urn:mavedb:00000096-b-1#7024,,,p.Pro417Leu,0.561093287632344,0.348424327749244,12
urn:mavedb:00000096-b-1#7025,,,p.Pro417Lys,1.03288045156875,0.0953155951937104,4
urn:mavedb:00000096-b-1#7026,,,p.Pro417Phe,0.563268429910043,0.8136761305094241,4
urn:mavedb:00000096-b-1#7027,,,p.Pro417Ser,0.8398252728124941,0.2675101980780069,16
urn:mavedb:00000096-b-1#7028,,,p.Pro417Ter,-0.079303048087167,0.5071075149551261,4
urn:mavedb:00000096-b-1#7029,,,p.Pro417Thr,0.575883219550352,0.2381520680791639,8
urn:mavedb:00000096-b-1#7030,,,p.Pro417Trp,0.392348930835721,0.1119765152655669,4
urn:mavedb:00000096-b-1#7031,,,p.Pro417Tyr,0.880046811956978,0.147518590185422,4
urn:mavedb:00000096-b-1#7032,,,p.Pro417Val,0.880481015505182,0.3864725771396989,8
urn:mavedb:00000096-b-1#7033,,,p.Pro432=,0.8452154277512359,0.485807171674335,8
urn:mavedb:00000096-b-1#7034,,,p.Pro432Ala,0.949505680962504,0.2244815862662819,8
urn:mavedb:00000096-b-1#7035,,,p.Pro432Arg,0.917298865248275,0.208312451130313,8
urn:mavedb:00000096-b-1#7036,,,p.Pro432Asn,0.453422134440847,0.1060290403891059,4
urn:mavedb:00000096-b-1#7037,,,p.Pro432Asp,1.05949193498362,0.416723006648396,4
urn:mavedb:00000096-b-1#7038,,,p.Pro432Cys,0.604051634332186,0.242739164244974,4
urn:mavedb:00000096-b-1#7039,,,p.Pro432Gln,0.6354822813187829,0.334369823615929,4
urn:mavedb:00000096-b-1#7040,,,p.Pro432Glu,0.8650982410143209,0.115103761114494,4
urn:mavedb:00000096-b-1#7041,,,p.Pro432Gly,0.8755289451064749,0.497807020230061,4
urn:mavedb:00000096-b-1#7042,,,p.Pro432His,0.8905384214916829,0.258015185290693,4
urn:mavedb:00000096-b-1#7043,,,p.Pro432Ile,1.02418481658307,0.0849295860892627,4
urn:mavedb:00000096-b-1#7044,,,p.Pro432Leu,0.5718330190232189,0.6798386824467071,16
urn:mavedb:00000096-b-1#7045,,,p.Pro432Lys,0.396997343068923,0.419082067092805,4
urn:mavedb:00000096-b-1#7046,,,p.Pro432Phe,0.655305236752911,0.248414904748518,4
urn:mavedb:00000096-b-1#7047,,,p.Pro432Ser,0.8611037779714079,0.261682014676073,16
urn:mavedb:00000096-b-1#7048,,,p.Pro432Ter,-0.727111678467688,0.348940511913981,4
urn:mavedb:00000096-b-1#7049,,,p.Pro432Thr,0.970302143389804,0.228448843551364,8
urn:mavedb:00000096-b-1#7050,,,p.Pro432Trp,0.7935976248649879,0.0801803441182469,4
urn:mavedb:00000096-b-1#7051,,,p.Pro432Tyr,0.777582341916874,0.216086283848243,4
urn:mavedb:00000096-b-1#7052,,,p.Pro432Val,0.750829759563857,0.279337411300306,8
urn:mavedb:00000096-b-1#7053,,,p.Pro59=,0.9808528022282,0.668082100477252,8
urn:mavedb:00000096-b-1#7054,,,p.Pro59Ala,0.8201651626883559,0.4045914637149509,12
urn:mavedb:00000096-b-1#7055,,,p.Pro59Arg,0.252598063805875,0.48734473280531,12
urn:mavedb:00000096-b-1#7056,,,p.Pro59Asn,-0.0997246560151748,0.214838983024355,4
urn:mavedb:00000096-b-1#7057,,,p.Pro59Asp,0.750971400328615,0.106387169678559,4
urn:mavedb:00000096-b-1#7058,,,p.Pro59Cys,-0.0148188963833522,0.195365336172556,4
urn:mavedb:00000096-b-1#7059,,,p.Pro59Gln,0.4280768944542439,0.6806363482711801,4
urn:mavedb:00000096-b-1#7060,,,p.Pro59Glu,1.1164862781893798,0.0728558539899789,4
urn:mavedb:00000096-b-1#7061,,,p.Pro59Gly,0.0363243210079359,0.485322861665146,8
urn:mavedb:00000096-b-1#7062,,,p.Pro59His,0.6769442271827321,0.2228490815540419,4
urn:mavedb:00000096-b-1#7063,,,p.Pro59Ile,-0.7723840319652749,0.401432759064684,4
urn:mavedb:00000096-b-1#7064,,,p.Pro59Leu,0.702068374037181,0.440753186133795,12
urn:mavedb:00000096-b-1#7065,,,p.Pro59Lys,0.390635331694645,0.1548443280725709,4
urn:mavedb:00000096-b-1#7066,,,p.Pro59Met,0.4812564965233989,0.807002530411734,4
urn:mavedb:00000096-b-1#7067,,,p.Pro59Phe,0.399457760053484,0.7150877204342521,4
urn:mavedb:00000096-b-1#7068,,,p.Pro59Ser,0.7208864758474208,0.3380156969971519,16
urn:mavedb:00000096-b-1#7069,,,p.Pro59Ter,-0.534555064894329,0.3975957902729939,4
urn:mavedb:00000096-b-1#7070,,,p.Pro59Thr,0.7152501817385308,0.2463094899689839,8
urn:mavedb:00000096-b-1#7071,,,p.Pro59Trp,0.642572996281284,0.1110487579933729,4
urn:mavedb:00000096-b-1#7072,,,p.Pro59Val,0.474200775079667,0.163978084694726,8
urn:mavedb:00000096-b-1#7073,,,p.Pro66=,1.21646792606385,0.307128189601825,4
urn:mavedb:00000096-b-1#7074,,,p.Pro66Ala,1.00127795156203,0.827576744611189,12
urn:mavedb:00000096-b-1#7075,,,p.Pro66Arg,0.9650576363125932,0.42277179824466,12
urn:mavedb:00000096-b-1#7076,,,p.Pro66Asp,0.864340119130953,0.4464865070604829,4
urn:mavedb:00000096-b-1#7077,,,p.Pro66Cys,0.8551503524555629,0.132929865337351,4
urn:mavedb:00000096-b-1#7078,,,p.Pro66Gln,0.41668236217569,0.118105622770752,4
urn:mavedb:00000096-b-1#7079,,,p.Pro66Glu,0.679346942608876,0.63659833635252,4
urn:mavedb:00000096-b-1#7080,,,p.Pro66Gly,0.8411228902147441,0.149395855869033,8
urn:mavedb:00000096-b-1#7081,,,p.Pro66His,0.899644890936917,0.115885837943394,4
urn:mavedb:00000096-b-1#7082,,,p.Pro66Ile,1.25611262859249,0.0522911788257068,4
urn:mavedb:00000096-b-1#7083,,,p.Pro66Leu,0.831721736513422,0.257398739521198,12
urn:mavedb:00000096-b-1#7084,,,p.Pro66Lys,0.401158007823965,0.159665953005444,4
urn:mavedb:00000096-b-1#7085,,,p.Pro66Met,0.677724185455022,0.0909680450226077,4
urn:mavedb:00000096-b-1#7086,,,p.Pro66Phe,0.6107704048540129,0.113416446454424,4
urn:mavedb:00000096-b-1#7087,,,p.Pro66Ser,0.9096437765194542,0.259200499951409,16
urn:mavedb:00000096-b-1#7088,,,p.Pro66Ter,0.3306674518833919,0.117487352957918,4
urn:mavedb:00000096-b-1#7089,,,p.Pro66Thr,0.785390668833756,0.320201452075326,8
urn:mavedb:00000096-b-1#7090,,,p.Pro66Trp,0.5363576807950371,0.0894955620210059,4
urn:mavedb:00000096-b-1#7091,,,p.Pro66Tyr,0.934876719142068,0.670897405041296,4
urn:mavedb:00000096-b-1#7092,,,p.Pro66Val,0.95963308721275,0.0830085137115229,8
urn:mavedb:00000096-b-1#7093,,,p.Ser100=,0.924640529627006,0.232279003491925,12
urn:mavedb:00000096-b-1#7094,,,p.Ser100Ala,0.8900703260457971,0.137865638009528,8
urn:mavedb:00000096-b-1#7095,,,p.Ser100Arg,0.978319574514814,0.168116414163773,12
urn:mavedb:00000096-b-1#7096,,,p.Ser100Asn,0.8891512750600981,0.160611290689584,4
urn:mavedb:00000096-b-1#7097,,,p.Ser100Asp,0.969143668830233,0.0502810584279869,4
urn:mavedb:00000096-b-1#7098,,,p.Ser100Cys,1.06141515033886,0.0518719915914242,4
urn:mavedb:00000096-b-1#7099,,,p.Ser100Gln,1.1105244769003602,0.0594424448854659,4
urn:mavedb:00000096-b-1#7100,,,p.Ser100Glu,0.802657268605891,0.483753193307047,4
urn:mavedb:00000096-b-1#7101,,,p.Ser100Gly,1.0525863800241,0.171647239814275,4
urn:mavedb:00000096-b-1#7102,,,p.Ser100His,0.8999347056626801,0.0840166752239053,4
urn:mavedb:00000096-b-1#7103,,,p.Ser100Leu,0.862380271331383,0.104689447402084,12
urn:mavedb:00000096-b-1#7104,,,p.Ser100Lys,0.9177562542120352,0.0684727374691933,4
urn:mavedb:00000096-b-1#7105,,,p.Ser100Met,0.909467239699818,0.0645367298035554,4
urn:mavedb:00000096-b-1#7106,,,p.Ser100Phe,0.706299986291019,0.165506667010841,4
urn:mavedb:00000096-b-1#7107,,,p.Ser100Pro,0.677168706408468,0.291555663859639,8
urn:mavedb:00000096-b-1#7108,,,p.Ser100Ter,0.109127390791223,0.226289599434891,4
urn:mavedb:00000096-b-1#7109,,,p.Ser100Thr,0.7834204220730941,0.3564769104160279,8
urn:mavedb:00000096-b-1#7110,,,p.Ser100Tyr,0.365479073810645,0.344392404930444,4
urn:mavedb:00000096-b-1#7111,,,p.Ser100Val,1.08792094235727,0.0663187632540255,4
urn:mavedb:00000096-b-1#7112,,,p.Ser109=,0.955023174430572,0.146560687142808,12
urn:mavedb:00000096-b-1#7113,,,p.Ser109Ala,0.9667442203101853,0.2129173208085669,12
urn:mavedb:00000096-b-1#7114,,,p.Ser109Arg,1.1096164859682298,0.16708151015119,8
urn:mavedb:00000096-b-1#7115,,,p.Ser109Asn,0.981474268200898,0.119414150964183,4
urn:mavedb:00000096-b-1#7116,,,p.Ser109Asp,1.28275436692823,0.239881795950227,4
urn:mavedb:00000096-b-1#7117,,,p.Ser109Cys,0.8386904375086459,0.0886875963273609,4
urn:mavedb:00000096-b-1#7118,,,p.Ser109Gln,0.973098379506347,0.16875762690314,4
urn:mavedb:00000096-b-1#7119,,,p.Ser109Glu,1.2113177691078,0.294679648368231,4
urn:mavedb:00000096-b-1#7120,,,p.Ser109Gly,0.819644459805548,0.1547584140800269,8
urn:mavedb:00000096-b-1#7121,,,p.Ser109His,0.844850450106747,0.376392291335361,4
urn:mavedb:00000096-b-1#7122,,,p.Ser109Ile,0.661559391117296,0.0923052823619071,4
urn:mavedb:00000096-b-1#7123,,,p.Ser109Leu,0.9363760823928772,0.225523836044554,16
urn:mavedb:00000096-b-1#7124,,,p.Ser109Lys,1.15514589912099,0.0894394300205677,4
urn:mavedb:00000096-b-1#7125,,,p.Ser109Met,1.03295588980702,0.0586145704167785,4
urn:mavedb:00000096-b-1#7126,,,p.Ser109Phe,0.55064495392434,0.0682481510466106,4
urn:mavedb:00000096-b-1#7127,,,p.Ser109Pro,1.38092503150195,0.4050762076048879,12
urn:mavedb:00000096-b-1#7128,,,p.Ser109Ter,-0.256954479549466,0.4041676871897249,4
urn:mavedb:00000096-b-1#7129,,,p.Ser109Thr,0.7177095558009828,0.275313530303962,8
urn:mavedb:00000096-b-1#7130,,,p.Ser109Trp,0.7872205408685841,0.0686728120812428,4
urn:mavedb:00000096-b-1#7131,,,p.Ser109Tyr,0.803888698099405,0.25623584074306,4
urn:mavedb:00000096-b-1#7132,,,p.Ser109Val,0.950457278059754,0.0690944054784052,8
urn:mavedb:00000096-b-1#7133,,,p.Ser127=,0.5089168198916489,0.4584441598458429,12
urn:mavedb:00000096-b-1#7134,,,p.Ser127Ala,0.8640394844377031,0.203906433262835,8
urn:mavedb:00000096-b-1#7135,,,p.Ser127Arg,0.504706815781719,0.347039570536422,12
urn:mavedb:00000096-b-1#7136,,,p.Ser127Asn,0.6741197709287969,0.146186474278236,4
urn:mavedb:00000096-b-1#7137,,,p.Ser127Asp,-0.0973588139769919,0.279804185545198,4
urn:mavedb:00000096-b-1#7138,,,p.Ser127Cys,1.06293249960337,0.796485656155032,4
urn:mavedb:00000096-b-1#7139,,,p.Ser127Gln,-0.154320941488933,0.312621729075324,4
urn:mavedb:00000096-b-1#7140,,,p.Ser127Glu,0.7628117443157699,0.599291582461967,4
urn:mavedb:00000096-b-1#7141,,,p.Ser127Gly,0.8440511245702109,0.203021862455668,8
urn:mavedb:00000096-b-1#7142,,,p.Ser127His,0.323041847786646,0.167572660451251,4
urn:mavedb:00000096-b-1#7143,,,p.Ser127Ile,0.233329480919869,0.183540490021412,4
urn:mavedb:00000096-b-1#7144,,,p.Ser127Leu,0.5648806099870121,0.406851080497382,12
urn:mavedb:00000096-b-1#7145,,,p.Ser127Lys,1.18711031634035,0.3610678871194939,4
urn:mavedb:00000096-b-1#7146,,,p.Ser127Phe,0.755748760330002,0.382283074089418,4
urn:mavedb:00000096-b-1#7147,,,p.Ser127Pro,0.0146299166017719,0.291305624677242,4
urn:mavedb:00000096-b-1#7148,,,p.Ser127Ter,-0.172852161633878,0.645242538482162,4
urn:mavedb:00000096-b-1#7149,,,p.Ser127Thr,0.7628921351707131,0.138977063571623,4
urn:mavedb:00000096-b-1#7150,,,p.Ser127Trp,0.769687958919675,0.312737891471873,4
urn:mavedb:00000096-b-1#7151,,,p.Ser127Tyr,0.132743932624353,0.959494716404858,4
urn:mavedb:00000096-b-1#7152,,,p.Ser127Val,0.848206841982625,0.3205875983176049,8
urn:mavedb:00000096-b-1#7153,,,p.Ser131=,0.8293198779138822,0.3744283165788409,12
urn:mavedb:00000096-b-1#7154,,,p.Ser131Ala,0.94033036046927,0.271417362674697,12
urn:mavedb:00000096-b-1#7155,,,p.Ser131Arg,1.01313935751361,0.352817955048125,12
urn:mavedb:00000096-b-1#7156,,,p.Ser131Asn,1.09470000897511,0.0593033476625889,4
urn:mavedb:00000096-b-1#7157,,,p.Ser131Asp,0.930481798965936,0.1774489168627869,4
urn:mavedb:00000096-b-1#7158,,,p.Ser131Cys,0.999837029049282,0.0851054165518726,4
urn:mavedb:00000096-b-1#7159,,,p.Ser131Gln,0.4020769512634279,0.358583559373295,4
urn:mavedb:00000096-b-1#7160,,,p.Ser131Glu,1.3720365938226202,0.0518335459819587,4
urn:mavedb:00000096-b-1#7161,,,p.Ser131Gly,1.0295150037913698,0.0822922308955542,8
urn:mavedb:00000096-b-1#7162,,,p.Ser131His,0.8294132805883291,0.5164716660950539,4
urn:mavedb:00000096-b-1#7163,,,p.Ser131Ile,0.623977634750836,0.359250225270355,4
urn:mavedb:00000096-b-1#7164,,,p.Ser131Leu,0.879100413526821,0.262196494807684,16
urn:mavedb:00000096-b-1#7165,,,p.Ser131Lys,0.918631831930384,0.118838241342718,4
urn:mavedb:00000096-b-1#7166,,,p.Ser131Met,0.3600644126447129,0.236501458328741,4
urn:mavedb:00000096-b-1#7167,,,p.Ser131Phe,0.7027295583756421,0.0955731017175421,4
urn:mavedb:00000096-b-1#7168,,,p.Ser131Pro,0.182261200461455,0.6826511457811328,8
urn:mavedb:00000096-b-1#7169,,,p.Ser131Ter,-0.258324390249639,0.159169874913278,4
urn:mavedb:00000096-b-1#7170,,,p.Ser131Thr,0.653342667387972,0.3451904069156489,12
urn:mavedb:00000096-b-1#7171,,,p.Ser131Trp,0.6945142218379601,0.211131363405208,4
urn:mavedb:00000096-b-1#7172,,,p.Ser131Tyr,0.799856773614912,0.076331374687132,4
urn:mavedb:00000096-b-1#7173,,,p.Ser131Val,1.12840016160347,0.0476282366503314,4
urn:mavedb:00000096-b-1#7174,,,p.Ser151=,1.0528202433017702,0.21893383064975,12
urn:mavedb:00000096-b-1#7175,,,p.Ser151Ala,1.03114988640585,0.0865386637423063,8
urn:mavedb:00000096-b-1#7176,,,p.Ser151Arg,0.8463974403316109,0.189573408878291,12
urn:mavedb:00000096-b-1#7177,,,p.Ser151Asp,0.963323050350252,0.0676479031403449,4
urn:mavedb:00000096-b-1#7178,,,p.Ser151Cys,0.8693882625866859,0.213488850465806,4
urn:mavedb:00000096-b-1#7179,,,p.Ser151Gln,1.07315873117937,0.1492545639677699,4
urn:mavedb:00000096-b-1#7180,,,p.Ser151Glu,0.942102032547002,0.2089556141257489,4
urn:mavedb:00000096-b-1#7181,,,p.Ser151Gly,1.21240001774348,0.118313070313944,8
urn:mavedb:00000096-b-1#7182,,,p.Ser151Ile,0.890476193196102,0.0774614562162197,4
urn:mavedb:00000096-b-1#7183,,,p.Ser151Leu,0.687203224291189,0.182210469435338,12
urn:mavedb:00000096-b-1#7184,,,p.Ser151Lys,1.02155888396542,0.1165590055511559,4
urn:mavedb:00000096-b-1#7185,,,p.Ser151Met,0.633400845708421,0.135887546546324,4
urn:mavedb:00000096-b-1#7186,,,p.Ser151Phe,0.759555633063058,0.164149575169311,4
urn:mavedb:00000096-b-1#7187,,,p.Ser151Pro,1.05829970279899,0.324754682450705,8
urn:mavedb:00000096-b-1#7188,,,p.Ser151Ter,-0.273666408780308,0.355377010026265,4
urn:mavedb:00000096-b-1#7189,,,p.Ser151Thr,0.7482623193613431,0.263764366070073,8
urn:mavedb:00000096-b-1#7190,,,p.Ser151Trp,0.504036600971541,0.0805474399948716,4
urn:mavedb:00000096-b-1#7191,,,p.Ser151Tyr,0.646698179947274,0.20994928851089,4
urn:mavedb:00000096-b-1#7192,,,p.Ser151Val,0.8491592119642271,0.106408990113261,8
urn:mavedb:00000096-b-1#7193,,,p.Ser174=,1.13265516152193,0.137238007366421,16
urn:mavedb:00000096-b-1#7194,,,p.Ser174Ala,0.86569173753996,0.0425917433775265,4
urn:mavedb:00000096-b-1#7195,,,p.Ser174Arg,1.09186683221734,0.120051688632531,8
urn:mavedb:00000096-b-1#7196,,,p.Ser174Asn,1.02383140589931,0.329645421558754,4
urn:mavedb:00000096-b-1#7197,,,p.Ser174Asp,0.9775699634303552,0.0700043713728989,4
urn:mavedb:00000096-b-1#7198,,,p.Ser174Cys,1.13333379185722,0.0471265325724158,4
urn:mavedb:00000096-b-1#7199,,,p.Ser174Gln,0.687635149015782,0.268976820615444,4
urn:mavedb:00000096-b-1#7200,,,p.Ser174Glu,0.8879173571114192,0.0395031676841292,4
urn:mavedb:00000096-b-1#7201,,,p.Ser174Gly,0.990069242472692,0.0747491685354739,8
urn:mavedb:00000096-b-1#7202,,,p.Ser174His,0.861318649960912,0.145635817285369,4
urn:mavedb:00000096-b-1#7203,,,p.Ser174Ile,0.908904477534248,0.0731311697829302,4
urn:mavedb:00000096-b-1#7204,,,p.Ser174Leu,0.91425425956201,0.2021631682449849,16
urn:mavedb:00000096-b-1#7205,,,p.Ser174Lys,0.777255921921249,0.0518019084070054,4
urn:mavedb:00000096-b-1#7206,,,p.Ser174Met,1.00407314245172,0.0419188797094786,4
urn:mavedb:00000096-b-1#7207,,,p.Ser174Pro,0.83792577295966,0.200059358552536,12
urn:mavedb:00000096-b-1#7208,,,p.Ser174Ter,0.047836195321832,0.6267164742002911,4
urn:mavedb:00000096-b-1#7209,,,p.Ser174Thr,1.00470031801415,0.161675910772413,8
urn:mavedb:00000096-b-1#7210,,,p.Ser174Trp,0.877696218655035,0.0384436498440436,4
urn:mavedb:00000096-b-1#7211,,,p.Ser174Tyr,1.06718744218514,0.0916140575970075,4
urn:mavedb:00000096-b-1#7212,,,p.Ser174Val,0.9309031269849108,0.0900630857058652,8
urn:mavedb:00000096-b-1#7213,,,p.Ser212=,0.9147516886006972,0.389838193147844,8
urn:mavedb:00000096-b-1#7214,,,p.Ser212Ala,0.6531948765115129,0.143975769589088,4
urn:mavedb:00000096-b-1#7215,,,p.Ser212Arg,0.5763674553593361,0.267881391716416,12
urn:mavedb:00000096-b-1#7216,,,p.Ser212Asn,0.518973810275992,0.0889799644923445,4
urn:mavedb:00000096-b-1#7217,,,p.Ser212Asp,0.8054215694972471,0.0546292008240689,4
urn:mavedb:00000096-b-1#7218,,,p.Ser212Cys,1.12320813213053,0.633182139089631,4
urn:mavedb:00000096-b-1#7219,,,p.Ser212Gln,0.724034216012001,0.40102771750633,4
urn:mavedb:00000096-b-1#7220,,,p.Ser212Glu,0.7518680996901921,0.1971133650041,4
urn:mavedb:00000096-b-1#7221,,,p.Ser212Gly,0.8698604725114399,0.1008866112458519,8
urn:mavedb:00000096-b-1#7222,,,p.Ser212His,1.0522189366539598,0.2196408486809349,4
urn:mavedb:00000096-b-1#7223,,,p.Ser212Ile,0.592810985324797,0.339569918263112,4
urn:mavedb:00000096-b-1#7224,,,p.Ser212Leu,0.0328922552248226,0.280464391522706,12
urn:mavedb:00000096-b-1#7225,,,p.Ser212Lys,0.111832610401788,0.170083498469802,4
urn:mavedb:00000096-b-1#7226,,,p.Ser212Met,0.418499028964412,0.37392350436787,4
urn:mavedb:00000096-b-1#7227,,,p.Ser212Phe,0.415900045970433,0.573060768584018,4
urn:mavedb:00000096-b-1#7228,,,p.Ser212Pro,0.258480636932615,0.3691294238433349,4
urn:mavedb:00000096-b-1#7229,,,p.Ser212Ter,0.134752343884549,0.131598857766335,4
urn:mavedb:00000096-b-1#7230,,,p.Ser212Thr,0.433490023460185,0.499602542274316,8
urn:mavedb:00000096-b-1#7231,,,p.Ser212Trp,0.569365355823621,0.155521135934746,4
urn:mavedb:00000096-b-1#7232,,,p.Ser212Val,0.4717294006485139,0.233315077857116,8
urn:mavedb:00000096-b-1#7233,,,p.Ser263=,0.87991441201234,0.226443218182105,12
urn:mavedb:00000096-b-1#7234,,,p.Ser263Ala,0.9190418554231672,0.0595151437682653,4
urn:mavedb:00000096-b-1#7235,,,p.Ser263Arg,1.2995244508984398,0.170890596495836,8
urn:mavedb:00000096-b-1#7236,,,p.Ser263Asn,0.935462592306304,0.226209770787267,4
urn:mavedb:00000096-b-1#7237,,,p.Ser263Asp,1.09834641435187,0.123292669116369,4
urn:mavedb:00000096-b-1#7238,,,p.Ser263Cys,1.12891373790635,0.114063454005664,4
urn:mavedb:00000096-b-1#7239,,,p.Ser263Gln,0.91127874157009,0.157305614798229,4
urn:mavedb:00000096-b-1#7240,,,p.Ser263Glu,0.9937822361842727,0.0999847614103964,4
urn:mavedb:00000096-b-1#7241,,,p.Ser263Gly,1.14147452383579,0.224484890585116,4
urn:mavedb:00000096-b-1#7242,,,p.Ser263His,1.05365666712837,0.0490031517958096,4
urn:mavedb:00000096-b-1#7243,,,p.Ser263Ile,1.00320626982673,0.0572347052607427,4
urn:mavedb:00000096-b-1#7244,,,p.Ser263Leu,0.650513161337578,0.174750929519043,12
urn:mavedb:00000096-b-1#7245,,,p.Ser263Lys,1.02556879434534,0.205034738761204,4
urn:mavedb:00000096-b-1#7246,,,p.Ser263Met,1.14594966038082,0.046437537031943,4
urn:mavedb:00000096-b-1#7247,,,p.Ser263Phe,0.962078441316464,0.486222133295127,4
urn:mavedb:00000096-b-1#7248,,,p.Ser263Pro,0.6609035074241341,0.0723173832451178,4
urn:mavedb:00000096-b-1#7249,,,p.Ser263Ter,0.2493644716157639,0.0974915996272737,4
urn:mavedb:00000096-b-1#7250,,,p.Ser263Thr,0.7912122857673821,0.226054063650746,8
urn:mavedb:00000096-b-1#7251,,,p.Ser263Trp,0.313151779744777,0.106607764310891,4
urn:mavedb:00000096-b-1#7252,,,p.Ser263Tyr,0.566405213829561,0.480425474857078,4
urn:mavedb:00000096-b-1#7253,,,p.Ser263Val,1.13741150964109,0.1573631991836709,8
urn:mavedb:00000096-b-1#7254,,,p.Ser280=,0.9408501457163648,0.134791742215443,8
urn:mavedb:00000096-b-1#7255,,,p.Ser280Ala,0.96862643114915,0.301320977009028,8
urn:mavedb:00000096-b-1#7256,,,p.Ser280Arg,1.11102243062344,0.189800090041658,12
urn:mavedb:00000096-b-1#7257,,,p.Ser280Asn,1.12014709048118,0.118630192583292,4
urn:mavedb:00000096-b-1#7258,,,p.Ser280Asp,1.1899823963463,0.0749522693296005,4
urn:mavedb:00000096-b-1#7259,,,p.Ser280Cys,0.902155924291002,0.3808749735008839,4
urn:mavedb:00000096-b-1#7260,,,p.Ser280Gln,1.29190540954843,0.156614090532686,4
urn:mavedb:00000096-b-1#7261,,,p.Ser280Glu,1.06058535484093,0.0441066673596223,4
urn:mavedb:00000096-b-1#7262,,,p.Ser280Gly,1.00015750558835,0.0591342175692992,8
urn:mavedb:00000096-b-1#7263,,,p.Ser280His,0.8684475668949491,0.0546083193553176,4
urn:mavedb:00000096-b-1#7264,,,p.Ser280Ile,0.7918836274821509,0.181457751886221,4
urn:mavedb:00000096-b-1#7265,,,p.Ser280Leu,0.9613401884938052,0.057722096824462,12
urn:mavedb:00000096-b-1#7266,,,p.Ser280Lys,0.995233073327468,0.0616412953990629,4
urn:mavedb:00000096-b-1#7267,,,p.Ser280Met,0.901899936108311,0.0478604766052194,4
urn:mavedb:00000096-b-1#7268,,,p.Ser280Phe,0.8459718053382009,0.242346993855442,4
urn:mavedb:00000096-b-1#7269,,,p.Ser280Pro,0.4657232201664439,0.573037216248349,8
urn:mavedb:00000096-b-1#7270,,,p.Ser280Ter,-0.2411133368456039,0.232301334055469,4
urn:mavedb:00000096-b-1#7271,,,p.Ser280Thr,0.982641577912448,0.222252665299676,8
urn:mavedb:00000096-b-1#7272,,,p.Ser280Trp,0.657862769971927,0.185277708864188,4
urn:mavedb:00000096-b-1#7273,,,p.Ser280Tyr,1.17008360932962,0.0809985988861524,4
urn:mavedb:00000096-b-1#7274,,,p.Ser280Val,1.37265299454848,0.0535968402480324,4
urn:mavedb:00000096-b-1#7275,,,p.Ser281=,1.1706168655374,0.295960658427441,16
urn:mavedb:00000096-b-1#7276,,,p.Ser281Ala,0.6093085191856079,0.21631291472348,8
urn:mavedb:00000096-b-1#7277,,,p.Ser281Arg,-0.010969611123583,0.249655430809252,12
urn:mavedb:00000096-b-1#7278,,,p.Ser281Asn,0.4386554074154389,0.4613694754191989,4
urn:mavedb:00000096-b-1#7279,,,p.Ser281Asp,0.961513281806076,0.330810519046322,4
urn:mavedb:00000096-b-1#7280,,,p.Ser281Cys,0.789195791113147,0.0457769732841227,4
urn:mavedb:00000096-b-1#7281,,,p.Ser281Gln,0.6324004591944681,0.385410035312605,4
urn:mavedb:00000096-b-1#7282,,,p.Ser281Glu,0.8722822773647549,0.139618286706538,4
urn:mavedb:00000096-b-1#7283,,,p.Ser281Gly,0.789016409543924,0.0911019332226952,8
urn:mavedb:00000096-b-1#7284,,,p.Ser281His,0.0605897715494004,0.172057581718952,4
urn:mavedb:00000096-b-1#7285,,,p.Ser281Ile,-0.423482562143599,0.264778786109794,4
urn:mavedb:00000096-b-1#7286,,,p.Ser281Leu,0.377899113970131,0.221535729142365,12
urn:mavedb:00000096-b-1#7287,,,p.Ser281Lys,-0.0658416578983024,0.19714054447238,4
urn:mavedb:00000096-b-1#7288,,,p.Ser281Met,0.7001953613308941,0.369707514964966,4
urn:mavedb:00000096-b-1#7289,,,p.Ser281Phe,0.474677296997792,0.269209227710024,4
urn:mavedb:00000096-b-1#7290,,,p.Ser281Pro,0.310220654696728,0.230024844356806,8
urn:mavedb:00000096-b-1#7291,,,p.Ser281Ter,0.324709176728299,0.590279443257957,4
urn:mavedb:00000096-b-1#7292,,,p.Ser281Thr,0.8448011024774058,0.1665735170398949,8
urn:mavedb:00000096-b-1#7293,,,p.Ser281Trp,0.087777239740146,0.123634720369855,4
urn:mavedb:00000096-b-1#7294,,,p.Ser281Tyr,0.175750228340778,0.0955770674599173,4
urn:mavedb:00000096-b-1#7295,,,p.Ser281Val,0.534325608459715,0.134810955149907,8
urn:mavedb:00000096-b-1#7296,,,p.Ser321=,1.1804770265218798,0.114339840736059,12
urn:mavedb:00000096-b-1#7297,,,p.Ser321Ala,1.18817515374933,0.265086005879452,8
urn:mavedb:00000096-b-1#7298,,,p.Ser321Arg,0.969925025850754,0.137445697592933,12
urn:mavedb:00000096-b-1#7299,,,p.Ser321Asn,0.8429401037072791,0.0782341324127998,4
urn:mavedb:00000096-b-1#7300,,,p.Ser321Asp,0.7661445214543091,0.290804463439822,4
urn:mavedb:00000096-b-1#7301,,,p.Ser321Cys,1.1155496256884,0.110836873060295,4
urn:mavedb:00000096-b-1#7302,,,p.Ser321Gln,0.7366688154517909,0.0584566022267345,4
urn:mavedb:00000096-b-1#7303,,,p.Ser321Glu,0.865015757816718,0.0561372903223326,4
urn:mavedb:00000096-b-1#7304,,,p.Ser321Gly,1.00007810732934,0.29552942773616,8
urn:mavedb:00000096-b-1#7305,,,p.Ser321Ile,1.10929270314219,0.109311693511733,4
urn:mavedb:00000096-b-1#7306,,,p.Ser321Leu,1.06371538689624,0.0630696957849076,12
urn:mavedb:00000096-b-1#7307,,,p.Ser321Lys,0.987681683584158,0.0641880460294104,4
urn:mavedb:00000096-b-1#7308,,,p.Ser321Phe,0.803127199654933,0.0793710840864133,4
urn:mavedb:00000096-b-1#7309,,,p.Ser321Pro,0.981771786996702,0.220858999535931,4
urn:mavedb:00000096-b-1#7310,,,p.Ser321Ter,-0.191941226612111,0.110596297065308,4
urn:mavedb:00000096-b-1#7311,,,p.Ser321Thr,1.05522528776493,0.0817492552330692,8
urn:mavedb:00000096-b-1#7312,,,p.Ser321Trp,0.568017251521019,0.137170394550939,4
urn:mavedb:00000096-b-1#7313,,,p.Ser321Tyr,0.5521484488316091,0.308010837510238,4
urn:mavedb:00000096-b-1#7314,,,p.Ser321Val,1.02508801565433,0.13391555449696,8
urn:mavedb:00000096-b-1#7315,,,p.Ser336=,1.06838243169593,0.181813774771082,8
urn:mavedb:00000096-b-1#7316,,,p.Ser336Ala,1.01571231285433,0.644448508116182,8
urn:mavedb:00000096-b-1#7317,,,p.Ser336Arg,0.785112120857423,0.144881930417952,12
urn:mavedb:00000096-b-1#7318,,,p.Ser336Asn,1.10957982208922,0.426767611083871,4
urn:mavedb:00000096-b-1#7319,,,p.Ser336Asp,0.682150676124654,0.0909655770097119,4
urn:mavedb:00000096-b-1#7320,,,p.Ser336Cys,1.23086504590633,0.625756418883397,4
urn:mavedb:00000096-b-1#7321,,,p.Ser336Gln,0.8956206581110451,0.589086077095441,4
urn:mavedb:00000096-b-1#7322,,,p.Ser336Glu,0.9089232788394742,0.579736839105944,4
urn:mavedb:00000096-b-1#7323,,,p.Ser336Gly,0.764759818322391,0.144602544509139,8
urn:mavedb:00000096-b-1#7324,,,p.Ser336His,0.6422943082399439,0.108686303684093,4
urn:mavedb:00000096-b-1#7325,,,p.Ser336Ile,0.8085898576018951,0.0910487687226704,4
urn:mavedb:00000096-b-1#7326,,,p.Ser336Leu,0.5339880075229879,0.359171075163072,12
urn:mavedb:00000096-b-1#7327,,,p.Ser336Lys,0.498726320729491,0.595388455213214,4
urn:mavedb:00000096-b-1#7328,,,p.Ser336Met,0.961230981978338,0.20766999820887,4
urn:mavedb:00000096-b-1#7329,,,p.Ser336Phe,0.966983500091501,0.508229446083294,4
urn:mavedb:00000096-b-1#7330,,,p.Ser336Pro,0.978787986297129,0.6240643244244369,8
urn:mavedb:00000096-b-1#7331,,,p.Ser336Ter,-0.143506653742739,0.23608346088027,4
urn:mavedb:00000096-b-1#7332,,,p.Ser336Thr,1.2725937352781498,0.3398039078475339,8
urn:mavedb:00000096-b-1#7333,,,p.Ser336Trp,0.7487219996457259,0.6191445859677839,4
urn:mavedb:00000096-b-1#7334,,,p.Ser336Tyr,1.1082437948052,0.7222490125344201,4
urn:mavedb:00000096-b-1#7335,,,p.Ser336Val,0.9030592080005292,0.377943265964875,8
urn:mavedb:00000096-b-1#7336,,,p.Ser340=,1.0381766253019,0.197453261357656,16
urn:mavedb:00000096-b-1#7337,,,p.Ser340Ala,0.730381545625785,0.0822688397309022,8
urn:mavedb:00000096-b-1#7338,,,p.Ser340Arg,0.931094308805446,0.1625767442197579,12
urn:mavedb:00000096-b-1#7339,,,p.Ser340Asn,0.59823384058694,0.74511700374556,4
urn:mavedb:00000096-b-1#7340,,,p.Ser340Cys,0.8493198877176221,0.0455413916228682,4
urn:mavedb:00000096-b-1#7341,,,p.Ser340Gln,0.8593980985749058,0.0547270529196617,4
urn:mavedb:00000096-b-1#7342,,,p.Ser340Gly,0.7916610776425269,0.226519505125629,4
urn:mavedb:00000096-b-1#7343,,,p.Ser340His,0.687496026407065,0.0517488219256115,4
urn:mavedb:00000096-b-1#7344,,,p.Ser340Ile,0.9727669184411908,0.0417084299473007,4
urn:mavedb:00000096-b-1#7345,,,p.Ser340Leu,0.971190763770218,0.149544063992182,12
urn:mavedb:00000096-b-1#7346,,,p.Ser340Lys,0.618457090777626,0.31552058008014,4
urn:mavedb:00000096-b-1#7347,,,p.Ser340Met,0.926650955410922,0.249507445333206,4
urn:mavedb:00000096-b-1#7348,,,p.Ser340Phe,0.7860202259933678,0.0401397121145859,4
urn:mavedb:00000096-b-1#7349,,,p.Ser340Pro,0.13797282154582,0.2313098652978839,8
urn:mavedb:00000096-b-1#7350,,,p.Ser340Ter,0.269319983876617,0.205260374725328,4
urn:mavedb:00000096-b-1#7351,,,p.Ser340Thr,1.02346194108599,0.4694660270800829,8
urn:mavedb:00000096-b-1#7352,,,p.Ser340Trp,0.902832943085005,0.0521464040371421,4
urn:mavedb:00000096-b-1#7353,,,p.Ser340Tyr,0.8477310878900379,0.0430377886759896,4
urn:mavedb:00000096-b-1#7354,,,p.Ser340Val,0.809953622359173,0.10702994024178,8
urn:mavedb:00000096-b-1#7355,,,p.Ser353=,0.957652096130317,0.203247274509416,12
urn:mavedb:00000096-b-1#7356,,,p.Ser353Ala,1.1530473001134098,0.146254490264116,8
urn:mavedb:00000096-b-1#7357,,,p.Ser353Arg,0.483866770952747,0.211558140403328,12
urn:mavedb:00000096-b-1#7358,,,p.Ser353Asn,0.8498663274361509,0.444255780612646,4
urn:mavedb:00000096-b-1#7359,,,p.Ser353Asp,0.8204888614163929,0.0506872490253442,4
urn:mavedb:00000096-b-1#7360,,,p.Ser353Cys,0.278716394992081,0.752541090891729,4
urn:mavedb:00000096-b-1#7361,,,p.Ser353Gln,0.514408687205266,0.25242939212865,4
urn:mavedb:00000096-b-1#7362,,,p.Ser353Glu,1.14200420754625,0.0497112233797571,4
urn:mavedb:00000096-b-1#7363,,,p.Ser353Gly,0.9776580535007192,0.0924738051113861,8
urn:mavedb:00000096-b-1#7364,,,p.Ser353His,0.9022830080811428,0.0873431813896085,4
urn:mavedb:00000096-b-1#7365,,,p.Ser353Ile,0.770002334549288,0.0844355722093025,4
urn:mavedb:00000096-b-1#7366,,,p.Ser353Leu,0.386235125035399,0.6783968593186259,12
urn:mavedb:00000096-b-1#7367,,,p.Ser353Lys,0.8324348489518829,0.267491159332975,4
urn:mavedb:00000096-b-1#7368,,,p.Ser353Met,0.389480071261145,0.0902895047919467,4
urn:mavedb:00000096-b-1#7369,,,p.Ser353Phe,0.861482287744549,0.283001377894971,4
urn:mavedb:00000096-b-1#7370,,,p.Ser353Pro,0.560533723793826,0.7116224951605129,8
urn:mavedb:00000096-b-1#7371,,,p.Ser353Ter,0.170150077192947,0.738871216074795,4
urn:mavedb:00000096-b-1#7372,,,p.Ser353Trp,0.6710471865301479,0.1185896569126399,4
urn:mavedb:00000096-b-1#7373,,,p.Ser353Val,0.7371771789317858,0.0890460575253754,4
urn:mavedb:00000096-b-1#7374,,,p.Ser360=,0.829286398217886,0.2069925563216219,12
urn:mavedb:00000096-b-1#7375,,,p.Ser360Ala,0.6917988401801999,0.0651088226467141,8
urn:mavedb:00000096-b-1#7376,,,p.Ser360Arg,0.37498274606725,0.5159026218658379,12
urn:mavedb:00000096-b-1#7377,,,p.Ser360Asn,1.20726850386547,0.0485754061366279,4
urn:mavedb:00000096-b-1#7378,,,p.Ser360Asp,0.8563226711398649,0.05768798675716,4
urn:mavedb:00000096-b-1#7379,,,p.Ser360Cys,0.985787710456448,0.52140953012361,4
urn:mavedb:00000096-b-1#7380,,,p.Ser360Gln,0.766573716936152,0.358050677029052,4
urn:mavedb:00000096-b-1#7381,,,p.Ser360Glu,1.00547889849213,0.0580629944894267,4
urn:mavedb:00000096-b-1#7382,,,p.Ser360Gly,0.720309502652678,0.1079530118686289,8
urn:mavedb:00000096-b-1#7383,,,p.Ser360His,0.517181674274783,0.097922242882594,4
urn:mavedb:00000096-b-1#7384,,,p.Ser360Ile,0.645757664117187,0.071866956113225,4
urn:mavedb:00000096-b-1#7385,,,p.Ser360Leu,0.714580000726871,0.210130738188679,12
urn:mavedb:00000096-b-1#7386,,,p.Ser360Lys,0.831977646860463,0.0776197610772147,4
urn:mavedb:00000096-b-1#7387,,,p.Ser360Met,0.857105002297053,0.0627679576446146,4
urn:mavedb:00000096-b-1#7388,,,p.Ser360Phe,0.762948070678504,0.114735765339138,4
urn:mavedb:00000096-b-1#7389,,,p.Ser360Pro,0.22034184957459,0.2059105572110739,8
urn:mavedb:00000096-b-1#7390,,,p.Ser360Ter,0.26554555027192,0.200309337802637,4
urn:mavedb:00000096-b-1#7391,,,p.Ser360Thr,0.800231507023015,0.2286788789914489,8
urn:mavedb:00000096-b-1#7392,,,p.Ser360Trp,0.581280084839167,0.261451650150281,4
urn:mavedb:00000096-b-1#7393,,,p.Ser360Tyr,0.699395188241674,0.0593985972694654,4
urn:mavedb:00000096-b-1#7394,,,p.Ser360Val,0.7908605231011591,0.281844622507601,4
urn:mavedb:00000096-b-1#7395,,,p.Ser373=,0.969372016368802,0.1828506189762999,12
urn:mavedb:00000096-b-1#7396,,,p.Ser373Ala,0.8517457034997851,0.225489365698779,8
urn:mavedb:00000096-b-1#7397,,,p.Ser373Arg,0.857156150035888,0.2219386195484839,8
urn:mavedb:00000096-b-1#7398,,,p.Ser373Asn,0.672758838855395,0.5768573958861999,4
urn:mavedb:00000096-b-1#7399,,,p.Ser373Cys,0.9669930221939732,0.0738328383298301,4
urn:mavedb:00000096-b-1#7400,,,p.Ser373Gln,0.6499544274937521,0.0684922753164129,4
urn:mavedb:00000096-b-1#7401,,,p.Ser373Glu,1.05318705595265,0.0801007797442209,4
urn:mavedb:00000096-b-1#7402,,,p.Ser373Gly,1.03149617062818,0.0856598996322396,8
urn:mavedb:00000096-b-1#7403,,,p.Ser373His,0.74979990608809,0.116156974192529,4
urn:mavedb:00000096-b-1#7404,,,p.Ser373Ile,1.09985746300576,0.0464423943977876,4
urn:mavedb:00000096-b-1#7405,,,p.Ser373Leu,0.9636992272045072,0.174987540132243,12
urn:mavedb:00000096-b-1#7406,,,p.Ser373Lys,0.995505719493524,0.111960837875176,4
urn:mavedb:00000096-b-1#7407,,,p.Ser373Met,0.977860599420314,0.0590988879274667,4
urn:mavedb:00000096-b-1#7408,,,p.Ser373Phe,0.647190324520193,0.0993501310270416,4
urn:mavedb:00000096-b-1#7409,,,p.Ser373Pro,0.550906278665884,0.6286642213560029,4
urn:mavedb:00000096-b-1#7410,,,p.Ser373Ter,0.0696947522758832,0.221591483267181,4
urn:mavedb:00000096-b-1#7411,,,p.Ser373Thr,0.918744705865269,0.184576232100262,8
urn:mavedb:00000096-b-1#7412,,,p.Ser373Trp,0.718902689196513,0.139446517883316,4
urn:mavedb:00000096-b-1#7413,,,p.Ser373Tyr,0.5870309058532801,0.378509034905618,4
urn:mavedb:00000096-b-1#7414,,,p.Ser373Val,0.861864999889614,0.1105475874616349,8
urn:mavedb:00000096-b-1#7415,,,p.Ser375=,1.12631101277381,0.142594062891744,12
urn:mavedb:00000096-b-1#7416,,,p.Ser375Ala,0.6845936965266072,0.2218289700039139,8
urn:mavedb:00000096-b-1#7417,,,p.Ser375Arg,0.0764943530870096,0.17384637564484,12
urn:mavedb:00000096-b-1#7418,,,p.Ser375Asn,1.02384445046076,0.0363992401456559,4
urn:mavedb:00000096-b-1#7419,,,p.Ser375Asp,0.7551494756350922,0.106391443467333,4
urn:mavedb:00000096-b-1#7420,,,p.Ser375Cys,0.954664422664683,0.0667601186734381,4
urn:mavedb:00000096-b-1#7421,,,p.Ser375Gln,0.791864215838244,0.0671369712614353,4
urn:mavedb:00000096-b-1#7422,,,p.Ser375Glu,1.0307511332781898,0.0385861449060992,4
urn:mavedb:00000096-b-1#7423,,,p.Ser375Gly,0.903102129728501,0.118169525182999,8
urn:mavedb:00000096-b-1#7424,,,p.Ser375His,0.468169962981484,0.177844432859328,4
urn:mavedb:00000096-b-1#7425,,,p.Ser375Leu,0.980776809483906,0.168580047140605,16
urn:mavedb:00000096-b-1#7426,,,p.Ser375Lys,0.308724887732756,0.0715864205126879,4
urn:mavedb:00000096-b-1#7427,,,p.Ser375Met,0.996764526689207,0.040332049874777,4
urn:mavedb:00000096-b-1#7428,,,p.Ser375Phe,0.76711654901198,0.0766929510639284,4
urn:mavedb:00000096-b-1#7429,,,p.Ser375Pro,0.193373678571691,0.511493342930277,12
urn:mavedb:00000096-b-1#7430,,,p.Ser375Ter,0.0795935243744054,0.497064359074411,4
urn:mavedb:00000096-b-1#7431,,,p.Ser375Thr,0.972842728696544,0.152795115531645,8
urn:mavedb:00000096-b-1#7432,,,p.Ser375Trp,0.9738448123574548,0.0357609094731823,4
urn:mavedb:00000096-b-1#7433,,,p.Ser375Tyr,0.8746239963224479,0.115143226719539,4
urn:mavedb:00000096-b-1#7434,,,p.Ser375Val,0.752982464081448,0.0689298922985739,4
urn:mavedb:00000096-b-1#7435,,,p.Ser383=,1.09132417072743,0.3664557845598429,12
urn:mavedb:00000096-b-1#7436,,,p.Ser383Ala,1.02810000682668,0.128369913688186,8
urn:mavedb:00000096-b-1#7437,,,p.Ser383Arg,0.0446616547106833,0.217139072640155,12
urn:mavedb:00000096-b-1#7438,,,p.Ser383Asn,-0.7706835847835709,0.319638136681471,4
urn:mavedb:00000096-b-1#7439,,,p.Ser383Asp,0.214646573735357,0.738483571999747,4
urn:mavedb:00000096-b-1#7440,,,p.Ser383Cys,0.452178756527935,0.186367774822777,4
urn:mavedb:00000096-b-1#7441,,,p.Ser383Gln,-0.509704409106761,0.324391807565051,4
urn:mavedb:00000096-b-1#7442,,,p.Ser383Glu,-0.2364896616558189,0.131407072376583,4
urn:mavedb:00000096-b-1#7443,,,p.Ser383Gly,1.04459623286183,0.139543587758738,8
urn:mavedb:00000096-b-1#7444,,,p.Ser383His,-0.735972863280835,0.445174065872363,4
urn:mavedb:00000096-b-1#7445,,,p.Ser383Ile,0.169659919360621,0.0956371066443183,4
urn:mavedb:00000096-b-1#7446,,,p.Ser383Leu,-0.0313745844486178,0.237203556722755,12
urn:mavedb:00000096-b-1#7447,,,p.Ser383Lys,0.580171913655829,0.0897822331269845,4
urn:mavedb:00000096-b-1#7448,,,p.Ser383Met,0.0962982090860478,0.28628681140384,4
urn:mavedb:00000096-b-1#7449,,,p.Ser383Pro,0.198739109172839,0.623054327655899,8
urn:mavedb:00000096-b-1#7450,,,p.Ser383Ter,-0.133276098995987,0.492495340570645,4
urn:mavedb:00000096-b-1#7451,,,p.Ser383Thr,0.4636004653088979,0.259838453788571,8
urn:mavedb:00000096-b-1#7452,,,p.Ser383Trp,-0.186018604342698,0.0923154569436384,4
urn:mavedb:00000096-b-1#7453,,,p.Ser383Val,0.219294824811756,0.1397132556617669,8
urn:mavedb:00000096-b-1#7454,,,p.Ser396=,0.9937800984220608,0.2351740327831449,12
urn:mavedb:00000096-b-1#7455,,,p.Ser396Ala,0.928097749517605,0.118886637786719,8
urn:mavedb:00000096-b-1#7456,,,p.Ser396Arg,1.1738824489326898,0.252584553272377,12
urn:mavedb:00000096-b-1#7457,,,p.Ser396Asp,0.505290627067924,0.061482133326001,4
urn:mavedb:00000096-b-1#7458,,,p.Ser396Cys,0.96315981047564,0.111118130600799,4
urn:mavedb:00000096-b-1#7459,,,p.Ser396Gln,0.8144481320228399,0.2374091125217219,4
urn:mavedb:00000096-b-1#7460,,,p.Ser396Glu,1.07093369840125,0.0719573030803178,4
urn:mavedb:00000096-b-1#7461,,,p.Ser396Gly,0.7663226009758121,0.189536455939374,8
urn:mavedb:00000096-b-1#7462,,,p.Ser396His,0.794185970268016,0.202709299482203,4
urn:mavedb:00000096-b-1#7463,,,p.Ser396Ile,0.951696706081984,0.121182724764691,4
urn:mavedb:00000096-b-1#7464,,,p.Ser396Leu,0.9080049749746332,0.109639120892079,12
urn:mavedb:00000096-b-1#7465,,,p.Ser396Lys,1.18666546727327,0.0554497787351288,4
urn:mavedb:00000096-b-1#7466,,,p.Ser396Met,0.7793977922540749,0.202484604684219,4
urn:mavedb:00000096-b-1#7467,,,p.Ser396Phe,0.8322928984081569,0.0860861838261409,4
urn:mavedb:00000096-b-1#7468,,,p.Ser396Pro,0.0837756608184183,0.635196774211157,8
urn:mavedb:00000096-b-1#7469,,,p.Ser396Ter,-0.0371616728334089,0.497106776121177,4
urn:mavedb:00000096-b-1#7470,,,p.Ser396Thr,0.887679403850155,0.0984257730889673,8
urn:mavedb:00000096-b-1#7471,,,p.Ser396Trp,0.8933497289484541,0.433068877784348,4
urn:mavedb:00000096-b-1#7472,,,p.Ser396Tyr,0.5484095695095711,0.4829023172125539,4
urn:mavedb:00000096-b-1#7473,,,p.Ser396Val,1.09475939822923,0.0522019476584478,4
urn:mavedb:00000096-b-1#7474,,,p.Ser398=,0.9073334813886008,0.20893029494481,12
urn:mavedb:00000096-b-1#7475,,,p.Ser398Ala,0.736889302117188,0.10742565401814,8
urn:mavedb:00000096-b-1#7476,,,p.Ser398Arg,0.5568937487327371,0.2734901597714,12
urn:mavedb:00000096-b-1#7477,,,p.Ser398Asn,0.9362362556221228,0.5778413959090639,4
urn:mavedb:00000096-b-1#7478,,,p.Ser398Asp,0.728617709833679,0.0876256475393299,4
urn:mavedb:00000096-b-1#7479,,,p.Ser398Cys,0.8268569849666841,0.32054850552309,4
urn:mavedb:00000096-b-1#7480,,,p.Ser398Gln,0.434955110842526,0.140794499664595,4
urn:mavedb:00000096-b-1#7481,,,p.Ser398Glu,1.09943495816381,0.522110002464706,4
urn:mavedb:00000096-b-1#7482,,,p.Ser398Gly,0.427275679344827,0.244828498838599,8
urn:mavedb:00000096-b-1#7483,,,p.Ser398His,1.01812325995433,0.0600675923431017,4
urn:mavedb:00000096-b-1#7484,,,p.Ser398Ile,0.8573110841396271,0.0626210594047415,4
urn:mavedb:00000096-b-1#7485,,,p.Ser398Leu,0.7318326308079609,0.193114721487151,12
urn:mavedb:00000096-b-1#7486,,,p.Ser398Lys,1.06935556703759,0.540019132491354,4
urn:mavedb:00000096-b-1#7487,,,p.Ser398Met,0.4422731617122179,0.13061363510432,4
urn:mavedb:00000096-b-1#7488,,,p.Ser398Phe,0.824788536297126,0.0873546065980684,4
urn:mavedb:00000096-b-1#7489,,,p.Ser398Pro,0.533611091288351,0.5568111865746801,8
urn:mavedb:00000096-b-1#7490,,,p.Ser398Ter,-0.619286512868408,0.305118100738048,4
urn:mavedb:00000096-b-1#7491,,,p.Ser398Thr,0.524258094702089,0.346474714116583,8
urn:mavedb:00000096-b-1#7492,,,p.Ser398Trp,0.832500186150347,0.067767849906718,4
urn:mavedb:00000096-b-1#7493,,,p.Ser398Tyr,0.6320388282049929,0.0898034015093138,4
urn:mavedb:00000096-b-1#7494,,,p.Ser398Val,0.928508217619424,0.245982181665443,8
urn:mavedb:00000096-b-1#7495,,,p.Ser411=,1.14316190845595,0.100365713283674,8
urn:mavedb:00000096-b-1#7496,,,p.Ser411Ala,0.8981101041675991,0.120980354689444,8
urn:mavedb:00000096-b-1#7497,,,p.Ser411Arg,1.12537201262609,0.135665532906953,8
urn:mavedb:00000096-b-1#7498,,,p.Ser411Asn,1.2096403478896498,0.2469787946923619,4
urn:mavedb:00000096-b-1#7499,,,p.Ser411Asp,1.06489509788126,0.0816792906878115,4
urn:mavedb:00000096-b-1#7500,,,p.Ser411Cys,1.10857294460739,0.041327560830102,4
urn:mavedb:00000096-b-1#7501,,,p.Ser411Gln,0.909720505413973,0.119472906673265,4
urn:mavedb:00000096-b-1#7502,,,p.Ser411Glu,0.888657792800999,0.297774990043152,4
urn:mavedb:00000096-b-1#7503,,,p.Ser411Gly,1.01520299677831,0.2061506193557269,8
urn:mavedb:00000096-b-1#7504,,,p.Ser411His,0.914612869993246,0.101742893807623,4
urn:mavedb:00000096-b-1#7505,,,p.Ser411Ile,0.5880735984162379,0.159961299304548,4
urn:mavedb:00000096-b-1#7506,,,p.Ser411Leu,0.993835741133099,0.117627052425271,12
urn:mavedb:00000096-b-1#7507,,,p.Ser411Lys,0.562774748010639,0.0904165891920867,4
urn:mavedb:00000096-b-1#7508,,,p.Ser411Met,1.19912310070825,0.19936835536989,4
urn:mavedb:00000096-b-1#7509,,,p.Ser411Phe,1.1079873565641398,0.0437744177417523,4
urn:mavedb:00000096-b-1#7510,,,p.Ser411Pro,1.00324235870426,0.3279104267173239,8
urn:mavedb:00000096-b-1#7511,,,p.Ser411Ter,-0.245358629673864,0.135240155007887,4
urn:mavedb:00000096-b-1#7512,,,p.Ser411Thr,1.12725667594555,0.0890728064834143,8
urn:mavedb:00000096-b-1#7513,,,p.Ser411Trp,0.9492405669546072,0.0456171836973511,4
urn:mavedb:00000096-b-1#7514,,,p.Ser411Tyr,0.88568627361083,0.0965238483368471,4
urn:mavedb:00000096-b-1#7515,,,p.Ser411Val,0.908958645265886,0.0905382378673457,8
urn:mavedb:00000096-b-1#7516,,,p.Ser418=,0.9978913762073492,0.1812973654748139,12
urn:mavedb:00000096-b-1#7517,,,p.Ser418Ala,0.864813921720141,0.0712433585939892,4
urn:mavedb:00000096-b-1#7518,,,p.Ser418Arg,1.13621495538552,0.2235456546228639,8
urn:mavedb:00000096-b-1#7519,,,p.Ser418Asn,0.649653670172603,0.359486510909136,4
urn:mavedb:00000096-b-1#7520,,,p.Ser418Asp,0.973417548036157,0.0517356263234253,4
urn:mavedb:00000096-b-1#7521,,,p.Ser418Cys,1.01594096089625,0.291790369700963,4
urn:mavedb:00000096-b-1#7522,,,p.Ser418Gln,1.14159733540513,0.2587030256029899,4
urn:mavedb:00000096-b-1#7523,,,p.Ser418Glu,0.963143971779268,0.148835090529043,4
urn:mavedb:00000096-b-1#7524,,,p.Ser418Gly,0.957409484415308,0.152256792594384,8
urn:mavedb:00000096-b-1#7525,,,p.Ser418His,0.50187498512866,0.1721124929246009,4
urn:mavedb:00000096-b-1#7526,,,p.Ser418Ile,0.794820309108145,0.16183590702257,4
urn:mavedb:00000096-b-1#7527,,,p.Ser418Leu,0.661327649852089,0.288158096388282,12
urn:mavedb:00000096-b-1#7528,,,p.Ser418Lys,0.8493445466084151,0.17247970453554,4
urn:mavedb:00000096-b-1#7529,,,p.Ser418Met,0.782003801001543,0.0627092706946395,4
urn:mavedb:00000096-b-1#7530,,,p.Ser418Phe,0.9713388304155308,0.473011495546469,4
urn:mavedb:00000096-b-1#7531,,,p.Ser418Pro,0.458834483951261,0.1268748793272349,4
urn:mavedb:00000096-b-1#7532,,,p.Ser418Ter,0.3256672497926849,0.102317229573078,4
urn:mavedb:00000096-b-1#7533,,,p.Ser418Thr,0.676524603132291,0.5691310522443239,4
urn:mavedb:00000096-b-1#7534,,,p.Ser418Trp,1.04031524964761,0.0649211319016848,4
urn:mavedb:00000096-b-1#7535,,,p.Ser418Tyr,0.435794225473776,0.6604292572043771,4
urn:mavedb:00000096-b-1#7536,,,p.Ser418Val,0.912323265674857,0.341256139731541,8
urn:mavedb:00000096-b-1#7537,,,p.Ser426=,0.863947080674073,0.0847257544511247,4
urn:mavedb:00000096-b-1#7538,,,p.Ser426Ala,1.06416987009202,0.166016879799401,8
urn:mavedb:00000096-b-1#7539,,,p.Ser426Arg,1.03700021883306,0.17883734980758,12
urn:mavedb:00000096-b-1#7540,,,p.Ser426Asn,1.07466866822433,0.286131670543386,4
urn:mavedb:00000096-b-1#7541,,,p.Ser426Asp,0.8152872427084901,0.127847985754517,4
urn:mavedb:00000096-b-1#7542,,,p.Ser426Cys,0.9657497754621728,0.0655520700398251,4
urn:mavedb:00000096-b-1#7543,,,p.Ser426Gln,1.23011284903475,0.05259088491228,4
urn:mavedb:00000096-b-1#7544,,,p.Ser426Glu,0.9906593109331092,0.4365570637556999,4
urn:mavedb:00000096-b-1#7545,,,p.Ser426Gly,1.10139286001525,0.285094241616231,8
urn:mavedb:00000096-b-1#7546,,,p.Ser426His,0.9348939091721372,0.3787821180212339,4
urn:mavedb:00000096-b-1#7547,,,p.Ser426Ile,0.721407109465823,0.312031427493015,4
urn:mavedb:00000096-b-1#7548,,,p.Ser426Leu,0.904134954896784,0.116065391530009,12
urn:mavedb:00000096-b-1#7549,,,p.Ser426Lys,0.989309136709742,0.0850951144999568,4
urn:mavedb:00000096-b-1#7550,,,p.Ser426Phe,0.791775237766046,0.53178927736762,4
urn:mavedb:00000096-b-1#7551,,,p.Ser426Pro,0.272386472311364,0.1606153083600379,4
urn:mavedb:00000096-b-1#7552,,,p.Ser426Ter,-0.596274772558627,0.241429447163848,4
urn:mavedb:00000096-b-1#7553,,,p.Ser426Thr,0.5945519303659089,0.529182726852339,8
urn:mavedb:00000096-b-1#7554,,,p.Ser426Trp,0.824752007129591,0.0537318117717653,4
urn:mavedb:00000096-b-1#7555,,,p.Ser426Tyr,0.2090979882050219,0.922738053994124,4
urn:mavedb:00000096-b-1#7556,,,p.Ser426Val,0.7833442627660421,0.0844037413295207,8
urn:mavedb:00000096-b-1#7557,,,p.Ser433=,0.7991748396893579,0.230277758526831,12
urn:mavedb:00000096-b-1#7558,,,p.Ser433Ala,0.8058760231680641,0.0962371660330181,8
urn:mavedb:00000096-b-1#7559,,,p.Ser433Arg,0.9623115659964392,0.1003524376804319,8
urn:mavedb:00000096-b-1#7560,,,p.Ser433Asn,0.892400420154639,0.5734657151869389,4
urn:mavedb:00000096-b-1#7561,,,p.Ser433Asp,1.02688254118376,0.123992921685742,4
urn:mavedb:00000096-b-1#7562,,,p.Ser433Gln,1.01490143425491,0.0960434730150708,4
urn:mavedb:00000096-b-1#7563,,,p.Ser433Glu,1.29473202705791,0.145238804277544,4
urn:mavedb:00000096-b-1#7564,,,p.Ser433Gly,1.2060537527199098,0.218711078903295,8
urn:mavedb:00000096-b-1#7565,,,p.Ser433His,0.908575010449929,0.0597378420823124,4
urn:mavedb:00000096-b-1#7566,,,p.Ser433Ile,0.663461437362339,0.462722603115329,4
urn:mavedb:00000096-b-1#7567,,,p.Ser433Leu,0.833311766009874,0.185415466057478,12
urn:mavedb:00000096-b-1#7568,,,p.Ser433Lys,0.8228854664308621,0.7520034508647031,4
urn:mavedb:00000096-b-1#7569,,,p.Ser433Met,0.6985532953286638,0.211998618470494,4
urn:mavedb:00000096-b-1#7570,,,p.Ser433Phe,0.912563249506292,0.0620820786419706,4
urn:mavedb:00000096-b-1#7571,,,p.Ser433Pro,0.894716998188115,0.263012233870853,12
urn:mavedb:00000096-b-1#7572,,,p.Ser433Ter,0.528709834807183,0.401151082028049,4
urn:mavedb:00000096-b-1#7573,,,p.Ser433Thr,0.8262856436610959,0.2418611531731,8
urn:mavedb:00000096-b-1#7574,,,p.Ser433Trp,0.773811352393153,0.0737302124444445,4
urn:mavedb:00000096-b-1#7575,,,p.Ser433Tyr,1.03471912612349,0.0642338837851181,4
urn:mavedb:00000096-b-1#7576,,,p.Ser433Val,0.602278837152784,0.4234246447612589,8
urn:mavedb:00000096-b-1#7577,,,p.Ser441=,0.924358822051917,0.3292048924819,12
urn:mavedb:00000096-b-1#7578,,,p.Ser441Ala,1.00171893163724,0.0936991451163764,8
urn:mavedb:00000096-b-1#7579,,,p.Ser441Arg,0.31121603660059,0.549805877292455,12
urn:mavedb:00000096-b-1#7580,,,p.Ser441Asn,0.7247386067861741,0.0704824930632759,4
urn:mavedb:00000096-b-1#7581,,,p.Ser441Asp,0.692209814702131,0.0704286215548943,4
urn:mavedb:00000096-b-1#7582,,,p.Ser441Cys,0.8644394970817428,0.110005999759224,4
urn:mavedb:00000096-b-1#7583,,,p.Ser441Glu,0.560440075052579,0.7030039313808011,4
urn:mavedb:00000096-b-1#7584,,,p.Ser441Gly,0.6052183134336551,0.2204583575204669,8
urn:mavedb:00000096-b-1#7585,,,p.Ser441His,0.719625596178373,0.2521755729232989,4
urn:mavedb:00000096-b-1#7586,,,p.Ser441Ile,0.591587726723912,0.199272581048937,4
urn:mavedb:00000096-b-1#7587,,,p.Ser441Leu,0.883038147943338,0.295581090779674,12
urn:mavedb:00000096-b-1#7588,,,p.Ser441Lys,0.79669226609983,0.0877652152748375,4
urn:mavedb:00000096-b-1#7589,,,p.Ser441Met,0.9376013899578092,0.5144408684584051,4
urn:mavedb:00000096-b-1#7590,,,p.Ser441Phe,0.509088748120282,0.235596678299434,4
urn:mavedb:00000096-b-1#7591,,,p.Ser441Pro,0.5774464398290899,0.347001840494876,4
urn:mavedb:00000096-b-1#7592,,,p.Ser441Ter,0.401279978163808,0.273436566222533,4
urn:mavedb:00000096-b-1#7593,,,p.Ser441Thr,0.6617048313372099,0.2345020080737219,8
urn:mavedb:00000096-b-1#7594,,,p.Ser441Trp,0.442133351287042,0.651142623822138,4
urn:mavedb:00000096-b-1#7595,,,p.Ser441Val,0.7535227251426999,0.174265203792952,8
urn:mavedb:00000096-b-1#7596,,,p.Ser445=,1.08691149714715,0.0664309734171773,16
urn:mavedb:00000096-b-1#7597,,,p.Ser445Ala,0.955247875094716,0.0455092520887982,4
urn:mavedb:00000096-b-1#7598,,,p.Ser445Arg,1.06811907096624,0.165114319482549,8
urn:mavedb:00000096-b-1#7599,,,p.Ser445Asn,1.13253508415127,0.0327810295363925,4
urn:mavedb:00000096-b-1#7600,,,p.Ser445Asp,0.906365620656448,0.0417446206067097,4
urn:mavedb:00000096-b-1#7601,,,p.Ser445Cys,1.1595585600107,0.0257769631127228,4
urn:mavedb:00000096-b-1#7602,,,p.Ser445Gln,1.11835028559329,0.0457287344855785,4
urn:mavedb:00000096-b-1#7603,,,p.Ser445Glu,1.25561287313544,0.0648252673971508,4
urn:mavedb:00000096-b-1#7604,,,p.Ser445Gly,1.03057760476218,0.108547693189312,12
urn:mavedb:00000096-b-1#7605,,,p.Ser445His,1.07577617101855,0.0615583959462944,4
urn:mavedb:00000096-b-1#7606,,,p.Ser445Ile,1.1394191571173502,0.0480981822540037,4
urn:mavedb:00000096-b-1#7607,,,p.Ser445Leu,1.03073181252364,0.133920806642232,16
urn:mavedb:00000096-b-1#7608,,,p.Ser445Lys,1.20865829218065,0.1984795185100389,8
urn:mavedb:00000096-b-1#7609,,,p.Ser445Met,1.11107960786688,0.0746387995038141,4
urn:mavedb:00000096-b-1#7610,,,p.Ser445Phe,1.10252300641507,0.0276468938501967,4
urn:mavedb:00000096-b-1#7611,,,p.Ser445Pro,1.14197394987056,0.0784890277328328,8
urn:mavedb:00000096-b-1#7612,,,p.Ser445Ter,0.462803269312729,0.0568180226290282,4
urn:mavedb:00000096-b-1#7613,,,p.Ser445Thr,1.1699389013738402,0.0580737872309398,4
urn:mavedb:00000096-b-1#7614,,,p.Ser445Trp,1.04082695748951,0.0468959907951294,4
urn:mavedb:00000096-b-1#7615,,,p.Ser445Tyr,1.18375448702836,0.0257633762613238,4
urn:mavedb:00000096-b-1#7616,,,p.Ser445Val,1.1839819363918402,0.0537773305742087,8
urn:mavedb:00000096-b-1#7617,,,p.Ser453=,1.08232944668036,0.119302349857959,8
urn:mavedb:00000096-b-1#7618,,,p.Ser453Ala,0.989689040808954,0.234746792098601,8
urn:mavedb:00000096-b-1#7619,,,p.Ser453Arg,1.14006858990434,0.102616594409359,12
urn:mavedb:00000096-b-1#7620,,,p.Ser453Asn,0.753654884181138,0.318047274407752,4
urn:mavedb:00000096-b-1#7621,,,p.Ser453Asp,0.92669089257459,0.0553368351466896,4
urn:mavedb:00000096-b-1#7622,,,p.Ser453Cys,1.01326690140756,0.0727307768749004,4
urn:mavedb:00000096-b-1#7623,,,p.Ser453Glu,0.9935261044207572,0.0550038688416655,4
urn:mavedb:00000096-b-1#7624,,,p.Ser453Gly,1.00852673318322,0.127663846738767,8
urn:mavedb:00000096-b-1#7625,,,p.Ser453His,0.851089513477556,0.0917135078776134,4
urn:mavedb:00000096-b-1#7626,,,p.Ser453Ile,0.3365391774884609,0.7566019628476041,4
urn:mavedb:00000096-b-1#7627,,,p.Ser453Leu,0.9494993395579848,0.195196609781166,12
urn:mavedb:00000096-b-1#7628,,,p.Ser453Lys,1.16090169781945,0.1460572626274069,4
urn:mavedb:00000096-b-1#7629,,,p.Ser453Met,0.781945464331053,0.5081487950991059,4
urn:mavedb:00000096-b-1#7630,,,p.Ser453Pro,0.9202840724580992,0.240484405676512,8
urn:mavedb:00000096-b-1#7631,,,p.Ser453Ter,0.598050867522216,0.077417320428864,4
urn:mavedb:00000096-b-1#7632,,,p.Ser453Thr,0.9739797710228192,0.40929794542602,8
urn:mavedb:00000096-b-1#7633,,,p.Ser453Trp,0.878719595864663,0.0726702476803048,4
urn:mavedb:00000096-b-1#7634,,,p.Ser453Val,1.11008859022709,0.0478206379934206,8
urn:mavedb:00000096-b-1#7635,,,p.Ser54=,0.9694932357991228,0.1435372143969019,8
urn:mavedb:00000096-b-1#7636,,,p.Ser54Ala,0.958762317275263,0.125246992059725,8
urn:mavedb:00000096-b-1#7637,,,p.Ser54Arg,0.6446118603259761,0.226133502646921,12
urn:mavedb:00000096-b-1#7638,,,p.Ser54Asn,0.902929816242215,0.0634357857831129,4
urn:mavedb:00000096-b-1#7639,,,p.Ser54Asp,1.0691169346245402,0.132122131692831,4
urn:mavedb:00000096-b-1#7640,,,p.Ser54Cys,1.01147272866723,0.0770357591408688,4
urn:mavedb:00000096-b-1#7641,,,p.Ser54Gln,0.7728859221236941,0.177991575848,4
urn:mavedb:00000096-b-1#7642,,,p.Ser54Glu,0.852285877321141,0.4172774251639771,4
urn:mavedb:00000096-b-1#7643,,,p.Ser54Gly,0.8917213875104109,0.162206273651239,8
urn:mavedb:00000096-b-1#7644,,,p.Ser54His,0.979127570293992,0.0611063681390145,4
urn:mavedb:00000096-b-1#7645,,,p.Ser54Ile,0.6184774556032429,0.0845546542582528,4
urn:mavedb:00000096-b-1#7646,,,p.Ser54Leu,0.733134623026925,0.209737363093133,12
urn:mavedb:00000096-b-1#7647,,,p.Ser54Lys,1.06106090011813,0.1518885462672959,4
urn:mavedb:00000096-b-1#7648,,,p.Ser54Met,0.926386183240578,0.252126780962054,4
urn:mavedb:00000096-b-1#7649,,,p.Ser54Phe,0.352261043927222,0.172736593039141,4
urn:mavedb:00000096-b-1#7650,,,p.Ser54Pro,0.810362026650472,0.376337406471351,4
urn:mavedb:00000096-b-1#7651,,,p.Ser54Ter,-0.239133899253979,0.121378266003448,4
urn:mavedb:00000096-b-1#7652,,,p.Ser54Thr,0.951172911678992,0.307216878278981,8
urn:mavedb:00000096-b-1#7653,,,p.Ser54Trp,0.6254913561852429,0.47309857614325,4
urn:mavedb:00000096-b-1#7654,,,p.Ser54Tyr,0.200897284641844,1.06255753501645,4
urn:mavedb:00000096-b-1#7655,,,p.Ser54Val,1.07147824579533,0.072928676316625,8
urn:mavedb:00000096-b-1#7656,,,p.Ser64=,1.02677556157605,0.38637815396139,12
urn:mavedb:00000096-b-1#7657,,,p.Ser64Ala,1.12808000923255,0.0809550706418803,8
urn:mavedb:00000096-b-1#7658,,,p.Ser64Arg,0.707383031881088,0.292813209290755,12
urn:mavedb:00000096-b-1#7659,,,p.Ser64Asn,1.2373809119798,0.074046007634985,4
urn:mavedb:00000096-b-1#7660,,,p.Ser64Asp,1.09588798067323,0.526043532716339,4
urn:mavedb:00000096-b-1#7661,,,p.Ser64Cys,1.01929635639108,0.6021185764618671,4
urn:mavedb:00000096-b-1#7662,,,p.Ser64Gln,1.01365047555015,0.0729365962052188,4
urn:mavedb:00000096-b-1#7663,,,p.Ser64Gly,1.10824260086267,0.136298660448318,8
urn:mavedb:00000096-b-1#7664,,,p.Ser64His,0.926876622919946,0.0865173235165728,4
urn:mavedb:00000096-b-1#7665,,,p.Ser64Ile,0.544197697513856,0.742445490394224,4
urn:mavedb:00000096-b-1#7666,,,p.Ser64Leu,0.637929276958771,0.321956477525412,12
urn:mavedb:00000096-b-1#7667,,,p.Ser64Lys,1.06595491964685,0.274464054990943,4
urn:mavedb:00000096-b-1#7668,,,p.Ser64Met,0.91857565454989,0.6713553252868161,4
urn:mavedb:00000096-b-1#7669,,,p.Ser64Phe,1.10564521727563,0.422664568532456,4
urn:mavedb:00000096-b-1#7670,,,p.Ser64Pro,0.8591071242760842,0.383390674986079,8
urn:mavedb:00000096-b-1#7671,,,p.Ser64Ter,-0.373557297200582,0.2829343660728189,4
urn:mavedb:00000096-b-1#7672,,,p.Ser64Thr,1.01347498040357,0.182750638283993,8
urn:mavedb:00000096-b-1#7673,,,p.Ser64Trp,1.00178312014488,0.173480956186541,4
urn:mavedb:00000096-b-1#7674,,,p.Ser64Tyr,0.700148719050964,0.9871187094346372,4
urn:mavedb:00000096-b-1#7675,,,p.Ser64Val,0.9192171853805328,0.116753302706504,8
urn:mavedb:00000096-b-1#7676,,,p.Ser69=,0.970698849194352,0.2761934863118689,16
urn:mavedb:00000096-b-1#7677,,,p.Ser69Ala,0.8895843616622041,0.341245374003821,8
urn:mavedb:00000096-b-1#7678,,,p.Ser69Arg,0.7104315186954542,0.239600366858892,12
urn:mavedb:00000096-b-1#7679,,,p.Ser69Asn,1.04672457211601,0.325030608489938,4
urn:mavedb:00000096-b-1#7680,,,p.Ser69Asp,1.09312481770325,0.0703778143039793,4
urn:mavedb:00000096-b-1#7681,,,p.Ser69Cys,0.7168822467571991,0.0582968536635784,4
urn:mavedb:00000096-b-1#7682,,,p.Ser69Gln,0.461318100256191,0.324824825940932,4
urn:mavedb:00000096-b-1#7683,,,p.Ser69Glu,0.454049536530853,0.0786743840952277,4
urn:mavedb:00000096-b-1#7684,,,p.Ser69Gly,0.907161433352938,0.1674945397332879,8
urn:mavedb:00000096-b-1#7685,,,p.Ser69His,0.990767931203723,0.4854388599221189,4
urn:mavedb:00000096-b-1#7686,,,p.Ser69Ile,0.985463151715479,0.287644089168231,4
urn:mavedb:00000096-b-1#7687,,,p.Ser69Leu,0.957571499008466,0.184024200666856,16
urn:mavedb:00000096-b-1#7688,,,p.Ser69Lys,0.750574842529087,0.127680603628323,4
urn:mavedb:00000096-b-1#7689,,,p.Ser69Met,1.14404062005239,0.314082629024114,4
urn:mavedb:00000096-b-1#7690,,,p.Ser69Phe,0.780589568129822,0.278071595563214,4
urn:mavedb:00000096-b-1#7691,,,p.Ser69Pro,1.0273842685846,0.259980793711463,12
urn:mavedb:00000096-b-1#7692,,,p.Ser69Ter,0.241920213806059,0.284349591072764,4
urn:mavedb:00000096-b-1#7693,,,p.Ser69Thr,0.8800126685388949,0.350762982541351,8
urn:mavedb:00000096-b-1#7694,,,p.Ser69Trp,1.0070978806601298,0.501635484560639,4
urn:mavedb:00000096-b-1#7695,,,p.Ser69Tyr,1.043430534184,0.1405841235890859,4
urn:mavedb:00000096-b-1#7696,,,p.Ser69Val,0.9452084482525942,0.198875291474639,8
urn:mavedb:00000096-b-1#7697,,,p.Ser76=,0.904025128794958,0.0994889336210752,12
urn:mavedb:00000096-b-1#7698,,,p.Ser76Ala,0.836313014909093,0.0553904968793001,8
urn:mavedb:00000096-b-1#7699,,,p.Ser76Arg,0.643821639287645,0.100067954492667,12
urn:mavedb:00000096-b-1#7700,,,p.Ser76Asn,0.906077365592055,0.0481772256744883,4
urn:mavedb:00000096-b-1#7701,,,p.Ser76Asp,0.6167483980387249,0.19859175506162,4
urn:mavedb:00000096-b-1#7702,,,p.Ser76Cys,0.637272224760144,0.1066876366880269,4
urn:mavedb:00000096-b-1#7703,,,p.Ser76Gln,0.749241909588104,0.0736821103192356,4
urn:mavedb:00000096-b-1#7704,,,p.Ser76Glu,0.8760118442868471,0.0461633257526006,4
urn:mavedb:00000096-b-1#7705,,,p.Ser76Gly,0.931496443276715,0.130293368206723,8
urn:mavedb:00000096-b-1#7706,,,p.Ser76His,0.687040904628475,0.0569773709441174,4
urn:mavedb:00000096-b-1#7707,,,p.Ser76Leu,0.544246269070845,0.1899691805861099,16
urn:mavedb:00000096-b-1#7708,,,p.Ser76Lys,0.727480992003774,0.237773600608178,4
urn:mavedb:00000096-b-1#7709,,,p.Ser76Met,0.6883606236362161,0.156921531038202,4
urn:mavedb:00000096-b-1#7710,,,p.Ser76Phe,0.7572220023560909,0.0477645112012104,4
urn:mavedb:00000096-b-1#7711,,,p.Ser76Pro,0.6203009159100129,0.206712264758595,12
urn:mavedb:00000096-b-1#7712,,,p.Ser76Ter,0.2002423997797749,0.0715348649590987,4
urn:mavedb:00000096-b-1#7713,,,p.Ser76Thr,0.6554412594256039,0.109348899042241,8
urn:mavedb:00000096-b-1#7714,,,p.Ser76Trp,0.628209000625197,0.0544670067203292,4
urn:mavedb:00000096-b-1#7715,,,p.Ser76Tyr,0.823073241502797,0.0625444829030656,4
urn:mavedb:00000096-b-1#7716,,,p.Ser76Val,0.974233755384697,0.0663555057024839,8
urn:mavedb:00000096-b-1#7717,,,p.Thr103=,1.06797284059296,0.159203956015828,4
urn:mavedb:00000096-b-1#7718,,,p.Thr103Ala,0.9592061689561008,0.5926953954567491,12
urn:mavedb:00000096-b-1#7719,,,p.Thr103Arg,0.37995601722929,0.280463927345778,12
urn:mavedb:00000096-b-1#7720,,,p.Thr103Asn,0.86649283536043,0.109271818836383,4
urn:mavedb:00000096-b-1#7721,,,p.Thr103Asp,0.40433239228439,0.0964507407306363,4
urn:mavedb:00000096-b-1#7722,,,p.Thr103Cys,1.03771789525817,0.0802573979839486,4
urn:mavedb:00000096-b-1#7723,,,p.Thr103Gln,0.667871482529312,0.590745308374588,4
urn:mavedb:00000096-b-1#7724,,,p.Thr103Glu,0.7974040494356089,0.137054899792415,4
urn:mavedb:00000096-b-1#7725,,,p.Thr103Gly,0.685661931768258,0.112298055575228,8
urn:mavedb:00000096-b-1#7726,,,p.Thr103His,1.0013494756655,0.0829926025916384,4
urn:mavedb:00000096-b-1#7727,,,p.Thr103Ile,0.6571906688667729,0.0776010765088579,4
urn:mavedb:00000096-b-1#7728,,,p.Thr103Leu,0.7953817401682509,0.0862127274834592,12
urn:mavedb:00000096-b-1#7729,,,p.Thr103Lys,0.7965639241395029,0.315743499495655,4
urn:mavedb:00000096-b-1#7730,,,p.Thr103Met,0.627623105193208,0.1083357254773969,4
urn:mavedb:00000096-b-1#7731,,,p.Thr103Phe,0.7798734612844258,0.133635571604418,4
urn:mavedb:00000096-b-1#7732,,,p.Thr103Pro,0.2050141270931119,0.345968082561738,8
urn:mavedb:00000096-b-1#7733,,,p.Thr103Ser,0.7491558208257622,0.274163736568055,12
urn:mavedb:00000096-b-1#7734,,,p.Thr103Ter,-0.500097925061767,0.177888323356796,4
urn:mavedb:00000096-b-1#7735,,,p.Thr103Trp,0.6406653404175121,0.0674771232297063,4
urn:mavedb:00000096-b-1#7736,,,p.Thr103Tyr,0.7680308463224709,0.0998674308082234,4
urn:mavedb:00000096-b-1#7737,,,p.Thr103Val,0.8078778994659741,0.161387570527333,8
urn:mavedb:00000096-b-1#7738,,,p.Thr116=,1.02568258079924,0.307353149877263,12
urn:mavedb:00000096-b-1#7739,,,p.Thr116Ala,1.14421558157624,0.19265826541864,8
urn:mavedb:00000096-b-1#7740,,,p.Thr116Arg,1.03608367536503,0.136438123360187,12
urn:mavedb:00000096-b-1#7741,,,p.Thr116Asn,0.652002538111619,0.1819388224934889,4
urn:mavedb:00000096-b-1#7742,,,p.Thr116Asp,1.17815222824678,0.0914481344134111,4
urn:mavedb:00000096-b-1#7743,,,p.Thr116Cys,1.06847592187483,0.0440827022569256,4
urn:mavedb:00000096-b-1#7744,,,p.Thr116Gln,1.24685430886458,0.107306972406101,4
urn:mavedb:00000096-b-1#7745,,,p.Thr116Glu,1.06396420274968,0.0626102484470529,4
urn:mavedb:00000096-b-1#7746,,,p.Thr116Gly,1.03987023762493,0.135282668280441,8
urn:mavedb:00000096-b-1#7747,,,p.Thr116His,0.683782235248701,0.2229883380905689,4
urn:mavedb:00000096-b-1#7748,,,p.Thr116Ile,0.503623040506338,1.01597817629974,4
urn:mavedb:00000096-b-1#7749,,,p.Thr116Leu,0.7661476583154209,0.228101294724468,12
urn:mavedb:00000096-b-1#7750,,,p.Thr116Lys,1.04718155207622,0.082998199897806,4
urn:mavedb:00000096-b-1#7751,,,p.Thr116Met,0.9855208507014772,0.8290762024148158,4
urn:mavedb:00000096-b-1#7752,,,p.Thr116Pro,0.397877118465798,0.17170398448093,8
urn:mavedb:00000096-b-1#7753,,,p.Thr116Ser,0.8246267405011309,0.146854598708035,12
urn:mavedb:00000096-b-1#7754,,,p.Thr116Ter,-0.109739041440371,0.115814797949815,4
urn:mavedb:00000096-b-1#7755,,,p.Thr116Trp,0.6558036727209511,0.0690231210670335,4
urn:mavedb:00000096-b-1#7756,,,p.Thr116Tyr,0.9039853474468248,0.0753290551902991,4
urn:mavedb:00000096-b-1#7757,,,p.Thr116Val,0.7953232355735059,0.151913155894763,8
urn:mavedb:00000096-b-1#7758,,,p.Thr118=,1.18598645373803,0.187515765713933,8
urn:mavedb:00000096-b-1#7759,,,p.Thr118Ala,0.7847795801925459,0.170736305370606,8
urn:mavedb:00000096-b-1#7760,,,p.Thr118Arg,0.998675209936615,0.272802564113644,16
urn:mavedb:00000096-b-1#7761,,,p.Thr118Asn,0.883981920997738,0.196169880564501,4
urn:mavedb:00000096-b-1#7762,,,p.Thr118Asp,0.685687671401802,0.2464373490697169,4
urn:mavedb:00000096-b-1#7763,,,p.Thr118Cys,0.9020956275273,0.125921612649131,4
urn:mavedb:00000096-b-1#7764,,,p.Thr118Gln,1.22486301727758,0.205103632431008,4
urn:mavedb:00000096-b-1#7765,,,p.Thr118Glu,0.960529285668314,0.117255014744194,4
urn:mavedb:00000096-b-1#7766,,,p.Thr118Gly,0.785324275933579,0.5651471385764101,4
urn:mavedb:00000096-b-1#7767,,,p.Thr118His,0.6182572709496701,0.90350255582846,4
urn:mavedb:00000096-b-1#7768,,,p.Thr118Ile,0.414626646266126,0.170290755104088,4
urn:mavedb:00000096-b-1#7769,,,p.Thr118Leu,0.315368359253131,0.307429690763868,12
urn:mavedb:00000096-b-1#7770,,,p.Thr118Met,1.07926985180537,0.0775965396794707,4
urn:mavedb:00000096-b-1#7771,,,p.Thr118Phe,0.632897004384853,0.0799766137309607,4
urn:mavedb:00000096-b-1#7772,,,p.Thr118Pro,0.729839437666741,0.161788033159468,8
urn:mavedb:00000096-b-1#7773,,,p.Thr118Ser,0.805072222535553,0.180745611948779,12
urn:mavedb:00000096-b-1#7774,,,p.Thr118Ter,0.1544092744673439,0.223161727969545,4
urn:mavedb:00000096-b-1#7775,,,p.Thr118Trp,0.639539681347777,0.114722295410167,4
urn:mavedb:00000096-b-1#7776,,,p.Thr118Tyr,0.5393073046544821,0.171301009033048,4
urn:mavedb:00000096-b-1#7777,,,p.Thr118Val,0.7416592076016609,0.10981278418782,8
urn:mavedb:00000096-b-1#7778,,,p.Thr149=,1.22378490765087,0.701104812330464,8
urn:mavedb:00000096-b-1#7779,,,p.Thr149Ala,0.8506581311777001,0.139352318826707,8
urn:mavedb:00000096-b-1#7780,,,p.Thr149Arg,0.6713172996979571,0.270672218309019,12
urn:mavedb:00000096-b-1#7781,,,p.Thr149Asn,1.32829627919841,0.260355681202992,4
urn:mavedb:00000096-b-1#7782,,,p.Thr149Asp,1.16601263123083,0.157532396384919,4
urn:mavedb:00000096-b-1#7783,,,p.Thr149Cys,1.12929420977657,0.1903910388377989,4
urn:mavedb:00000096-b-1#7784,,,p.Thr149Gln,0.8943668235824621,0.127157132056419,4
urn:mavedb:00000096-b-1#7785,,,p.Thr149Glu,0.959628342109646,0.310377024146011,4
urn:mavedb:00000096-b-1#7786,,,p.Thr149Gly,0.790548580555286,0.160799168114272,8
urn:mavedb:00000096-b-1#7787,,,p.Thr149His,0.852313692339412,0.108033956460564,4
urn:mavedb:00000096-b-1#7788,,,p.Thr149Ile,0.760555131476223,0.146244012896909,4
urn:mavedb:00000096-b-1#7789,,,p.Thr149Leu,0.7677139884308749,0.162426529073454,12
urn:mavedb:00000096-b-1#7790,,,p.Thr149Lys,0.7466842928723441,0.0888219796125769,4
urn:mavedb:00000096-b-1#7791,,,p.Thr149Met,0.980684104683164,0.0756806785877968,4
urn:mavedb:00000096-b-1#7792,,,p.Thr149Phe,0.725412636042631,0.176236891299374,4
urn:mavedb:00000096-b-1#7793,,,p.Thr149Pro,0.55658730888023,0.204747568514112,8
urn:mavedb:00000096-b-1#7794,,,p.Thr149Ser,1.04862073728929,0.209644189018827,12
urn:mavedb:00000096-b-1#7795,,,p.Thr149Ter,0.0102311110066129,0.121102901292532,4
urn:mavedb:00000096-b-1#7796,,,p.Thr149Trp,1.06867429783648,0.0609838660505393,4
urn:mavedb:00000096-b-1#7797,,,p.Thr149Tyr,0.747881043907435,0.119781150428485,4
urn:mavedb:00000096-b-1#7798,,,p.Thr149Val,1.17071586468662,0.119465574829568,8
urn:mavedb:00000096-b-1#7799,,,p.Thr168=,1.16059492524111,0.3468301880495431,8
urn:mavedb:00000096-b-1#7800,,,p.Thr168Ala,0.985913284331876,0.162607560554278,12
urn:mavedb:00000096-b-1#7801,,,p.Thr168Arg,0.98462772639847,0.143782613701015,12
urn:mavedb:00000096-b-1#7802,,,p.Thr168Asn,0.955902854168663,0.142307811465619,4
urn:mavedb:00000096-b-1#7803,,,p.Thr168Asp,1.14766260996317,0.0753161006213683,4
urn:mavedb:00000096-b-1#7804,,,p.Thr168Cys,1.14860701174068,0.0454854686498415,4
urn:mavedb:00000096-b-1#7805,,,p.Thr168Gln,0.831785149362272,0.0654521143351716,4
urn:mavedb:00000096-b-1#7806,,,p.Thr168Glu,1.22779388222786,0.0473427124927313,4
urn:mavedb:00000096-b-1#7807,,,p.Thr168Gly,1.07387863799719,0.121756572101486,8
urn:mavedb:00000096-b-1#7808,,,p.Thr168His,0.942878976775276,0.0537203357581521,4
urn:mavedb:00000096-b-1#7809,,,p.Thr168Ile,0.962383253840023,0.0567983210560193,4
urn:mavedb:00000096-b-1#7810,,,p.Thr168Leu,0.8671412332545542,0.229131280237007,12
urn:mavedb:00000096-b-1#7811,,,p.Thr168Lys,0.678810833346709,0.077205963244283,4
urn:mavedb:00000096-b-1#7812,,,p.Thr168Met,1.03524951833374,0.2472121926348089,4
urn:mavedb:00000096-b-1#7813,,,p.Thr168Pro,0.8968270243893329,0.273329400626203,8
urn:mavedb:00000096-b-1#7814,,,p.Thr168Ser,0.916946092088971,0.172491131059355,8
urn:mavedb:00000096-b-1#7815,,,p.Thr168Ter,-0.189444193363743,0.6350081394787579,4
urn:mavedb:00000096-b-1#7816,,,p.Thr168Trp,1.09605537671914,0.0590889559753145,4
urn:mavedb:00000096-b-1#7817,,,p.Thr168Tyr,1.23500541369364,0.0459534970151979,4
urn:mavedb:00000096-b-1#7818,,,p.Thr168Val,0.8038634072044181,0.168868283750482,8
urn:mavedb:00000096-b-1#7819,,,p.Thr206=,0.942460610573753,0.282956623616417,8
urn:mavedb:00000096-b-1#7820,,,p.Thr206Ala,0.840576927367405,0.3005081302676261,8
urn:mavedb:00000096-b-1#7821,,,p.Thr206Arg,0.257276839227826,0.2751778136878239,12
urn:mavedb:00000096-b-1#7822,,,p.Thr206Asn,0.429093191927579,0.805701613933148,4
urn:mavedb:00000096-b-1#7823,,,p.Thr206Asp,0.585494224718219,0.15719966945769,4
urn:mavedb:00000096-b-1#7824,,,p.Thr206Cys,0.9561477163058772,0.3360723829871599,4
urn:mavedb:00000096-b-1#7825,,,p.Thr206Gln,0.751348359706313,0.4256789977414779,4
urn:mavedb:00000096-b-1#7826,,,p.Thr206Glu,0.481221810743421,0.0916389722858755,4
urn:mavedb:00000096-b-1#7827,,,p.Thr206Gly,0.614304576062716,0.24393494047806,8
urn:mavedb:00000096-b-1#7828,,,p.Thr206His,0.4068291784744079,0.14402145721961,4
urn:mavedb:00000096-b-1#7829,,,p.Thr206Ile,0.5242165630048801,0.7964997014236899,4
urn:mavedb:00000096-b-1#7830,,,p.Thr206Leu,0.443630243713155,0.281269084391111,12
urn:mavedb:00000096-b-1#7831,,,p.Thr206Lys,0.0654952867152003,0.178872116340051,4
urn:mavedb:00000096-b-1#7832,,,p.Thr206Met,0.1388002272669909,0.62812834948865,4
urn:mavedb:00000096-b-1#7833,,,p.Thr206Phe,0.26770598602503,0.2202390734685539,4
urn:mavedb:00000096-b-1#7834,,,p.Thr206Pro,0.926259710606399,0.2171004862700439,8
urn:mavedb:00000096-b-1#7835,,,p.Thr206Ser,0.7792450313387249,0.277612790358205,12
urn:mavedb:00000096-b-1#7836,,,p.Thr206Ter,0.133377479574371,0.105303767872171,4
urn:mavedb:00000096-b-1#7837,,,p.Thr206Trp,0.287956157154134,0.489850147171802,4
urn:mavedb:00000096-b-1#7838,,,p.Thr206Tyr,0.139661566001319,0.7032507367728679,4
urn:mavedb:00000096-b-1#7839,,,p.Thr206Val,0.943733737935454,0.114345661082983,8
urn:mavedb:00000096-b-1#7840,,,p.Thr209=,0.927928494772313,0.4204513102189051,8
urn:mavedb:00000096-b-1#7841,,,p.Thr209Ala,0.985978749670103,0.169100947590262,8
urn:mavedb:00000096-b-1#7842,,,p.Thr209Arg,0.486866130314782,0.306705000814131,12
urn:mavedb:00000096-b-1#7843,,,p.Thr209Asn,0.616774745936736,0.164492577746949,4
urn:mavedb:00000096-b-1#7844,,,p.Thr209Asp,0.116213825544204,0.116640561329765,4
urn:mavedb:00000096-b-1#7845,,,p.Thr209Gln,0.524412332429109,0.0988270131331322,4
urn:mavedb:00000096-b-1#7846,,,p.Thr209Glu,0.564846225496535,0.149014307743275,4
urn:mavedb:00000096-b-1#7847,,,p.Thr209Gly,0.0383209248679016,0.214126003587344,8
urn:mavedb:00000096-b-1#7848,,,p.Thr209His,0.148715600423621,0.160855462064779,4
urn:mavedb:00000096-b-1#7849,,,p.Thr209Ile,0.9356524622215672,0.0569641158806828,4
urn:mavedb:00000096-b-1#7850,,,p.Thr209Leu,0.784613142126396,0.221388999501702,12
urn:mavedb:00000096-b-1#7851,,,p.Thr209Lys,0.336186322939464,0.60366887637612,4
urn:mavedb:00000096-b-1#7852,,,p.Thr209Met,0.77406508402194,0.17576599617452,4
urn:mavedb:00000096-b-1#7853,,,p.Thr209Phe,0.372110342327741,0.0831307180928146,4
urn:mavedb:00000096-b-1#7854,,,p.Thr209Pro,0.287830823110025,0.2884886736857119,8
urn:mavedb:00000096-b-1#7855,,,p.Thr209Ser,0.5506366106389251,0.3909247326946229,12
urn:mavedb:00000096-b-1#7856,,,p.Thr209Ter,0.1456832769457419,0.0997410168590793,4
urn:mavedb:00000096-b-1#7857,,,p.Thr209Trp,0.737241746190514,0.6506717589041551,4
urn:mavedb:00000096-b-1#7858,,,p.Thr209Tyr,0.449706759174456,0.308259153308334,4
urn:mavedb:00000096-b-1#7859,,,p.Thr209Val,0.6176799420623771,0.0768386711760177,8
urn:mavedb:00000096-b-1#7860,,,p.Thr228=,0.935405114701415,0.268754421232191,12
urn:mavedb:00000096-b-1#7861,,,p.Thr228Ala,0.98871466002042,0.11642428724235,8
urn:mavedb:00000096-b-1#7862,,,p.Thr228Arg,1.03680036512773,0.1596775172443419,12
urn:mavedb:00000096-b-1#7863,,,p.Thr228Asp,0.840723206457963,0.0517145830450332,4
urn:mavedb:00000096-b-1#7864,,,p.Thr228Cys,0.946406396103501,0.0444717803563175,4
urn:mavedb:00000096-b-1#7865,,,p.Thr228Gln,1.1801068658603702,0.0391057643023824,4
urn:mavedb:00000096-b-1#7866,,,p.Thr228Glu,0.932540957634332,0.389691619311846,4
urn:mavedb:00000096-b-1#7867,,,p.Thr228His,0.574690042633989,0.139158649614376,4
urn:mavedb:00000096-b-1#7868,,,p.Thr228Ile,1.06380637677423,0.0631349632558957,4
urn:mavedb:00000096-b-1#7869,,,p.Thr228Leu,1.09888812075077,0.166908870721161,12
urn:mavedb:00000096-b-1#7870,,,p.Thr228Lys,0.906752121779667,0.0517122785278536,4
urn:mavedb:00000096-b-1#7871,,,p.Thr228Met,0.94678863841033,0.303209363793076,4
urn:mavedb:00000096-b-1#7872,,,p.Thr228Phe,0.855608287883081,0.0379702393439812,4
urn:mavedb:00000096-b-1#7873,,,p.Thr228Pro,1.01458647199628,0.0632232333206055,8
urn:mavedb:00000096-b-1#7874,,,p.Thr228Ser,0.9629712413046492,0.1871482061157919,12
urn:mavedb:00000096-b-1#7875,,,p.Thr228Ter,-0.0800395962613329,0.119027199267265,4
urn:mavedb:00000096-b-1#7876,,,p.Thr228Trp,1.04079434225237,0.0310439205033685,4
urn:mavedb:00000096-b-1#7877,,,p.Thr228Tyr,0.909948252563528,0.0421072735909411,4
urn:mavedb:00000096-b-1#7878,,,p.Thr228Val,0.8462661612908141,0.236563956159985,8
urn:mavedb:00000096-b-1#7879,,,p.Thr255=,1.16252916725477,0.283598364305348,8
urn:mavedb:00000096-b-1#7880,,,p.Thr255Ala,0.886306269686202,0.1710137233048509,12
urn:mavedb:00000096-b-1#7881,,,p.Thr255Arg,-0.0472770801444173,0.350509129468156,12
urn:mavedb:00000096-b-1#7882,,,p.Thr255Asn,0.53011856252057,0.190460315932346,4
urn:mavedb:00000096-b-1#7883,,,p.Thr255Asp,0.245604066951682,0.2314695762462939,4
urn:mavedb:00000096-b-1#7884,,,p.Thr255Cys,1.17833029440733,0.0373133232564049,4
urn:mavedb:00000096-b-1#7885,,,p.Thr255Gln,0.8058253010133549,0.123669474060011,4
urn:mavedb:00000096-b-1#7886,,,p.Thr255Glu,0.333272021555543,0.4187608089105371,4
urn:mavedb:00000096-b-1#7887,,,p.Thr255Gly,-0.0332593666911476,0.106199730460236,8
urn:mavedb:00000096-b-1#7888,,,p.Thr255His,0.0960288939522527,0.108028801759204,4
urn:mavedb:00000096-b-1#7889,,,p.Thr255Ile,0.5852230873379929,0.0905739763261772,4
urn:mavedb:00000096-b-1#7890,,,p.Thr255Leu,0.98064226895225,0.193757921447703,12
urn:mavedb:00000096-b-1#7891,,,p.Thr255Lys,0.17626532767496,0.638909335698439,4
urn:mavedb:00000096-b-1#7892,,,p.Thr255Met,1.1209815870424298,0.0775507072924949,4
urn:mavedb:00000096-b-1#7893,,,p.Thr255Phe,0.934946843020197,0.042645356035756,4
urn:mavedb:00000096-b-1#7894,,,p.Thr255Pro,0.714863983699558,0.0738835352571881,8
urn:mavedb:00000096-b-1#7895,,,p.Thr255Ser,0.908369426123025,0.200780296039086,12
urn:mavedb:00000096-b-1#7896,,,p.Thr255Ter,-0.0029793001915357,0.1327676167047859,4
urn:mavedb:00000096-b-1#7897,,,p.Thr255Trp,0.5431289707784269,0.154003099432156,4
urn:mavedb:00000096-b-1#7898,,,p.Thr255Tyr,0.538562142031377,0.0759434119247288,4
urn:mavedb:00000096-b-1#7899,,,p.Thr255Val,1.20386945377464,0.0368344042581581,4
urn:mavedb:00000096-b-1#7900,,,p.Thr326=,0.935162996834402,0.0788704189367065,4
urn:mavedb:00000096-b-1#7901,,,p.Thr326Ala,0.8795439990071771,0.25762815929345,8
urn:mavedb:00000096-b-1#7902,,,p.Thr326Arg,0.908257497144459,0.13507873180179,8
urn:mavedb:00000096-b-1#7903,,,p.Thr326Asn,0.380451201664985,0.916073055972124,4
urn:mavedb:00000096-b-1#7904,,,p.Thr326Cys,0.8764436053674071,0.0855844476405807,4
urn:mavedb:00000096-b-1#7905,,,p.Thr326Gln,1.05906395569289,0.323790320125476,4
urn:mavedb:00000096-b-1#7906,,,p.Thr326Glu,1.2340934879362,0.0621087954202274,4
urn:mavedb:00000096-b-1#7907,,,p.Thr326Gly,1.10742092290754,0.16818070602301,8
urn:mavedb:00000096-b-1#7908,,,p.Thr326His,0.994469687761978,0.614441185732131,4
urn:mavedb:00000096-b-1#7909,,,p.Thr326Ile,0.8529737797669691,0.100527844867249,4
urn:mavedb:00000096-b-1#7910,,,p.Thr326Leu,0.92556338331386,0.1725448923014479,12
urn:mavedb:00000096-b-1#7911,,,p.Thr326Lys,0.924483315889827,0.290906574353633,4
urn:mavedb:00000096-b-1#7912,,,p.Thr326Met,0.8785528667064542,0.3836065440243379,4
urn:mavedb:00000096-b-1#7913,,,p.Thr326Phe,0.838023173365207,0.478989806215142,4
urn:mavedb:00000096-b-1#7914,,,p.Thr326Pro,0.7860769264553091,0.258936176165417,8
urn:mavedb:00000096-b-1#7915,,,p.Thr326Ser,1.06635975243194,0.19267690114954,12
urn:mavedb:00000096-b-1#7916,,,p.Thr326Ter,0.123459537199982,0.122281613965639,4
urn:mavedb:00000096-b-1#7917,,,p.Thr326Trp,0.6332109349967672,0.0577720379388419,4
urn:mavedb:00000096-b-1#7918,,,p.Thr326Tyr,0.480089312241258,0.0854796931664478,4
urn:mavedb:00000096-b-1#7919,,,p.Thr326Val,1.11140307671066,0.107370554698662,8
urn:mavedb:00000096-b-1#7920,,,p.Thr332=,1.11215273965207,0.332355104724038,8
urn:mavedb:00000096-b-1#7921,,,p.Thr332Ala,1.08862941965256,0.198377144370613,12
urn:mavedb:00000096-b-1#7922,,,p.Thr332Arg,0.7967824176743651,0.1714378509272719,12
urn:mavedb:00000096-b-1#7923,,,p.Thr332Asn,0.9210103436102092,0.0650431372000347,4
urn:mavedb:00000096-b-1#7924,,,p.Thr332Asp,0.865027044231412,0.126361214559603,4
urn:mavedb:00000096-b-1#7925,,,p.Thr332Cys,0.790504673484898,0.0532819602702414,4
urn:mavedb:00000096-b-1#7926,,,p.Thr332Gln,1.05818891612702,0.681528211665218,4
urn:mavedb:00000096-b-1#7927,,,p.Thr332Glu,0.888490957966381,0.509105140095942,4
urn:mavedb:00000096-b-1#7928,,,p.Thr332Gly,1.22005300997131,0.0484900185062542,4
urn:mavedb:00000096-b-1#7929,,,p.Thr332His,0.816003666132218,0.477829503395557,4
urn:mavedb:00000096-b-1#7930,,,p.Thr332Ile,0.920305910859216,0.0545232325572076,4
urn:mavedb:00000096-b-1#7931,,,p.Thr332Leu,0.7150495393771509,0.117588449472446,12
urn:mavedb:00000096-b-1#7932,,,p.Thr332Lys,0.5112229654803361,0.428031420682329,4
urn:mavedb:00000096-b-1#7933,,,p.Thr332Met,0.9693221318379992,0.566009044447698,4
urn:mavedb:00000096-b-1#7934,,,p.Thr332Phe,1.00999053993422,0.0449205685199357,4
urn:mavedb:00000096-b-1#7935,,,p.Thr332Pro,0.584423762809531,0.544576418749858,8
urn:mavedb:00000096-b-1#7936,,,p.Thr332Ser,0.8740156343076071,0.12377905372087,12
urn:mavedb:00000096-b-1#7937,,,p.Thr332Ter,0.0884896717120262,0.5932108370099161,4
urn:mavedb:00000096-b-1#7938,,,p.Thr332Trp,0.986176959050999,0.11177497120678,4
urn:mavedb:00000096-b-1#7939,,,p.Thr332Tyr,0.406625726908786,0.101128595808115,4
urn:mavedb:00000096-b-1#7940,,,p.Thr332Val,0.7081317023776992,0.0617862069694133,4
urn:mavedb:00000096-b-1#7941,,,p.Thr342=,1.22965407147551,0.3622340876474029,4
urn:mavedb:00000096-b-1#7942,,,p.Thr342Ala,0.83912421816172,0.1624485498900809,8
urn:mavedb:00000096-b-1#7943,,,p.Thr342Arg,0.735429556647967,0.112584325368294,12
urn:mavedb:00000096-b-1#7944,,,p.Thr342Asn,0.4815493065711579,0.497594397981399,4
urn:mavedb:00000096-b-1#7945,,,p.Thr342Asp,0.986601860725166,0.0612081193724333,4
urn:mavedb:00000096-b-1#7946,,,p.Thr342Glu,1.0031404486554498,0.0379057353290084,4
urn:mavedb:00000096-b-1#7947,,,p.Thr342Gly,0.95056487765256,0.108934067202779,8
urn:mavedb:00000096-b-1#7948,,,p.Thr342His,0.85338253994554,0.179245385999793,4
urn:mavedb:00000096-b-1#7949,,,p.Thr342Ile,0.633937303442668,0.2869078152016849,4
urn:mavedb:00000096-b-1#7950,,,p.Thr342Leu,0.676648651719861,0.1035355111402509,12
urn:mavedb:00000096-b-1#7951,,,p.Thr342Lys,0.952889056570043,0.0482288317779301,4
urn:mavedb:00000096-b-1#7952,,,p.Thr342Phe,0.811548047828103,0.047430029735915,4
urn:mavedb:00000096-b-1#7953,,,p.Thr342Pro,0.771431929494496,0.2115594068705539,8
urn:mavedb:00000096-b-1#7954,,,p.Thr342Ser,0.809480101531798,0.27993019052314,12
urn:mavedb:00000096-b-1#7955,,,p.Thr342Ter,0.233382143790291,0.0721220039194758,4
urn:mavedb:00000096-b-1#7956,,,p.Thr342Tyr,0.737898659968156,0.618754588945494,4
urn:mavedb:00000096-b-1#7957,,,p.Thr342Val,0.92048029782302,0.11370335939538,8
urn:mavedb:00000096-b-1#7958,,,p.Thr354=,1.09517158810584,0.3655199826947489,8
urn:mavedb:00000096-b-1#7959,,,p.Thr354Ala,0.714921607709683,0.197100190797469,8
urn:mavedb:00000096-b-1#7960,,,p.Thr354Arg,0.636242091981548,0.312567630043703,12
urn:mavedb:00000096-b-1#7961,,,p.Thr354Asn,1.02688145558184,0.0872224537827204,4
urn:mavedb:00000096-b-1#7962,,,p.Thr354Asp,0.8219632696330459,0.405353371438248,4
urn:mavedb:00000096-b-1#7963,,,p.Thr354Gln,1.07249436137637,0.447370765361521,4
urn:mavedb:00000096-b-1#7964,,,p.Thr354Gly,0.9916169899002172,0.10102528010452,8
urn:mavedb:00000096-b-1#7965,,,p.Thr354His,0.6369940247081121,0.0726874388958353,4
urn:mavedb:00000096-b-1#7966,,,p.Thr354Ile,0.8025623525869722,0.4337560322414289,8
urn:mavedb:00000096-b-1#7967,,,p.Thr354Leu,0.974359498000963,0.128244303781946,12
urn:mavedb:00000096-b-1#7968,,,p.Thr354Lys,0.9945063353331,0.7390783087843871,4
urn:mavedb:00000096-b-1#7969,,,p.Thr354Met,1.43340953319823,0.106282461598821,4
urn:mavedb:00000096-b-1#7970,,,p.Thr354Phe,0.449949650936861,0.0630303061582249,4
urn:mavedb:00000096-b-1#7971,,,p.Thr354Pro,0.5985023591318929,0.302803681305885,8
urn:mavedb:00000096-b-1#7972,,,p.Thr354Ser,0.907825719696981,0.1854532691130549,12
urn:mavedb:00000096-b-1#7973,,,p.Thr354Ter,-0.166086279280203,0.130660701426923,4
urn:mavedb:00000096-b-1#7974,,,p.Thr354Trp,0.665790797029229,0.7195647318764571,4
urn:mavedb:00000096-b-1#7975,,,p.Thr354Tyr,0.563442489209937,0.168656851054866,4
urn:mavedb:00000096-b-1#7976,,,p.Thr354Val,0.6261778157239261,0.0961444533877371,8
urn:mavedb:00000096-b-1#7977,,,p.Thr361=,0.597748791081799,0.3440672561773359,8
urn:mavedb:00000096-b-1#7978,,,p.Thr361Ala,0.6298333156017261,0.247157911849155,8
urn:mavedb:00000096-b-1#7979,,,p.Thr361Arg,0.938247552128206,0.245214310462338,12
urn:mavedb:00000096-b-1#7980,,,p.Thr361Asn,0.9406456043659028,0.110619681910999,4
urn:mavedb:00000096-b-1#7981,,,p.Thr361Asp,1.22503447517868,0.117862408188964,4
urn:mavedb:00000096-b-1#7982,,,p.Thr361Cys,0.4823422194653579,0.0718294081815289,4
urn:mavedb:00000096-b-1#7983,,,p.Thr361Gln,0.959742551940458,0.120211983947174,4
urn:mavedb:00000096-b-1#7984,,,p.Thr361Glu,0.8395326219041529,0.0822875159966734,4
urn:mavedb:00000096-b-1#7985,,,p.Thr361Gly,0.919996139710242,0.135193801923288,8
urn:mavedb:00000096-b-1#7986,,,p.Thr361His,0.859497978734395,0.501482695794126,4
urn:mavedb:00000096-b-1#7987,,,p.Thr361Ile,0.60475775876421,0.1762349815041559,4
urn:mavedb:00000096-b-1#7988,,,p.Thr361Leu,0.5581929683157549,0.345966910938596,12
urn:mavedb:00000096-b-1#7989,,,p.Thr361Lys,0.696606718532377,0.457514310890737,4
urn:mavedb:00000096-b-1#7990,,,p.Thr361Met,0.7622573567864059,0.0740121608076533,4
urn:mavedb:00000096-b-1#7991,,,p.Thr361Phe,0.8091190460294471,0.3921963693297,4
urn:mavedb:00000096-b-1#7992,,,p.Thr361Pro,0.909939541856666,0.312511188257403,8
urn:mavedb:00000096-b-1#7993,,,p.Thr361Ser,0.7444142225742091,0.1803376341002139,12
urn:mavedb:00000096-b-1#7994,,,p.Thr361Ter,-0.361162383024042,0.156780671018324,4
urn:mavedb:00000096-b-1#7995,,,p.Thr361Trp,1.08095869540388,0.0590230254803426,4
urn:mavedb:00000096-b-1#7996,,,p.Thr361Tyr,0.598613475890897,0.207443065593004,4
urn:mavedb:00000096-b-1#7997,,,p.Thr361Val,0.6344206805315891,0.239573840644993,8
urn:mavedb:00000096-b-1#7998,,,p.Thr362=,0.916126351500824,0.3953203017510739,8
urn:mavedb:00000096-b-1#7999,,,p.Thr362Ala,1.06502898485214,0.381830915548452,12
urn:mavedb:00000096-b-1#8000,,,p.Thr362Arg,0.7473264117021879,0.113056044634276,12
urn:mavedb:00000096-b-1#8001,,,p.Thr362Asn,0.372459313804721,0.196500320251078,4
urn:mavedb:00000096-b-1#8002,,,p.Thr362Asp,0.9760693818354428,0.0578475169511268,4
urn:mavedb:00000096-b-1#8003,,,p.Thr362Gln,0.791575666531846,0.537571744464329,4
urn:mavedb:00000096-b-1#8004,,,p.Thr362Glu,0.9789243310994,0.40636668877152,4
urn:mavedb:00000096-b-1#8005,,,p.Thr362Gly,0.355165532201633,0.551055762138965,4
urn:mavedb:00000096-b-1#8006,,,p.Thr362His,0.485691469052402,0.3800531158510959,4
urn:mavedb:00000096-b-1#8007,,,p.Thr362Ile,0.474167004385823,0.299902416362155,4
urn:mavedb:00000096-b-1#8008,,,p.Thr362Leu,0.773491324348522,0.478723300301268,12
urn:mavedb:00000096-b-1#8009,,,p.Thr362Lys,0.307935819729621,0.125433912199714,4
urn:mavedb:00000096-b-1#8010,,,p.Thr362Phe,0.5596756911817901,0.137301737291799,4
urn:mavedb:00000096-b-1#8011,,,p.Thr362Pro,0.528309866215824,0.32352576197158,8
urn:mavedb:00000096-b-1#8012,,,p.Thr362Ser,0.855709479339402,0.253917857082672,8
urn:mavedb:00000096-b-1#8013,,,p.Thr362Ter,0.0295560115094442,0.317021361846152,4
urn:mavedb:00000096-b-1#8014,,,p.Thr362Tyr,0.581877114136426,0.150835717365221,4
urn:mavedb:00000096-b-1#8015,,,p.Thr362Val,0.5878472634498271,0.121968275767984,8
urn:mavedb:00000096-b-1#8016,,,p.Thr376=,0.8533737052683841,0.1982505188859889,8
urn:mavedb:00000096-b-1#8017,,,p.Thr376Ala,0.8236033293879741,0.209933879182967,8
urn:mavedb:00000096-b-1#8018,,,p.Thr376Arg,0.8517985509763729,0.307992140308206,8
urn:mavedb:00000096-b-1#8019,,,p.Thr376Asn,0.789806777613519,0.8917682287324851,4
urn:mavedb:00000096-b-1#8020,,,p.Thr376Asp,0.4412224457686179,0.0664914953387518,4
urn:mavedb:00000096-b-1#8021,,,p.Thr376Cys,0.936529793537887,0.23127484746971,4
urn:mavedb:00000096-b-1#8022,,,p.Thr376Gln,0.7644800658513891,0.2108563929453289,4
urn:mavedb:00000096-b-1#8023,,,p.Thr376Glu,0.7218622021984059,0.0749969999407034,4
urn:mavedb:00000096-b-1#8024,,,p.Thr376Gly,0.989143824226747,0.133044437551646,8
urn:mavedb:00000096-b-1#8025,,,p.Thr376His,0.90392915080512,0.220740375006097,4
urn:mavedb:00000096-b-1#8026,,,p.Thr376Ile,0.936859398935036,0.0752317936515418,4
urn:mavedb:00000096-b-1#8027,,,p.Thr376Leu,0.7479777791913141,0.0830841339582753,4
urn:mavedb:00000096-b-1#8028,,,p.Thr376Lys,0.98894468104691,0.0872728747499281,4
urn:mavedb:00000096-b-1#8029,,,p.Thr376Met,0.7034106404545569,0.0736421330176794,4
urn:mavedb:00000096-b-1#8030,,,p.Thr376Phe,0.9815359976286528,0.102416836104458,4
urn:mavedb:00000096-b-1#8031,,,p.Thr376Pro,-0.2609614918352019,0.457883143404062,8
urn:mavedb:00000096-b-1#8032,,,p.Thr376Ser,0.909614466813837,0.199848239351478,12
urn:mavedb:00000096-b-1#8033,,,p.Thr376Ter,-0.3702466275955779,0.147291037935846,4
urn:mavedb:00000096-b-1#8034,,,p.Thr376Trp,0.910963676439122,0.0957483535920662,4
urn:mavedb:00000096-b-1#8035,,,p.Thr376Tyr,0.410374831466542,0.075653661124942,4
urn:mavedb:00000096-b-1#8036,,,p.Thr376Val,0.8306663362706709,0.0649747143104249,8
urn:mavedb:00000096-b-1#8037,,,p.Thr405=,0.9940308048294948,0.280581717382505,12
urn:mavedb:00000096-b-1#8038,,,p.Thr405Ala,0.8048630287794979,0.267019187394583,12
urn:mavedb:00000096-b-1#8039,,,p.Thr405Arg,0.803134133509869,0.2390786677107879,12
urn:mavedb:00000096-b-1#8040,,,p.Thr405Asp,0.679983806925668,0.311061712669294,4
urn:mavedb:00000096-b-1#8041,,,p.Thr405Cys,0.9489549881816342,0.117080959821689,4
urn:mavedb:00000096-b-1#8042,,,p.Thr405Gln,0.780967609669977,0.0995309890359531,4
urn:mavedb:00000096-b-1#8043,,,p.Thr405Glu,0.7666582092847629,0.066082379781007,4
urn:mavedb:00000096-b-1#8044,,,p.Thr405Gly,1.05545532613453,0.0560293522734571,8
urn:mavedb:00000096-b-1#8045,,,p.Thr405His,0.7566870891665151,0.0703636983022074,4
urn:mavedb:00000096-b-1#8046,,,p.Thr405Ile,0.346615822004478,0.323584245072031,8
urn:mavedb:00000096-b-1#8047,,,p.Thr405Leu,0.459929015499723,0.134000607227369,12
urn:mavedb:00000096-b-1#8048,,,p.Thr405Lys,0.8396434173623191,0.3935312256588089,4
urn:mavedb:00000096-b-1#8049,,,p.Thr405Met,0.559565529519558,0.111203712087541,4
urn:mavedb:00000096-b-1#8050,,,p.Thr405Phe,0.6849121410477421,0.179392737441024,4
urn:mavedb:00000096-b-1#8051,,,p.Thr405Pro,0.4231120208060329,0.5936416346053119,4
urn:mavedb:00000096-b-1#8052,,,p.Thr405Ser,0.8484275131723801,0.1259379265220759,12
urn:mavedb:00000096-b-1#8053,,,p.Thr405Ter,-0.0230860549529214,0.139469170115483,4
urn:mavedb:00000096-b-1#8054,,,p.Thr405Trp,0.816157237352256,0.1010654738568219,4
urn:mavedb:00000096-b-1#8055,,,p.Thr405Tyr,0.9368801110067329,0.0583513019914217,4
urn:mavedb:00000096-b-1#8056,,,p.Thr405Val,0.7962684146502629,0.116731640070809,8
urn:mavedb:00000096-b-1#8057,,,p.Thr431=,1.3979872945172098,0.573170778350809,8
urn:mavedb:00000096-b-1#8058,,,p.Thr431Ala,1.13336697938803,0.199575611305499,8
urn:mavedb:00000096-b-1#8059,,,p.Thr431Arg,-0.048602717882222,0.3834893985191379,12
urn:mavedb:00000096-b-1#8060,,,p.Thr431Asn,1.11975274542161,0.155634915705919,4
urn:mavedb:00000096-b-1#8061,,,p.Thr431Asp,-0.125463736034273,0.2883734173748939,4
urn:mavedb:00000096-b-1#8062,,,p.Thr431Cys,1.1338467823249498,0.109312611991114,4
urn:mavedb:00000096-b-1#8063,,,p.Thr431Gln,0.734272011834985,0.1240674483761799,4
urn:mavedb:00000096-b-1#8064,,,p.Thr431Glu,0.6979122396357371,0.487543004674046,4
urn:mavedb:00000096-b-1#8065,,,p.Thr431Gly,0.191230532061418,0.121662003453544,8
urn:mavedb:00000096-b-1#8066,,,p.Thr431His,0.388313849277053,0.1012156920819309,4
urn:mavedb:00000096-b-1#8067,,,p.Thr431Ile,0.987662423007103,0.0862305523640401,4
urn:mavedb:00000096-b-1#8068,,,p.Thr431Leu,0.56027392041013,0.329164179889396,12
urn:mavedb:00000096-b-1#8069,,,p.Thr431Lys,0.0187075295040296,0.157254945415029,4
urn:mavedb:00000096-b-1#8070,,,p.Thr431Met,0.816437681418645,0.398289754559065,4
urn:mavedb:00000096-b-1#8071,,,p.Thr431Phe,0.487418753893109,0.0932226724004899,4
urn:mavedb:00000096-b-1#8072,,,p.Thr431Pro,-0.0405355816320003,0.38857495042845,8
urn:mavedb:00000096-b-1#8073,,,p.Thr431Ser,0.8124741789150259,0.295338314298251,12
urn:mavedb:00000096-b-1#8074,,,p.Thr431Ter,0.386933857893844,0.7043215153997621,4
urn:mavedb:00000096-b-1#8075,,,p.Thr431Trp,-0.4190864334893379,0.2090358096378649,4
urn:mavedb:00000096-b-1#8076,,,p.Thr431Tyr,-0.840987253417636,0.328605289948461,4
urn:mavedb:00000096-b-1#8077,,,p.Thr431Val,0.8708637696139079,0.295051500633283,8
urn:mavedb:00000096-b-1#8078,,,p.Thr437=,0.837304078805726,0.363739641369377,8
urn:mavedb:00000096-b-1#8079,,,p.Thr437Ala,0.891612781840582,0.5112403004413221,4
urn:mavedb:00000096-b-1#8080,,,p.Thr437Arg,0.910800677963526,0.0846374164966373,8
urn:mavedb:00000096-b-1#8081,,,p.Thr437Asn,0.893048837568041,0.336228363191883,4
urn:mavedb:00000096-b-1#8082,,,p.Thr437Asp,1.09036807862603,0.0730263240095347,4
urn:mavedb:00000096-b-1#8083,,,p.Thr437Cys,1.04816962479425,0.0819292523855117,4
urn:mavedb:00000096-b-1#8084,,,p.Thr437Gln,0.9738573242354108,0.103477752615898,4
urn:mavedb:00000096-b-1#8085,,,p.Thr437Glu,1.20226699509693,0.111932100440834,4
urn:mavedb:00000096-b-1#8086,,,p.Thr437Gly,0.7487236609296851,0.29760488504435,8
urn:mavedb:00000096-b-1#8087,,,p.Thr437His,0.491155516174233,0.361003247449464,4
urn:mavedb:00000096-b-1#8088,,,p.Thr437Leu,0.7834636004755609,0.484146992203003,12
urn:mavedb:00000096-b-1#8089,,,p.Thr437Lys,1.04879280389155,0.435355410617714,4
urn:mavedb:00000096-b-1#8090,,,p.Thr437Met,0.609122409883923,0.0834976464645477,4
urn:mavedb:00000096-b-1#8091,,,p.Thr437Phe,0.875437052366648,0.1081874866115369,4
urn:mavedb:00000096-b-1#8092,,,p.Thr437Pro,-0.387006747211747,0.3344536404715039,4
urn:mavedb:00000096-b-1#8093,,,p.Thr437Ser,1.06185316316069,0.2443857696576149,12
urn:mavedb:00000096-b-1#8094,,,p.Thr437Ter,-0.5487927488673511,0.3072942096079389,4
urn:mavedb:00000096-b-1#8095,,,p.Thr437Trp,0.599745123308136,0.758617365342407,4
urn:mavedb:00000096-b-1#8096,,,p.Thr437Tyr,0.765376036128601,0.747294297924415,4
urn:mavedb:00000096-b-1#8097,,,p.Thr437Val,1.05443140475081,0.180636964092083,8
urn:mavedb:00000096-b-1#8098,,,p.Thr49=,1.32963374957337,0.202928551822676,4
urn:mavedb:00000096-b-1#8099,,,p.Thr49Ala,0.5815283122714691,0.230386027571552,8
urn:mavedb:00000096-b-1#8100,,,p.Thr49Arg,0.36711526908196,0.310613269839867,12
urn:mavedb:00000096-b-1#8101,,,p.Thr49Asn,0.644437100962598,0.20914230256554,4
urn:mavedb:00000096-b-1#8102,,,p.Thr49Asp,0.689902064505157,0.0795417034004827,4
urn:mavedb:00000096-b-1#8103,,,p.Thr49Cys,0.6346559224189761,0.1839408021640619,4
urn:mavedb:00000096-b-1#8104,,,p.Thr49Gln,0.631389689774817,0.3450403315525999,4
urn:mavedb:00000096-b-1#8105,,,p.Thr49Glu,0.53846275524903,0.1046267382433469,4
urn:mavedb:00000096-b-1#8106,,,p.Thr49Gly,0.537727225936194,0.231156843891648,8
urn:mavedb:00000096-b-1#8107,,,p.Thr49His,0.864281893093673,0.633686701679477,4
urn:mavedb:00000096-b-1#8108,,,p.Thr49Ile,0.5256001641711621,0.249714304753682,4
urn:mavedb:00000096-b-1#8109,,,p.Thr49Leu,0.837315479744823,0.15954456925446,12
urn:mavedb:00000096-b-1#8110,,,p.Thr49Lys,0.708327042009846,0.3829149825325879,4
urn:mavedb:00000096-b-1#8111,,,p.Thr49Met,0.179788852052186,0.1002436688512569,4
urn:mavedb:00000096-b-1#8112,,,p.Thr49Phe,0.8444177701668821,0.170725326601802,4
urn:mavedb:00000096-b-1#8113,,,p.Thr49Pro,0.567393073128621,0.665516582183861,4
urn:mavedb:00000096-b-1#8114,,,p.Thr49Ser,0.6340529864909941,0.3038830998344219,12
urn:mavedb:00000096-b-1#8115,,,p.Thr49Ter,0.237036797474726,0.951942297112583,4
urn:mavedb:00000096-b-1#8116,,,p.Thr49Trp,0.278487278576229,0.130511880534319,4
urn:mavedb:00000096-b-1#8117,,,p.Thr49Tyr,0.8819078270273721,0.580508295275103,4
urn:mavedb:00000096-b-1#8118,,,p.Thr49Val,0.525795486420262,0.11387078041615,8
urn:mavedb:00000096-b-1#8119,,,p.Thr60=,0.792766326388221,0.215224482455106,4
urn:mavedb:00000096-b-1#8120,,,p.Thr60Ala,0.423106574808215,0.444669467896839,8
urn:mavedb:00000096-b-1#8121,,,p.Thr60Arg,0.1682600707555269,0.222707328349004,12
urn:mavedb:00000096-b-1#8122,,,p.Thr60Asp,0.2763463414744619,0.174341495544214,4
urn:mavedb:00000096-b-1#8123,,,p.Thr60Cys,1.08099247366262,0.0915516243300586,4
urn:mavedb:00000096-b-1#8124,,,p.Thr60Gln,0.116663602447996,0.209260697369571,4
urn:mavedb:00000096-b-1#8125,,,p.Thr60Glu,0.4389407643604729,0.20634136370986,4
urn:mavedb:00000096-b-1#8126,,,p.Thr60Gly,0.475378750446322,0.2444864469140319,8
urn:mavedb:00000096-b-1#8127,,,p.Thr60His,0.4300618813046961,0.110120734633888,4
urn:mavedb:00000096-b-1#8128,,,p.Thr60Ile,0.7634481091824591,0.111040357000372,4
urn:mavedb:00000096-b-1#8129,,,p.Thr60Leu,0.5849554436368001,0.317606179508197,12
urn:mavedb:00000096-b-1#8130,,,p.Thr60Lys,-0.237130992405931,0.218933771324126,4
urn:mavedb:00000096-b-1#8131,,,p.Thr60Met,0.7462323722818052,0.387465199001614,4
urn:mavedb:00000096-b-1#8132,,,p.Thr60Phe,0.566702200227968,0.0780079205305786,4
urn:mavedb:00000096-b-1#8133,,,p.Thr60Pro,0.471675849956445,0.5683892240373921,4
urn:mavedb:00000096-b-1#8134,,,p.Thr60Ser,0.726618541440346,0.279537796382634,12
urn:mavedb:00000096-b-1#8135,,,p.Thr60Ter,-0.319032802229842,0.154310383005981,4
urn:mavedb:00000096-b-1#8136,,,p.Thr60Trp,0.355915817107089,0.0994021391245272,4
urn:mavedb:00000096-b-1#8137,,,p.Thr60Tyr,0.387292991486096,0.0939021978002711,4
urn:mavedb:00000096-b-1#8138,,,p.Thr60Val,0.705956676437,0.204818447984601,8
urn:mavedb:00000096-b-1#8139,,,p.Thr65=,0.899151949832871,0.466158555594732,8
urn:mavedb:00000096-b-1#8140,,,p.Thr65Ala,0.733677726017749,0.446817370710417,12
urn:mavedb:00000096-b-1#8141,,,p.Thr65Arg,0.9143577156098672,0.368242642163371,12
urn:mavedb:00000096-b-1#8142,,,p.Thr65Asn,1.10529860629144,0.0624061821244283,4
urn:mavedb:00000096-b-1#8143,,,p.Thr65Asp,0.262833909475528,0.1347618456429589,4
urn:mavedb:00000096-b-1#8144,,,p.Thr65Cys,1.00239006673503,0.126024595069612,4
urn:mavedb:00000096-b-1#8145,,,p.Thr65Gln,1.01893005193215,0.107882835024261,4
urn:mavedb:00000096-b-1#8146,,,p.Thr65Glu,1.00450666735165,0.960420810880951,4
urn:mavedb:00000096-b-1#8147,,,p.Thr65Gly,0.906277205545395,0.114006859782711,8
urn:mavedb:00000096-b-1#8148,,,p.Thr65His,0.702188646380014,0.93280844641825,4
urn:mavedb:00000096-b-1#8149,,,p.Thr65Ile,0.7448929231790631,0.7531383238284449,8
urn:mavedb:00000096-b-1#8150,,,p.Thr65Leu,1.18529642121377,0.218895449301703,8
urn:mavedb:00000096-b-1#8151,,,p.Thr65Lys,0.6507442548780239,0.1069228089499619,4
urn:mavedb:00000096-b-1#8152,,,p.Thr65Met,0.935798467890392,0.0579541249238041,4
urn:mavedb:00000096-b-1#8153,,,p.Thr65Pro,0.659451705349379,0.48794859119522,8
urn:mavedb:00000096-b-1#8154,,,p.Thr65Ser,1.13769299675912,0.686961712653551,12
urn:mavedb:00000096-b-1#8155,,,p.Thr65Ter,-0.176812581962101,0.55363433215434,4
urn:mavedb:00000096-b-1#8156,,,p.Thr65Trp,0.999338686648932,0.227602458692756,4
urn:mavedb:00000096-b-1#8157,,,p.Thr65Tyr,0.467990477344927,0.0866609757748511,4
urn:mavedb:00000096-b-1#8158,,,p.Thr65Val,1.16650473877478,0.05732226453293,8
urn:mavedb:00000096-b-1#8159,,,p.Thr82=,0.804339862871743,0.284912189312631,8
urn:mavedb:00000096-b-1#8160,,,p.Thr82Ala,0.988573310581376,0.188996032635784,8
urn:mavedb:00000096-b-1#8161,,,p.Thr82Arg,1.03294233932443,0.4257373340697659,8
urn:mavedb:00000096-b-1#8162,,,p.Thr82Asn,0.898221437472173,0.2224003862109519,4
urn:mavedb:00000096-b-1#8163,,,p.Thr82Asp,0.942118002511271,0.0662191132356844,4
urn:mavedb:00000096-b-1#8164,,,p.Thr82Cys,0.9669592302063672,0.0779405212693273,4
urn:mavedb:00000096-b-1#8165,,,p.Thr82Gln,0.716560194502606,0.2965515335166189,4
urn:mavedb:00000096-b-1#8166,,,p.Thr82Glu,0.741055359444495,0.0846627904999986,4
urn:mavedb:00000096-b-1#8167,,,p.Thr82Gly,1.163827566785,0.154673226473634,8
urn:mavedb:00000096-b-1#8168,,,p.Thr82His,0.544644219570009,0.123004451781273,4
urn:mavedb:00000096-b-1#8169,,,p.Thr82Ile,1.0241018035398,0.238130657534931,4
urn:mavedb:00000096-b-1#8170,,,p.Thr82Leu,0.872413378288755,0.0803082632442204,8
urn:mavedb:00000096-b-1#8171,,,p.Thr82Lys,0.7296669043894641,0.106105677907959,4
urn:mavedb:00000096-b-1#8172,,,p.Thr82Met,0.8924746790437421,0.0994982133700645,4
urn:mavedb:00000096-b-1#8173,,,p.Thr82Phe,1.15773519850511,0.0478754886777775,4
urn:mavedb:00000096-b-1#8174,,,p.Thr82Pro,1.06379226376819,0.223270689555224,8
urn:mavedb:00000096-b-1#8175,,,p.Thr82Ser,1.02082891002186,0.194350935945515,12
urn:mavedb:00000096-b-1#8176,,,p.Thr82Ter,-0.0015470371462589,0.12894446750886,4
urn:mavedb:00000096-b-1#8177,,,p.Thr82Trp,0.818213100498527,0.144349568465809,4
urn:mavedb:00000096-b-1#8178,,,p.Thr82Tyr,0.633985955936185,0.1001278049636619,4
urn:mavedb:00000096-b-1#8179,,,p.Thr82Val,0.890496423804408,0.166377027554651,8
urn:mavedb:00000096-b-1#8180,,,p.Trp167Ala,0.94143102018533,0.261702768272141,4
urn:mavedb:00000096-b-1#8181,,,p.Trp167Arg,1.00960867746638,0.1276067096348929,12
urn:mavedb:00000096-b-1#8182,,,p.Trp167Asn,0.9800026182363772,0.0520609589210824,4
urn:mavedb:00000096-b-1#8183,,,p.Trp167Cys,0.921320553741482,0.1306734658836809,4
urn:mavedb:00000096-b-1#8184,,,p.Trp167Gln,0.9481049603010672,0.0984806515112068,4
urn:mavedb:00000096-b-1#8185,,,p.Trp167Glu,0.84481882034204,0.0556230773423635,4
urn:mavedb:00000096-b-1#8186,,,p.Trp167Gly,1.1467537700328,0.0624168555207444,8
urn:mavedb:00000096-b-1#8187,,,p.Trp167His,1.26692925796095,0.1408127907934019,4
urn:mavedb:00000096-b-1#8188,,,p.Trp167Ile,0.991903276895888,0.0511397425421794,4
urn:mavedb:00000096-b-1#8189,,,p.Trp167Leu,0.9785992381663948,0.245913359515755,8
urn:mavedb:00000096-b-1#8190,,,p.Trp167Lys,1.07493094891301,0.056953583133907,4
urn:mavedb:00000096-b-1#8191,,,p.Trp167Met,0.917639352070684,0.181300073387369,4
urn:mavedb:00000096-b-1#8192,,,p.Trp167Pro,0.775170613361092,0.252254209001894,8
urn:mavedb:00000096-b-1#8193,,,p.Trp167Ser,1.13644100777125,0.114643186960074,12
urn:mavedb:00000096-b-1#8194,,,p.Trp167Ter,-0.0541604536175191,1.1490568555186105,8
urn:mavedb:00000096-b-1#8195,,,p.Trp167Thr,0.8802621676965241,0.130487242905735,8
urn:mavedb:00000096-b-1#8196,,,p.Trp167Tyr,1.13575690333716,0.1724063515429779,4
urn:mavedb:00000096-b-1#8197,,,p.Trp167Val,1.12671044702041,0.237665655784653,8
urn:mavedb:00000096-b-1#8198,,,p.Trp257Ala,-0.0017751045836591,0.211793861696127,8
urn:mavedb:00000096-b-1#8199,,,p.Trp257Arg,-0.0901768131490582,0.37340709367629,8
urn:mavedb:00000096-b-1#8200,,,p.Trp257Asn,0.268057782218308,0.638485135218973,4
urn:mavedb:00000096-b-1#8201,,,p.Trp257Asp,0.489131708260482,0.259541859910037,4
urn:mavedb:00000096-b-1#8202,,,p.Trp257Gln,0.255003736274611,0.586188243341879,4
urn:mavedb:00000096-b-1#8203,,,p.Trp257Glu,0.115531169764663,0.188759839144844,4
urn:mavedb:00000096-b-1#8204,,,p.Trp257Gly,0.0663733571674486,0.1304957561877809,8
urn:mavedb:00000096-b-1#8205,,,p.Trp257His,0.4703931362972839,0.20225035828632,4
urn:mavedb:00000096-b-1#8206,,,p.Trp257Ile,1.0886527357410798,0.0911853869512994,4
urn:mavedb:00000096-b-1#8207,,,p.Trp257Leu,0.7595393359039,0.242017401930857,8
urn:mavedb:00000096-b-1#8208,,,p.Trp257Lys,0.2604135842470439,0.100940068464178,4
urn:mavedb:00000096-b-1#8209,,,p.Trp257Met,0.779354731104674,0.195262366104356,4
urn:mavedb:00000096-b-1#8210,,,p.Trp257Phe,1.02220919385628,0.123979459610394,4
urn:mavedb:00000096-b-1#8211,,,p.Trp257Pro,-0.718108957626338,0.363540640413181,8
urn:mavedb:00000096-b-1#8212,,,p.Trp257Ser,0.0741430585302705,0.3519918253990129,12
urn:mavedb:00000096-b-1#8213,,,p.Trp257Ter,-0.0165499494367188,1.03228235294763,4
urn:mavedb:00000096-b-1#8214,,,p.Trp257Thr,0.260942982197411,0.3829397522140529,8
urn:mavedb:00000096-b-1#8215,,,p.Trp257Tyr,0.0944962761493833,0.11698067954042,4
urn:mavedb:00000096-b-1#8216,,,p.Trp257Val,0.15870412012132,0.442831102503466,8
urn:mavedb:00000096-b-1#8217,,,p.Trp99Ala,0.8553103286151751,0.151292095284074,8
urn:mavedb:00000096-b-1#8218,,,p.Trp99Arg,0.8425729140278271,0.266050129626438,12
urn:mavedb:00000096-b-1#8219,,,p.Trp99Asn,0.7262753148489121,0.8023019178218721,4
urn:mavedb:00000096-b-1#8220,,,p.Trp99Asp,0.6931693174474339,0.109309855315724,4
urn:mavedb:00000096-b-1#8221,,,p.Trp99Cys,0.7214975314754408,0.170580329643692,4
urn:mavedb:00000096-b-1#8222,,,p.Trp99Gln,0.801307370744768,0.102457915278813,4
urn:mavedb:00000096-b-1#8223,,,p.Trp99Glu,0.659820779953303,0.235636870481506,4
urn:mavedb:00000096-b-1#8224,,,p.Trp99Gly,0.9257316369443042,0.17219240320388,8
urn:mavedb:00000096-b-1#8225,,,p.Trp99His,1.40325776683625,0.103244972450808,4
urn:mavedb:00000096-b-1#8226,,,p.Trp99Ile,0.87008038536339,0.099730006908628,4
urn:mavedb:00000096-b-1#8227,,,p.Trp99Leu,0.7955076827453391,0.262524334589469,8
urn:mavedb:00000096-b-1#8228,,,p.Trp99Lys,0.948738720732539,0.89042034566274,4
urn:mavedb:00000096-b-1#8229,,,p.Trp99Met,0.855389936587248,0.320444200741984,4
urn:mavedb:00000096-b-1#8230,,,p.Trp99Phe,0.919652711998064,0.0719174796426789,4
urn:mavedb:00000096-b-1#8231,,,p.Trp99Pro,0.788518161884791,0.756865984561629,4
urn:mavedb:00000096-b-1#8232,,,p.Trp99Ser,0.968731704826522,0.139515577744519,12
urn:mavedb:00000096-b-1#8233,,,p.Trp99Ter,0.0362657475487633,1.1595990528833,4
urn:mavedb:00000096-b-1#8234,,,p.Trp99Thr,0.9878676280907308,0.761771886639835,8
urn:mavedb:00000096-b-1#8235,,,p.Trp99Tyr,0.7239547246497409,0.1111654691737139,4
urn:mavedb:00000096-b-1#8236,,,p.Trp99Val,0.937853893181407,0.246510921980303,8
urn:mavedb:00000096-b-1#8237,,,p.Tyr108=,1.04344534357449,0.0881896873617991,4
urn:mavedb:00000096-b-1#8238,,,p.Tyr108Ala,0.362431290377985,0.2112258935371989,8
urn:mavedb:00000096-b-1#8239,,,p.Tyr108Arg,0.255151743724631,0.463039261493211,12
urn:mavedb:00000096-b-1#8240,,,p.Tyr108Asn,0.8633841660736279,0.0884040595551566,4
urn:mavedb:00000096-b-1#8241,,,p.Tyr108Asp,0.2297596081033699,0.109247866621118,4
urn:mavedb:00000096-b-1#8242,,,p.Tyr108Cys,0.7020618700816579,0.0641885059313715,4
urn:mavedb:00000096-b-1#8243,,,p.Tyr108Gln,0.3190125903797,0.630743929052899,4
urn:mavedb:00000096-b-1#8244,,,p.Tyr108Glu,0.358652514250282,0.10064949449639,4
urn:mavedb:00000096-b-1#8245,,,p.Tyr108Gly,0.277993416670539,0.4106027197171599,8
urn:mavedb:00000096-b-1#8246,,,p.Tyr108His,0.489183883372032,0.82271109740148,4
urn:mavedb:00000096-b-1#8247,,,p.Tyr108Ile,0.8286498612996851,0.0887620387137193,4
urn:mavedb:00000096-b-1#8248,,,p.Tyr108Leu,-0.0203356092243825,0.3691889803363979,12
urn:mavedb:00000096-b-1#8249,,,p.Tyr108Lys,0.674122821060036,0.079993973212726,4
urn:mavedb:00000096-b-1#8250,,,p.Tyr108Met,0.1783682562295739,0.1136972750993269,4
urn:mavedb:00000096-b-1#8251,,,p.Tyr108Phe,1.18040881346268,0.172617645277647,4
urn:mavedb:00000096-b-1#8252,,,p.Tyr108Pro,-0.0155087542826488,0.838001810763203,8
urn:mavedb:00000096-b-1#8253,,,p.Tyr108Ser,0.268654432627302,0.2193099788045489,12
urn:mavedb:00000096-b-1#8254,,,p.Tyr108Ter,0.0734129441603402,0.327358545298322,4
urn:mavedb:00000096-b-1#8255,,,p.Tyr108Thr,0.108416890709894,0.215748812638985,8
urn:mavedb:00000096-b-1#8256,,,p.Tyr108Trp,1.0156914331657398,0.0763898478448325,4
urn:mavedb:00000096-b-1#8257,,,p.Tyr108Val,0.533769982298426,0.235794083747962,8
urn:mavedb:00000096-b-1#8258,,,p.Tyr125=,1.03528414261703,0.187277229303875,4
urn:mavedb:00000096-b-1#8259,,,p.Tyr125Ala,0.6856563770478,0.191801476373614,8
urn:mavedb:00000096-b-1#8260,,,p.Tyr125Arg,0.564365520963153,0.391144723181567,12
urn:mavedb:00000096-b-1#8261,,,p.Tyr125Asn,0.552456417218088,0.290595171323765,4
urn:mavedb:00000096-b-1#8262,,,p.Tyr125Asp,0.264834197681868,0.2112457726579339,4
urn:mavedb:00000096-b-1#8263,,,p.Tyr125Cys,0.671998401972863,0.345708918107075,8
urn:mavedb:00000096-b-1#8264,,,p.Tyr125Gln,1.05285265572187,0.0954727774729259,4
urn:mavedb:00000096-b-1#8265,,,p.Tyr125Glu,0.876639356737909,0.7613315957384109,4
urn:mavedb:00000096-b-1#8266,,,p.Tyr125Gly,0.299802081786743,0.168369587077301,8
urn:mavedb:00000096-b-1#8267,,,p.Tyr125His,0.78327516850033,0.34090740048919,4
urn:mavedb:00000096-b-1#8268,,,p.Tyr125Ile,0.824878224684266,0.184853802024153,4
urn:mavedb:00000096-b-1#8269,,,p.Tyr125Leu,0.7329106740011759,0.277100165178943,12
urn:mavedb:00000096-b-1#8270,,,p.Tyr125Lys,0.0680484920608899,0.21606880658138,4
urn:mavedb:00000096-b-1#8271,,,p.Tyr125Met,0.5616944813969,0.7312661772223309,4
urn:mavedb:00000096-b-1#8272,,,p.Tyr125Phe,1.17452125762541,0.4786490528416289,4
urn:mavedb:00000096-b-1#8273,,,p.Tyr125Pro,0.337869612684078,0.695162415018707,8
urn:mavedb:00000096-b-1#8274,,,p.Tyr125Ser,0.840145867243618,0.337433676266182,12
urn:mavedb:00000096-b-1#8275,,,p.Tyr125Thr,0.252191185530303,0.400913768303656,8
urn:mavedb:00000096-b-1#8276,,,p.Tyr125Trp,0.7759842205119408,0.3816997000277929,4
urn:mavedb:00000096-b-1#8277,,,p.Tyr125Val,0.8647376616454371,0.183759697254037,8
urn:mavedb:00000096-b-1#8278,,,p.Tyr214=,0.7437360073575521,0.339936793764481,4
urn:mavedb:00000096-b-1#8279,,,p.Tyr214Ala,1.28757669751879,0.163883244096548,8
urn:mavedb:00000096-b-1#8280,,,p.Tyr214Arg,0.840529360341119,0.281226721704919,12
urn:mavedb:00000096-b-1#8281,,,p.Tyr214Asn,0.47040355177051,0.425990264204789,4
urn:mavedb:00000096-b-1#8282,,,p.Tyr214Asp,0.4284043799250889,0.124219602736697,4
urn:mavedb:00000096-b-1#8283,,,p.Tyr214Cys,0.8576558192065491,0.3993118897231379,8
urn:mavedb:00000096-b-1#8284,,,p.Tyr214Gln,0.150730791612878,0.3519930726495179,4
urn:mavedb:00000096-b-1#8285,,,p.Tyr214Glu,0.5291415653315189,0.095703293830318,4
urn:mavedb:00000096-b-1#8286,,,p.Tyr214Gly,1.02049172534864,0.0719904016343775,8
urn:mavedb:00000096-b-1#8287,,,p.Tyr214His,1.07871388888302,0.184135773419376,8
urn:mavedb:00000096-b-1#8288,,,p.Tyr214Ile,0.876450087509443,0.59631396168912,4
urn:mavedb:00000096-b-1#8289,,,p.Tyr214Leu,0.911214599148802,0.3468648629507569,12
urn:mavedb:00000096-b-1#8290,,,p.Tyr214Lys,0.814164324559703,0.2116936153104239,4
urn:mavedb:00000096-b-1#8291,,,p.Tyr214Met,0.9420915932299888,0.220265121410877,4
urn:mavedb:00000096-b-1#8292,,,p.Tyr214Phe,0.5730198954734389,0.148434351291552,4
urn:mavedb:00000096-b-1#8293,,,p.Tyr214Pro,0.762120162198775,0.353166240803556,8
urn:mavedb:00000096-b-1#8294,,,p.Tyr214Ser,0.84452757674581,0.256638288626855,12
urn:mavedb:00000096-b-1#8295,,,p.Tyr214Thr,0.6167847889576861,0.2477715458134,8
urn:mavedb:00000096-b-1#8296,,,p.Tyr214Trp,1.00631136199874,0.103112483821835,4
urn:mavedb:00000096-b-1#8297,,,p.Tyr214Val,0.7686623001971249,0.2022663579565089,8
urn:mavedb:00000096-b-1#8298,,,p.Tyr215=,0.91096206987825,0.5934290502088679,4
urn:mavedb:00000096-b-1#8299,,,p.Tyr215Ala,0.600473900087292,0.2003336500209419,8
urn:mavedb:00000096-b-1#8300,,,p.Tyr215Arg,0.643916975403726,0.253782310736825,12
urn:mavedb:00000096-b-1#8301,,,p.Tyr215Asn,0.5865857854815071,0.3921858230151289,4
urn:mavedb:00000096-b-1#8302,,,p.Tyr215Asp,0.9475888190511088,0.5026860442821239,8
urn:mavedb:00000096-b-1#8303,,,p.Tyr215Cys,0.9112458657166708,0.168941166555252,8
urn:mavedb:00000096-b-1#8304,,,p.Tyr215Gln,0.221055658230528,0.187609947348368,4
urn:mavedb:00000096-b-1#8305,,,p.Tyr215Glu,0.6674077076043149,0.480788911656314,4
urn:mavedb:00000096-b-1#8306,,,p.Tyr215Gly,0.834266701820675,0.0866293322851894,8
urn:mavedb:00000096-b-1#8307,,,p.Tyr215His,0.523382528943164,0.470112405124574,8
urn:mavedb:00000096-b-1#8308,,,p.Tyr215Ile,0.690069456265489,0.4098379763291689,4
urn:mavedb:00000096-b-1#8309,,,p.Tyr215Leu,0.7896492050803771,0.307029571446486,12
urn:mavedb:00000096-b-1#8310,,,p.Tyr215Lys,0.255920236757198,0.464884846712005,4
urn:mavedb:00000096-b-1#8311,,,p.Tyr215Met,0.919253064163987,0.0600707025636332,4
urn:mavedb:00000096-b-1#8312,,,p.Tyr215Phe,0.815075296224738,0.768288833719516,4
urn:mavedb:00000096-b-1#8313,,,p.Tyr215Pro,0.91661851492001,0.2191118139520119,8
urn:mavedb:00000096-b-1#8314,,,p.Tyr215Ser,0.922371232790304,0.380779135807586,12
urn:mavedb:00000096-b-1#8315,,,p.Tyr215Thr,0.716128962303488,0.2140674541849589,8
urn:mavedb:00000096-b-1#8316,,,p.Tyr215Trp,0.8860157613179879,0.0500894951496617,4
urn:mavedb:00000096-b-1#8317,,,p.Tyr215Val,0.913734736156012,0.0932064862381871,8
urn:mavedb:00000096-b-1#8318,,,p.Tyr234=,0.983824051101415,0.2280460334536559,4
urn:mavedb:00000096-b-1#8319,,,p.Tyr234Ala,-0.3753569315632439,0.321146069095481,4
urn:mavedb:00000096-b-1#8320,,,p.Tyr234Arg,0.32517914683551,0.2330487131949189,12
urn:mavedb:00000096-b-1#8321,,,p.Tyr234Asn,0.337677073990743,0.341217033408557,4
urn:mavedb:00000096-b-1#8322,,,p.Tyr234Asp,0.146832940630637,0.367346366820372,4
urn:mavedb:00000096-b-1#8323,,,p.Tyr234Cys,0.9171915984969508,0.1966969237084489,8
urn:mavedb:00000096-b-1#8324,,,p.Tyr234Glu,0.764644396634411,0.6846643673401511,4
urn:mavedb:00000096-b-1#8325,,,p.Tyr234Gly,0.26516648119432,0.314018385117728,8
urn:mavedb:00000096-b-1#8326,,,p.Tyr234His,0.891036810669016,0.497770762520877,4
urn:mavedb:00000096-b-1#8327,,,p.Tyr234Ile,-0.137460369145575,0.243907281430667,4
urn:mavedb:00000096-b-1#8328,,,p.Tyr234Leu,0.165389255007077,0.4576496825060879,12
urn:mavedb:00000096-b-1#8329,,,p.Tyr234Lys,-0.145570550657609,0.309400451677662,4
urn:mavedb:00000096-b-1#8330,,,p.Tyr234Met,0.312770437093227,0.520220653825919,4
urn:mavedb:00000096-b-1#8331,,,p.Tyr234Phe,1.0408822385469398,0.5708022367403079,4
urn:mavedb:00000096-b-1#8332,,,p.Tyr234Pro,0.1800145742591139,0.269703275401941,4
urn:mavedb:00000096-b-1#8333,,,p.Tyr234Ser,0.409617617522745,0.1950339822416689,12
urn:mavedb:00000096-b-1#8334,,,p.Tyr234Thr,0.575194410598231,0.302920651986087,8
urn:mavedb:00000096-b-1#8335,,,p.Tyr234Trp,0.231300482288845,0.109191472231865,4
urn:mavedb:00000096-b-1#8336,,,p.Tyr234Val,0.2330958001208579,0.4106815664655349,8
urn:mavedb:00000096-b-1#8337,,,p.Tyr273=,1.00259936695889,0.302650017130989,4
urn:mavedb:00000096-b-1#8338,,,p.Tyr273Ala,0.648530450223631,0.345621591865664,8
urn:mavedb:00000096-b-1#8339,,,p.Tyr273Arg,-0.0341376821288745,0.338381969760359,8
urn:mavedb:00000096-b-1#8340,,,p.Tyr273Asn,0.13754076792516,0.1774569927857539,4
urn:mavedb:00000096-b-1#8341,,,p.Tyr273Asp,0.182155331764353,0.245244540856265,4
urn:mavedb:00000096-b-1#8342,,,p.Tyr273Cys,0.6293559333671861,0.387429521657752,8
urn:mavedb:00000096-b-1#8343,,,p.Tyr273Gln,0.4519567279187,0.538050257258154,4
urn:mavedb:00000096-b-1#8344,,,p.Tyr273Glu,1.15730129641233,0.378181694481491,4
urn:mavedb:00000096-b-1#8345,,,p.Tyr273Gly,0.368518425340288,0.0956626538502618,8
urn:mavedb:00000096-b-1#8346,,,p.Tyr273His,0.6609065296858959,0.38962087401036,4
urn:mavedb:00000096-b-1#8347,,,p.Tyr273Ile,0.493032996733426,0.114241757107988,4
urn:mavedb:00000096-b-1#8348,,,p.Tyr273Leu,0.63682069593014,0.219038543475053,12
urn:mavedb:00000096-b-1#8349,,,p.Tyr273Lys,0.0537779075234914,0.46976144511593,4
urn:mavedb:00000096-b-1#8350,,,p.Tyr273Met,0.8580761905006858,0.1061189750755799,4
urn:mavedb:00000096-b-1#8351,,,p.Tyr273Phe,0.883604179828362,0.17253554548733,4
urn:mavedb:00000096-b-1#8352,,,p.Tyr273Pro,1.0138855298192702,0.208951179437209,8
urn:mavedb:00000096-b-1#8353,,,p.Tyr273Ser,0.6606344407277679,0.279996469587506,12
urn:mavedb:00000096-b-1#8354,,,p.Tyr273Thr,0.52612650167418,0.159338973038516,8
urn:mavedb:00000096-b-1#8355,,,p.Tyr273Trp,0.993199170660288,0.0672561836215442,4
urn:mavedb:00000096-b-1#8356,,,p.Tyr273Val,1.03436324075427,0.149316178010664,8
urn:mavedb:00000096-b-1#8357,,,p.Tyr289=,1.02172478667071,0.219893723343817,4
urn:mavedb:00000096-b-1#8358,,,p.Tyr289Ala,0.261533885747018,0.499691346096507,8
urn:mavedb:00000096-b-1#8359,,,p.Tyr289Arg,0.0138627141099043,0.649352010219225,12
urn:mavedb:00000096-b-1#8360,,,p.Tyr289Asp,0.0007902208851876,0.43684554626914,4
urn:mavedb:00000096-b-1#8361,,,p.Tyr289Cys,0.772614235369499,0.404966692092269,8
urn:mavedb:00000096-b-1#8362,,,p.Tyr289Gln,0.7661626238401501,0.4660543871259771,4
urn:mavedb:00000096-b-1#8363,,,p.Tyr289Glu,-0.175762154946393,0.265061300151403,4
urn:mavedb:00000096-b-1#8364,,,p.Tyr289Gly,0.8435372237923309,0.0735081011232743,8
urn:mavedb:00000096-b-1#8365,,,p.Tyr289His,0.7048421825993789,0.643176702323334,8
urn:mavedb:00000096-b-1#8366,,,p.Tyr289Ile,0.393139587524557,0.331623144805075,4
urn:mavedb:00000096-b-1#8367,,,p.Tyr289Leu,0.854491152494404,0.1705938000471689,12
urn:mavedb:00000096-b-1#8368,,,p.Tyr289Lys,0.612351395536989,0.5219682315926721,4
urn:mavedb:00000096-b-1#8369,,,p.Tyr289Met,0.7531885945172891,0.308499405780286,4
urn:mavedb:00000096-b-1#8370,,,p.Tyr289Phe,0.914287659900935,0.0942698296895945,4
urn:mavedb:00000096-b-1#8371,,,p.Tyr289Pro,0.3916970107833989,0.519106611112402,8
urn:mavedb:00000096-b-1#8372,,,p.Tyr289Ser,0.335379180500077,0.178272641216791,12
urn:mavedb:00000096-b-1#8373,,,p.Tyr289Ter,0.354479035696507,0.522578077282114,4
urn:mavedb:00000096-b-1#8374,,,p.Tyr289Trp,0.992100444448329,0.0706049593945993,4
urn:mavedb:00000096-b-1#8375,,,p.Tyr289Val,0.0613711444599052,0.238989524896203,8
urn:mavedb:00000096-b-1#8376,,,p.Tyr297=,1.15075627073328,0.080293717002004,4
urn:mavedb:00000096-b-1#8377,,,p.Tyr297Ala,0.86128070234867,0.0827739827718259,8
urn:mavedb:00000096-b-1#8378,,,p.Tyr297Arg,0.4488844879043429,0.164382130135029,12
urn:mavedb:00000096-b-1#8379,,,p.Tyr297Asn,0.660599929908346,0.0728116046442625,4
urn:mavedb:00000096-b-1#8380,,,p.Tyr297Asp,0.5277071938800519,0.0830435894679291,4
urn:mavedb:00000096-b-1#8381,,,p.Tyr297Cys,0.845411634986895,0.189276999984316,8
urn:mavedb:00000096-b-1#8382,,,p.Tyr297Gln,0.6419874777869,0.138624082110039,4
urn:mavedb:00000096-b-1#8383,,,p.Tyr297Glu,0.9823186559223828,0.0469927403924568,4
urn:mavedb:00000096-b-1#8384,,,p.Tyr297Gly,0.6389202452697571,0.0670451424541212,8
urn:mavedb:00000096-b-1#8385,,,p.Tyr297His,0.8215130026896059,0.4397961940234849,8
urn:mavedb:00000096-b-1#8386,,,p.Tyr297Ile,0.156061726154927,0.223308055119786,4
urn:mavedb:00000096-b-1#8387,,,p.Tyr297Leu,0.741188420896188,0.210621408346141,12
urn:mavedb:00000096-b-1#8388,,,p.Tyr297Lys,0.978992364608571,0.100234662693767,4
urn:mavedb:00000096-b-1#8389,,,p.Tyr297Met,1.08266669510685,0.2818496819205739,4
urn:mavedb:00000096-b-1#8390,,,p.Tyr297Phe,0.947336384508917,0.130343232746198,4
urn:mavedb:00000096-b-1#8391,,,p.Tyr297Pro,0.530020967986776,0.387487041638974,8
urn:mavedb:00000096-b-1#8392,,,p.Tyr297Ser,0.826983630196329,0.0994108027247551,12
urn:mavedb:00000096-b-1#8393,,,p.Tyr297Ter,0.32372529436996,0.2816374661144299,4
urn:mavedb:00000096-b-1#8394,,,p.Tyr297Thr,0.7400379094394709,0.193692267688507,8
urn:mavedb:00000096-b-1#8395,,,p.Tyr297Trp,1.24599134760672,0.0457420080410404,4
urn:mavedb:00000096-b-1#8396,,,p.Tyr297Val,0.9589358328030742,0.1242921223387219,8
urn:mavedb:00000096-b-1#8397,,,p.Tyr349Ala,0.8401559636780821,0.210059087728932,8
urn:mavedb:00000096-b-1#8398,,,p.Tyr349Arg,0.7072712646088871,0.246351378232961,8
urn:mavedb:00000096-b-1#8399,,,p.Tyr349Asn,0.759889666581851,0.1613788192079669,4
urn:mavedb:00000096-b-1#8400,,,p.Tyr349Asp,1.19814070057584,0.0675534598658559,4
urn:mavedb:00000096-b-1#8401,,,p.Tyr349Cys,0.935113469715035,0.0854541049632764,4
urn:mavedb:00000096-b-1#8402,,,p.Tyr349Gln,0.930671546849984,0.339896229635003,4
urn:mavedb:00000096-b-1#8403,,,p.Tyr349Glu,0.978546664529926,0.0964132224870397,4
urn:mavedb:00000096-b-1#8404,,,p.Tyr349Gly,0.8697183848355671,0.0966885562095364,8
urn:mavedb:00000096-b-1#8405,,,p.Tyr349His,1.12281320817607,0.1035633739226409,4
urn:mavedb:00000096-b-1#8406,,,p.Tyr349Ile,0.7615419173310941,0.0808290397185975,4
urn:mavedb:00000096-b-1#8407,,,p.Tyr349Leu,0.849959581133548,0.1509536035602399,12
urn:mavedb:00000096-b-1#8408,,,p.Tyr349Lys,0.751984404314895,0.0645587988948146,4
urn:mavedb:00000096-b-1#8409,,,p.Tyr349Met,1.20689646961565,0.0399871642776044,4
urn:mavedb:00000096-b-1#8410,,,p.Tyr349Phe,0.970657706266764,0.173358004465769,4
urn:mavedb:00000096-b-1#8411,,,p.Tyr349Pro,0.815750134392268,0.172552358538896,8
urn:mavedb:00000096-b-1#8412,,,p.Tyr349Ser,0.9596694525717578,0.158083276771822,12
urn:mavedb:00000096-b-1#8413,,,p.Tyr349Ter,0.333143877143112,0.0909700817253903,4
urn:mavedb:00000096-b-1#8414,,,p.Tyr349Thr,0.839622705710405,0.0480984216600469,4
urn:mavedb:00000096-b-1#8415,,,p.Tyr349Trp,0.8576904558260341,0.0561289680725291,4
urn:mavedb:00000096-b-1#8416,,,p.Tyr349Val,1.04009639977766,0.060246410689891,4
urn:mavedb:00000096-b-1#8417,,,p.Tyr413=,0.929441520319612,0.107845206380438,4
urn:mavedb:00000096-b-1#8418,,,p.Tyr413Ala,0.593741228361657,0.16175056507427,8
urn:mavedb:00000096-b-1#8419,,,p.Tyr413Arg,0.25994636584592,0.180966083696975,12
urn:mavedb:00000096-b-1#8420,,,p.Tyr413Asn,0.471733004908142,0.508127728699484,4
urn:mavedb:00000096-b-1#8421,,,p.Tyr413Asp,0.2112114716901139,0.0740871887876166,4
urn:mavedb:00000096-b-1#8422,,,p.Tyr413Cys,0.304562143703572,0.08993724201001,4
urn:mavedb:00000096-b-1#8423,,,p.Tyr413Gln,-0.0195542689831444,0.1195392791167869,4
urn:mavedb:00000096-b-1#8424,,,p.Tyr413Glu,0.300298228329674,0.2572678345656219,4
urn:mavedb:00000096-b-1#8425,,,p.Tyr413Gly,0.165294798836805,0.195720696069552,8
urn:mavedb:00000096-b-1#8426,,,p.Tyr413His,0.3329874892449539,0.531798121350728,4
urn:mavedb:00000096-b-1#8427,,,p.Tyr413Ile,0.924742061815486,0.0435998224606338,4
urn:mavedb:00000096-b-1#8428,,,p.Tyr413Leu,0.5785165131043829,0.157528011533859,8
urn:mavedb:00000096-b-1#8429,,,p.Tyr413Lys,0.114904312052432,0.218179976999925,4
urn:mavedb:00000096-b-1#8430,,,p.Tyr413Met,0.844643253948993,0.0524279877350793,4
urn:mavedb:00000096-b-1#8431,,,p.Tyr413Phe,0.6627387887212249,0.0813534573292263,4
urn:mavedb:00000096-b-1#8432,,,p.Tyr413Pro,0.258113337573771,0.386984808579155,8
urn:mavedb:00000096-b-1#8433,,,p.Tyr413Ser,0.144547823195968,0.217273299813982,12
urn:mavedb:00000096-b-1#8434,,,p.Tyr413Ter,0.0181529038724929,0.2224901468495539,4
urn:mavedb:00000096-b-1#8435,,,p.Tyr413Thr,0.483290289301037,0.5834912820843211,8
urn:mavedb:00000096-b-1#8436,,,p.Tyr413Trp,0.781470059141976,0.1089686592059819,4
urn:mavedb:00000096-b-1#8437,,,p.Tyr413Val,0.7500487106783391,0.116946698772069,8
urn:mavedb:00000096-b-1#8438,,,p.Tyr61=,1.14089674050295,0.227076909512338,4
urn:mavedb:00000096-b-1#8439,,,p.Tyr61Ala,0.667828978755498,0.384828952159032,8
urn:mavedb:00000096-b-1#8440,,,p.Tyr61Arg,0.6130173969381989,0.265319367470224,12
urn:mavedb:00000096-b-1#8441,,,p.Tyr61Asn,0.549953356980349,0.14466555763284,4
urn:mavedb:00000096-b-1#8442,,,p.Tyr61Asp,0.966761640417294,0.123423523372002,4
urn:mavedb:00000096-b-1#8443,,,p.Tyr61Cys,0.9552152695443727,0.6254996559159549,8
urn:mavedb:00000096-b-1#8444,,,p.Tyr61Gln,0.84015519009003,0.181485339025556,4
urn:mavedb:00000096-b-1#8445,,,p.Tyr61Glu,0.788892958351105,0.145187925930106,4
urn:mavedb:00000096-b-1#8446,,,p.Tyr61Gly,0.903694977028979,0.451637825186827,12
urn:mavedb:00000096-b-1#8447,,,p.Tyr61His,0.749545621942475,0.0898151109414269,4
urn:mavedb:00000096-b-1#8448,,,p.Tyr61Ile,0.9895109539057192,0.0548713449120679,4
urn:mavedb:00000096-b-1#8449,,,p.Tyr61Leu,0.9394988231050592,0.1902051777428789,12
urn:mavedb:00000096-b-1#8450,,,p.Tyr61Lys,0.5517701735670071,0.663260126383819,4
urn:mavedb:00000096-b-1#8451,,,p.Tyr61Met,0.4980604407734509,0.0972138665656654,4
urn:mavedb:00000096-b-1#8452,,,p.Tyr61Phe,1.11905025815461,0.314204466897612,8
urn:mavedb:00000096-b-1#8453,,,p.Tyr61Pro,0.745021420251486,0.295352704976914,8
urn:mavedb:00000096-b-1#8454,,,p.Tyr61Ser,0.979731348680814,0.242017772811826,12
urn:mavedb:00000096-b-1#8455,,,p.Tyr61Ter,0.2052994852449829,0.198549142455701,4
urn:mavedb:00000096-b-1#8456,,,p.Tyr61Thr,0.3725059084723749,0.299556119934298,8
urn:mavedb:00000096-b-1#8457,,,p.Tyr61Trp,0.942561872100889,0.0477681621090878,4
urn:mavedb:00000096-b-1#8458,,,p.Tyr61Val,0.627419835713879,0.1830276362497339,8
urn:mavedb:00000096-b-1#8459,,,p.Val101=,0.923474467096068,0.0742678598821244,4
urn:mavedb:00000096-b-1#8460,,,p.Val101Ala,0.5765209643923621,0.2492409169521509,8
urn:mavedb:00000096-b-1#8461,,,p.Val101Arg,0.722663340560568,0.32211693103632,12
urn:mavedb:00000096-b-1#8462,,,p.Val101Asn,0.4480069169392771,0.0962468634751354,4
urn:mavedb:00000096-b-1#8463,,,p.Val101Asp,0.882674390523314,0.289810287591341,4
urn:mavedb:00000096-b-1#8464,,,p.Val101Cys,0.7872532662914421,0.0695344216127635,4
urn:mavedb:00000096-b-1#8465,,,p.Val101Gln,0.7705275742809251,0.151182469565688,4
urn:mavedb:00000096-b-1#8466,,,p.Val101Glu,1.04484028621619,0.182366645421977,4
urn:mavedb:00000096-b-1#8467,,,p.Val101Gly,0.69368133774256,0.11723478600661,8
urn:mavedb:00000096-b-1#8468,,,p.Val101His,0.882880249875468,0.0801406270797902,4
urn:mavedb:00000096-b-1#8469,,,p.Val101Ile,1.13785877224322,0.0798353595549421,4
urn:mavedb:00000096-b-1#8470,,,p.Val101Leu,1.2381049394118602,0.0707387635835542,12
urn:mavedb:00000096-b-1#8471,,,p.Val101Lys,0.8818339970161121,0.571451291319915,4
urn:mavedb:00000096-b-1#8472,,,p.Val101Met,0.7877039976730591,0.0923856998147274,4
urn:mavedb:00000096-b-1#8473,,,p.Val101Phe,0.6927837396582751,0.0987911139402575,4
urn:mavedb:00000096-b-1#8474,,,p.Val101Pro,0.553456172242324,0.179337113640986,4
urn:mavedb:00000096-b-1#8475,,,p.Val101Ser,0.4983974608497429,0.276454904013229,12
urn:mavedb:00000096-b-1#8476,,,p.Val101Ter,0.0134018813945935,0.159272892167436,4
urn:mavedb:00000096-b-1#8477,,,p.Val101Thr,0.757613559854542,0.187647625339201,8
urn:mavedb:00000096-b-1#8478,,,p.Val101Trp,0.8162634668579841,0.565297334373567,4
urn:mavedb:00000096-b-1#8479,,,p.Val101Tyr,0.588572633161941,0.0784151008231587,4
urn:mavedb:00000096-b-1#8480,,,p.Val154=,1.04992220795527,0.0758410185221297,4
urn:mavedb:00000096-b-1#8481,,,p.Val154Ala,0.934224474229526,0.115178326344624,4
urn:mavedb:00000096-b-1#8482,,,p.Val154Arg,0.839052137250379,0.2085734052945169,8
urn:mavedb:00000096-b-1#8483,,,p.Val154Asn,0.7071489727757059,0.1614149738971839,4
urn:mavedb:00000096-b-1#8484,,,p.Val154Asp,0.636275034982767,0.6756944174850109,4
urn:mavedb:00000096-b-1#8485,,,p.Val154Cys,1.02445402627479,0.142204402499417,4
urn:mavedb:00000096-b-1#8486,,,p.Val154Gln,0.6912374208958499,0.0675335718262504,4
urn:mavedb:00000096-b-1#8487,,,p.Val154Glu,1.14750837454745,0.0851893668728854,4
urn:mavedb:00000096-b-1#8488,,,p.Val154Gly,0.285729693979032,0.8589022690296291,4
urn:mavedb:00000096-b-1#8489,,,p.Val154His,0.841905322692277,0.4855744480630589,4
urn:mavedb:00000096-b-1#8490,,,p.Val154Ile,0.869887455358413,0.1753961169382639,4
urn:mavedb:00000096-b-1#8491,,,p.Val154Leu,0.8717993289739341,0.120280288076008,12
urn:mavedb:00000096-b-1#8492,,,p.Val154Lys,1.12401275904946,0.0633698853270615,4
urn:mavedb:00000096-b-1#8493,,,p.Val154Met,1.00554516696507,0.254233658010693,4
urn:mavedb:00000096-b-1#8494,,,p.Val154Phe,0.804067526199496,0.5775868684685319,4
urn:mavedb:00000096-b-1#8495,,,p.Val154Ser,1.08550137111986,0.1689948558208309,12
urn:mavedb:00000096-b-1#8496,,,p.Val154Ter,-0.2270414912933769,0.1125735873134569,4
urn:mavedb:00000096-b-1#8497,,,p.Val154Thr,1.07036867622905,0.211602622293391,8
urn:mavedb:00000096-b-1#8498,,,p.Val154Trp,0.937687356607204,0.266640778301318,4
urn:mavedb:00000096-b-1#8499,,,p.Val154Tyr,0.884307166290725,0.923205148198797,4
urn:mavedb:00000096-b-1#8500,,,p.Val16=,1.04153769391451,0.169476263379889,8
urn:mavedb:00000096-b-1#8501,,,p.Val16Ala,0.621093269783688,0.310070453170255,8
urn:mavedb:00000096-b-1#8502,,,p.Val16Arg,0.5955258386110159,0.3051522749380589,12
urn:mavedb:00000096-b-1#8503,,,p.Val16Asn,0.287034029789731,0.164140460892198,4
urn:mavedb:00000096-b-1#8504,,,p.Val16Asp,0.4289736660294079,0.112054343950535,4
urn:mavedb:00000096-b-1#8505,,,p.Val16Gln,0.464032766717644,0.152218453526393,4
urn:mavedb:00000096-b-1#8506,,,p.Val16Glu,1.08157698408628,0.0800384702340725,4
urn:mavedb:00000096-b-1#8507,,,p.Val16Gly,0.597628932013035,0.315664420665947,8
urn:mavedb:00000096-b-1#8508,,,p.Val16His,0.8319247386187371,0.2598577132817979,4
urn:mavedb:00000096-b-1#8509,,,p.Val16Ile,0.927869018382357,0.145912107344894,4
urn:mavedb:00000096-b-1#8510,,,p.Val16Leu,1.1680980081682,0.25743187135622,12
urn:mavedb:00000096-b-1#8511,,,p.Val16Lys,-0.0003922806053317,0.2379432153652219,4
urn:mavedb:00000096-b-1#8512,,,p.Val16Met,1.01484172865403,0.243225742826796,4
urn:mavedb:00000096-b-1#8513,,,p.Val16Phe,1.18769697074383,0.435975393170574,4
urn:mavedb:00000096-b-1#8514,,,p.Val16Pro,0.3963190798269739,0.29922678348823,8
urn:mavedb:00000096-b-1#8515,,,p.Val16Ser,1.0581265369487098,0.280913248423207,12
urn:mavedb:00000096-b-1#8516,,,p.Val16Ter,0.101950079282032,0.16056268693389,4
urn:mavedb:00000096-b-1#8517,,,p.Val16Thr,0.370187822501,0.369228688922531,8
urn:mavedb:00000096-b-1#8518,,,p.Val16Trp,1.2425861289274498,0.26432354239223,4
urn:mavedb:00000096-b-1#8519,,,p.Val16Tyr,0.7973123904943991,0.159342411427155,4
urn:mavedb:00000096-b-1#8520,,,p.Val181=,0.8978513605379109,0.242812542135793,8
urn:mavedb:00000096-b-1#8521,,,p.Val181Ala,0.93364481678288,0.418675322951452,8
urn:mavedb:00000096-b-1#8522,,,p.Val181Arg,0.652373648438777,0.285929008935773,12
urn:mavedb:00000096-b-1#8523,,,p.Val181Asn,0.789072151013,0.2304562865125689,4
urn:mavedb:00000096-b-1#8524,,,p.Val181Asp,0.947173833460058,0.295186838894772,4
urn:mavedb:00000096-b-1#8525,,,p.Val181Cys,0.8146482630194759,0.0793025537710318,4
urn:mavedb:00000096-b-1#8526,,,p.Val181Gln,0.365838634428738,0.165134190776522,4
urn:mavedb:00000096-b-1#8527,,,p.Val181Glu,0.698583681039849,0.0911210218999943,4
urn:mavedb:00000096-b-1#8528,,,p.Val181Gly,0.8160546711141109,0.1251230200754139,8
urn:mavedb:00000096-b-1#8529,,,p.Val181His,0.92351855482435,0.586595730022883,4
urn:mavedb:00000096-b-1#8530,,,p.Val181Ile,0.9737849079742807,0.226913429309818,4
urn:mavedb:00000096-b-1#8531,,,p.Val181Leu,0.940139857731872,0.199865175059721,12
urn:mavedb:00000096-b-1#8532,,,p.Val181Lys,0.630710226871822,0.317124021761507,4
urn:mavedb:00000096-b-1#8533,,,p.Val181Met,0.725803621429698,0.226600215688654,4
urn:mavedb:00000096-b-1#8534,,,p.Val181Phe,0.926515179793728,0.0976058854422481,4
urn:mavedb:00000096-b-1#8535,,,p.Val181Pro,0.633351482362237,0.0942069121058705,4
urn:mavedb:00000096-b-1#8536,,,p.Val181Ser,0.940199323782826,0.161641782102418,12
urn:mavedb:00000096-b-1#8537,,,p.Val181Ter,0.069387118728048,0.5069098302246071,4
urn:mavedb:00000096-b-1#8538,,,p.Val181Thr,0.7289475253861151,0.2284132574858469,8
urn:mavedb:00000096-b-1#8539,,,p.Val181Trp,1.14404594439159,0.073889070920184,4
urn:mavedb:00000096-b-1#8540,,,p.Val181Tyr,0.883054083218688,0.0846834480178865,4
urn:mavedb:00000096-b-1#8541,,,p.Val182=,1.01183477330887,0.178514545944876,8
urn:mavedb:00000096-b-1#8542,,,p.Val182Ala,1.29001811645777,0.2084727810264019,8
urn:mavedb:00000096-b-1#8543,,,p.Val182Arg,1.1056094451922902,0.225116948073067,12
urn:mavedb:00000096-b-1#8544,,,p.Val182Asn,0.462377374856404,0.159633541482213,4
urn:mavedb:00000096-b-1#8545,,,p.Val182Asp,1.19080124629577,0.572210982184884,4
urn:mavedb:00000096-b-1#8546,,,p.Val182Cys,1.27827585177128,0.0398047022874474,4
urn:mavedb:00000096-b-1#8547,,,p.Val182Gln,0.625499333692653,0.3816315927550471,4
urn:mavedb:00000096-b-1#8548,,,p.Val182Glu,1.02389053073622,0.0612652740658691,4
urn:mavedb:00000096-b-1#8549,,,p.Val182Gly,0.7810563730722021,0.239041935735773,8
urn:mavedb:00000096-b-1#8550,,,p.Val182His,1.04047057836291,0.632299980905238,4
urn:mavedb:00000096-b-1#8551,,,p.Val182Ile,1.2254865598425,0.326940464022937,4
urn:mavedb:00000096-b-1#8552,,,p.Val182Leu,0.837271493946889,0.20049499418207,12
urn:mavedb:00000096-b-1#8553,,,p.Val182Lys,0.515915231366513,0.452453078824443,4
urn:mavedb:00000096-b-1#8554,,,p.Val182Met,0.677820282946536,0.1092302156632869,4
urn:mavedb:00000096-b-1#8555,,,p.Val182Phe,1.0229625189110898,0.0890442589187767,4
urn:mavedb:00000096-b-1#8556,,,p.Val182Pro,0.7961754393390029,0.190758507206458,8
urn:mavedb:00000096-b-1#8557,,,p.Val182Ser,0.6084760542009781,0.502642949487992,8
urn:mavedb:00000096-b-1#8558,,,p.Val182Ter,0.358710874891087,0.457539823369721,4
urn:mavedb:00000096-b-1#8559,,,p.Val182Thr,0.8463040690374158,0.2105169077766019,8
urn:mavedb:00000096-b-1#8560,,,p.Val182Trp,0.8597812087502231,0.129175384291585,4
urn:mavedb:00000096-b-1#8561,,,p.Val182Tyr,0.7659191860671071,0.0761018854128288,4
urn:mavedb:00000096-b-1#8562,,,p.Val199=,1.12422946952497,0.322974560897451,8
urn:mavedb:00000096-b-1#8563,,,p.Val199Ala,0.988746706135686,0.147338955629445,8
urn:mavedb:00000096-b-1#8564,,,p.Val199Arg,0.7905044462644001,0.190577028992407,12
urn:mavedb:00000096-b-1#8565,,,p.Val199Asn,0.8186731694888729,0.0780297121547067,4
urn:mavedb:00000096-b-1#8566,,,p.Val199Asp,1.0250322778019,0.432923109257467,4
urn:mavedb:00000096-b-1#8567,,,p.Val199Cys,1.10632090034633,0.0870853408883394,4
urn:mavedb:00000096-b-1#8568,,,p.Val199Gln,1.14309028320283,0.164928446057722,4
urn:mavedb:00000096-b-1#8569,,,p.Val199Glu,1.08017494535848,0.0448941322806663,4
urn:mavedb:00000096-b-1#8570,,,p.Val199Gly,0.845812413178712,0.12033689143701,8
urn:mavedb:00000096-b-1#8571,,,p.Val199His,0.901243805714426,0.0904853177398917,4
urn:mavedb:00000096-b-1#8572,,,p.Val199Ile,0.706705327128434,0.378511594697236,4
urn:mavedb:00000096-b-1#8573,,,p.Val199Leu,0.940689425931795,0.2498524538843239,12
urn:mavedb:00000096-b-1#8574,,,p.Val199Lys,0.7311609936161079,0.0823272045036897,4
urn:mavedb:00000096-b-1#8575,,,p.Val199Met,0.976937744830872,0.566365960277515,4
urn:mavedb:00000096-b-1#8576,,,p.Val199Phe,0.6731442945669749,0.191757876703295,4
urn:mavedb:00000096-b-1#8577,,,p.Val199Pro,0.9189163137781658,0.0693927442468836,4
urn:mavedb:00000096-b-1#8578,,,p.Val199Ser,1.0702954246258298,0.1434248090517,12
urn:mavedb:00000096-b-1#8579,,,p.Val199Ter,-0.162991097601048,0.3731410957082229,4
urn:mavedb:00000096-b-1#8580,,,p.Val199Thr,1.15831909720379,0.231839816780182,8
urn:mavedb:00000096-b-1#8581,,,p.Val199Trp,0.856143010981275,0.140510952731229,4
urn:mavedb:00000096-b-1#8582,,,p.Val199Tyr,0.8778875581803008,0.4030527573481989,4
urn:mavedb:00000096-b-1#8583,,,p.Val200=,0.941160929875659,0.4830241618803879,8
urn:mavedb:00000096-b-1#8584,,,p.Val200Ala,0.818701365981217,0.189888614308315,8
urn:mavedb:00000096-b-1#8585,,,p.Val200Arg,0.764606522933422,0.170020351948948,12
urn:mavedb:00000096-b-1#8586,,,p.Val200Asn,0.653555821129136,0.0891571232716809,4
urn:mavedb:00000096-b-1#8587,,,p.Val200Asp,0.8628082970360279,0.682648810047712,4
urn:mavedb:00000096-b-1#8588,,,p.Val200Cys,0.8361827420563009,0.580169344902004,4
urn:mavedb:00000096-b-1#8589,,,p.Val200Gln,0.6960959887189251,0.463603753711259,4
urn:mavedb:00000096-b-1#8590,,,p.Val200Glu,0.679553523061011,0.0683347542908211,4
urn:mavedb:00000096-b-1#8591,,,p.Val200Gly,0.9128680024139272,0.100461480862668,8
urn:mavedb:00000096-b-1#8592,,,p.Val200His,0.8054546017115308,0.081652457090263,4
urn:mavedb:00000096-b-1#8593,,,p.Val200Ile,0.922247286999418,0.3524949102391699,4
urn:mavedb:00000096-b-1#8594,,,p.Val200Leu,0.826074426885256,0.282691988244084,12
urn:mavedb:00000096-b-1#8595,,,p.Val200Lys,0.986028980485971,0.0591881277008684,4
urn:mavedb:00000096-b-1#8596,,,p.Val200Met,0.8572227887350509,0.2797722276670289,4
urn:mavedb:00000096-b-1#8597,,,p.Val200Phe,0.979468844193644,0.1627924066969759,4
urn:mavedb:00000096-b-1#8598,,,p.Val200Pro,0.5997425029538511,0.1232346194117819,8
urn:mavedb:00000096-b-1#8599,,,p.Val200Ser,0.488019357136903,0.2587212067301089,8
urn:mavedb:00000096-b-1#8600,,,p.Val200Ter,-0.390808600887761,0.3282210951931439,4
urn:mavedb:00000096-b-1#8601,,,p.Val200Thr,0.996778198568984,0.566441331416499,8
urn:mavedb:00000096-b-1#8602,,,p.Val200Trp,1.0484229610631,0.128244133159678,4
urn:mavedb:00000096-b-1#8603,,,p.Val200Tyr,0.9929580152019252,0.297665943818433,4
urn:mavedb:00000096-b-1#8604,,,p.Val203=,1.06655376016275,0.21912756064295,8
urn:mavedb:00000096-b-1#8605,,,p.Val203Ala,0.6888765799026121,0.245804996656094,8
urn:mavedb:00000096-b-1#8606,,,p.Val203Arg,0.668339010579469,0.131277457033331,12
urn:mavedb:00000096-b-1#8607,,,p.Val203Asn,0.779879458341905,0.0709674173249524,4
urn:mavedb:00000096-b-1#8608,,,p.Val203Asp,0.845807648369735,0.153979362741138,4
urn:mavedb:00000096-b-1#8609,,,p.Val203Cys,0.584923294038193,0.0718710360752848,4
urn:mavedb:00000096-b-1#8610,,,p.Val203Gln,1.00406928971149,0.0570549659013091,4
urn:mavedb:00000096-b-1#8611,,,p.Val203Glu,0.9944866001434268,0.0482982306586365,4
urn:mavedb:00000096-b-1#8612,,,p.Val203Gly,0.783689606090955,0.196709573475114,8
urn:mavedb:00000096-b-1#8613,,,p.Val203His,0.752631376999258,0.0904102487825114,4
urn:mavedb:00000096-b-1#8614,,,p.Val203Ile,0.930219445094756,0.151497345024153,4
urn:mavedb:00000096-b-1#8615,,,p.Val203Leu,0.665143217381005,0.171372868426965,12
urn:mavedb:00000096-b-1#8616,,,p.Val203Lys,0.97090457246242,0.0718310329398921,4
urn:mavedb:00000096-b-1#8617,,,p.Val203Met,0.3568353182755699,0.533312256256678,4
urn:mavedb:00000096-b-1#8618,,,p.Val203Phe,0.353372217426025,0.6561262193572629,4
urn:mavedb:00000096-b-1#8619,,,p.Val203Pro,0.842305051199758,0.239989106531008,8
urn:mavedb:00000096-b-1#8620,,,p.Val203Ser,0.8678798940355591,0.2179491162626039,12
urn:mavedb:00000096-b-1#8621,,,p.Val203Ter,-0.184164985510613,0.5783023131074201,4
urn:mavedb:00000096-b-1#8622,,,p.Val203Thr,0.9738891076576208,0.293030987905908,8
urn:mavedb:00000096-b-1#8623,,,p.Val203Trp,0.6193056480308089,0.3583094557058579,4
urn:mavedb:00000096-b-1#8624,,,p.Val203Tyr,0.774729797571601,0.0614479646454305,4
urn:mavedb:00000096-b-1#8625,,,p.Val207=,1.15305188410528,0.243865850602795,12
urn:mavedb:00000096-b-1#8626,,,p.Val207Ala,0.6658905778056831,0.302233986186642,8
urn:mavedb:00000096-b-1#8627,,,p.Val207Arg,0.145290301560987,0.275670416575806,12
urn:mavedb:00000096-b-1#8628,,,p.Val207Asn,0.8857936738770871,0.7630129784559441,4
urn:mavedb:00000096-b-1#8629,,,p.Val207Cys,0.772794328067083,0.133604486867188,4
urn:mavedb:00000096-b-1#8630,,,p.Val207Gln,1.10540190084198,0.549068363058579,4
urn:mavedb:00000096-b-1#8631,,,p.Val207Glu,0.360535168991549,0.505458673203681,4
urn:mavedb:00000096-b-1#8632,,,p.Val207Gly,0.1704515588814469,0.2799592955389899,8
urn:mavedb:00000096-b-1#8633,,,p.Val207His,0.289656036318606,0.473710063162822,4
urn:mavedb:00000096-b-1#8634,,,p.Val207Ile,0.984162502799161,0.1386136283285119,4
urn:mavedb:00000096-b-1#8635,,,p.Val207Leu,0.857039674249741,0.317817641250419,12
urn:mavedb:00000096-b-1#8636,,,p.Val207Lys,0.641954605026283,0.6009824709606221,4
urn:mavedb:00000096-b-1#8637,,,p.Val207Met,1.17521501489058,0.0435397910099064,4
urn:mavedb:00000096-b-1#8638,,,p.Val207Pro,0.8288801593024279,0.1516701660378509,8
urn:mavedb:00000096-b-1#8639,,,p.Val207Ser,0.587548251857797,0.24644076158035,12
urn:mavedb:00000096-b-1#8640,,,p.Val207Ter,-0.0339548886690492,0.407229754941858,4
urn:mavedb:00000096-b-1#8641,,,p.Val207Thr,0.8648212510891791,0.080260513421629,8
urn:mavedb:00000096-b-1#8642,,,p.Val207Trp,0.4073870092420029,0.1162034424516969,4
urn:mavedb:00000096-b-1#8643,,,p.Val207Tyr,0.270734423604874,0.1232368104576719,4
urn:mavedb:00000096-b-1#8644,,,p.Val222=,0.7329388436130799,0.752950564668223,4
urn:mavedb:00000096-b-1#8645,,,p.Val222Ala,0.6918183921089051,0.5385189542961011,8
urn:mavedb:00000096-b-1#8646,,,p.Val222Arg,-0.134007091959324,0.4381835098511529,8
urn:mavedb:00000096-b-1#8647,,,p.Val222Asn,-0.24003140644591,0.2372122391715269,4
urn:mavedb:00000096-b-1#8648,,,p.Val222Cys,0.6451717788297839,0.2321273611558099,4
urn:mavedb:00000096-b-1#8649,,,p.Val222Gln,0.323197378172905,0.503724689668787,4
urn:mavedb:00000096-b-1#8650,,,p.Val222Glu,0.268284734079653,0.1103755826758299,4
urn:mavedb:00000096-b-1#8651,,,p.Val222Gly,0.135268747627243,0.27208799062904,8
urn:mavedb:00000096-b-1#8652,,,p.Val222His,0.0822458859925923,0.2036830740352249,4
urn:mavedb:00000096-b-1#8653,,,p.Val222Ile,0.722675899719172,0.207205702967848,4
urn:mavedb:00000096-b-1#8654,,,p.Val222Leu,0.437828482614077,0.332185076463506,12
urn:mavedb:00000096-b-1#8655,,,p.Val222Lys,0.107326876364731,0.146013291143465,4
urn:mavedb:00000096-b-1#8656,,,p.Val222Met,0.750127739371697,0.0758590266114021,4
urn:mavedb:00000096-b-1#8657,,,p.Val222Pro,0.517709510872375,0.2820870928060269,8
urn:mavedb:00000096-b-1#8658,,,p.Val222Ser,0.0585173842846384,0.26360795360717,12
urn:mavedb:00000096-b-1#8659,,,p.Val222Ter,-0.271795869950145,0.5385547515256529,4
urn:mavedb:00000096-b-1#8660,,,p.Val222Thr,0.110944336318426,0.4568217755433971,8
urn:mavedb:00000096-b-1#8661,,,p.Val222Trp,-0.319266690704756,0.224289683177841,4
urn:mavedb:00000096-b-1#8662,,,p.Val222Tyr,0.0732203135040656,0.267249195638417,4
urn:mavedb:00000096-b-1#8663,,,p.Val226=,1.0500247756508398,0.321331975737406,4
urn:mavedb:00000096-b-1#8664,,,p.Val226Ala,0.272304371990396,0.7898504702215551,4
urn:mavedb:00000096-b-1#8665,,,p.Val226Arg,-0.161240113557106,0.591094353115755,12
urn:mavedb:00000096-b-1#8666,,,p.Val226Asn,0.2230736978586989,0.100776918000554,4
urn:mavedb:00000096-b-1#8667,,,p.Val226Asp,0.536156366433347,0.4415065738961999,4
urn:mavedb:00000096-b-1#8668,,,p.Val226Cys,0.702753874504534,0.0495246909322827,4
urn:mavedb:00000096-b-1#8669,,,p.Val226Gln,0.621528376263905,0.143341283678453,4
urn:mavedb:00000096-b-1#8670,,,p.Val226Glu,0.0157436858539613,0.2875502784509289,4
urn:mavedb:00000096-b-1#8671,,,p.Val226Gly,0.42154685170878,0.146252971623148,8
urn:mavedb:00000096-b-1#8672,,,p.Val226His,0.23752191888803,0.306122227000898,4
urn:mavedb:00000096-b-1#8673,,,p.Val226Ile,0.89864213037985,0.631729260604876,4
urn:mavedb:00000096-b-1#8674,,,p.Val226Leu,0.8447626497063091,0.1579879147079119,12
urn:mavedb:00000096-b-1#8675,,,p.Val226Lys,0.306226188758404,0.0953252427234951,4
urn:mavedb:00000096-b-1#8676,,,p.Val226Met,0.8500399870263431,0.6517597983332529,4
urn:mavedb:00000096-b-1#8677,,,p.Val226Phe,0.229955167904499,0.2829215713151369,4
urn:mavedb:00000096-b-1#8678,,,p.Val226Pro,0.411420821614938,0.413097152876026,8
urn:mavedb:00000096-b-1#8679,,,p.Val226Ser,0.46691397923274,0.171388930495518,12
urn:mavedb:00000096-b-1#8680,,,p.Val226Ter,0.0255624803544371,0.2062805603780239,4
urn:mavedb:00000096-b-1#8681,,,p.Val226Thr,0.322391699353087,0.359537031779236,8
urn:mavedb:00000096-b-1#8682,,,p.Val226Trp,1.29136827328183,0.0301278769455186,4
urn:mavedb:00000096-b-1#8683,,,p.Val226Tyr,0.8745065146652529,0.0446671305936703,4
urn:mavedb:00000096-b-1#8684,,,p.Val241=,0.927384277442582,0.134913462490243,8
urn:mavedb:00000096-b-1#8685,,,p.Val241Ala,0.80271030478636,0.237938015880066,8
urn:mavedb:00000096-b-1#8686,,,p.Val241Arg,-0.2407028921468139,0.357792063921274,12
urn:mavedb:00000096-b-1#8687,,,p.Val241Asn,0.4953493136903379,0.412484823023948,4
urn:mavedb:00000096-b-1#8688,,,p.Val241Asp,0.5637616806239439,0.3883497680756539,4
urn:mavedb:00000096-b-1#8689,,,p.Val241Cys,0.8902009790284692,0.2600691767352219,4
urn:mavedb:00000096-b-1#8690,,,p.Val241Gln,0.691647798064016,0.1966031314310229,4
urn:mavedb:00000096-b-1#8691,,,p.Val241Glu,-0.0256553950824711,0.471009826677899,4
urn:mavedb:00000096-b-1#8692,,,p.Val241Gly,0.198282906485725,0.211790121589968,8
urn:mavedb:00000096-b-1#8693,,,p.Val241His,0.9012916067528072,0.0621275819585113,4
urn:mavedb:00000096-b-1#8694,,,p.Val241Ile,0.8421040149256881,0.149952907838543,4
urn:mavedb:00000096-b-1#8695,,,p.Val241Leu,0.7970890378969381,0.252971740701817,12
urn:mavedb:00000096-b-1#8696,,,p.Val241Lys,0.205471009120107,0.13066889046227,4
urn:mavedb:00000096-b-1#8697,,,p.Val241Met,0.7039917784113521,0.066601855689508,4
urn:mavedb:00000096-b-1#8698,,,p.Val241Phe,0.513807278680503,0.358389096373494,4
urn:mavedb:00000096-b-1#8699,,,p.Val241Pro,-0.0251923966723476,0.319567679543027,8
urn:mavedb:00000096-b-1#8700,,,p.Val241Ser,0.499685907372902,0.2844457510760119,12
urn:mavedb:00000096-b-1#8701,,,p.Val241Ter,-0.1515296027871669,0.138418737874227,4
urn:mavedb:00000096-b-1#8702,,,p.Val241Thr,0.464257781340335,0.4322419012286551,8
urn:mavedb:00000096-b-1#8703,,,p.Val241Trp,0.0376539981287547,0.520332216860001,4
urn:mavedb:00000096-b-1#8704,,,p.Val241Tyr,0.522957081513416,0.0775033974574214,4
urn:mavedb:00000096-b-1#8705,,,p.Val244=,1.10060738352999,0.4992800679054699,12
urn:mavedb:00000096-b-1#8706,,,p.Val244Ala,0.694764321070178,0.619542348765661,8
urn:mavedb:00000096-b-1#8707,,,p.Val244Arg,0.236437388228534,0.51093977054922,4
urn:mavedb:00000096-b-1#8708,,,p.Val244Asn,0.402840551240348,0.254204336641098,4
urn:mavedb:00000096-b-1#8709,,,p.Val244Cys,0.59910707491163,0.6156669060318879,4
urn:mavedb:00000096-b-1#8710,,,p.Val244Gln,0.0967584506073985,0.277571147407858,4
urn:mavedb:00000096-b-1#8711,,,p.Val244Glu,0.8165508630555209,0.494662881509317,4
urn:mavedb:00000096-b-1#8712,,,p.Val244Gly,0.709272828727945,0.466691879618235,8
urn:mavedb:00000096-b-1#8713,,,p.Val244His,0.60954491952934,0.3318603680178499,4
urn:mavedb:00000096-b-1#8714,,,p.Val244Ile,1.3577024288184398,0.171859351376625,4
urn:mavedb:00000096-b-1#8715,,,p.Val244Leu,0.8136072143794509,0.460502225012563,12
urn:mavedb:00000096-b-1#8716,,,p.Val244Phe,0.7710279200101441,0.80100470215073,4
urn:mavedb:00000096-b-1#8717,,,p.Val244Ser,0.6774560233039381,0.484058452645099,8
urn:mavedb:00000096-b-1#8718,,,p.Val244Ter,0.0142010463985237,0.288701307991432,4
urn:mavedb:00000096-b-1#8719,,,p.Val244Thr,0.6442403752920911,0.322366437765582,8
urn:mavedb:00000096-b-1#8720,,,p.Val244Trp,0.7554645586114491,0.240580691123599,4
urn:mavedb:00000096-b-1#8721,,,p.Val244Tyr,0.757789410734226,0.269281122312428,4
urn:mavedb:00000096-b-1#8722,,,p.Val253=,1.20448793813591,0.116607287308653,8
urn:mavedb:00000096-b-1#8723,,,p.Val253Ala,0.500599097238675,0.169755485099674,4
urn:mavedb:00000096-b-1#8724,,,p.Val253Arg,0.325299990256888,0.110727142397741,12
urn:mavedb:00000096-b-1#8725,,,p.Val253Asn,0.375969552724251,0.7133695275000459,4
urn:mavedb:00000096-b-1#8726,,,p.Val253Cys,0.614508111704126,0.103873425645375,4
urn:mavedb:00000096-b-1#8727,,,p.Val253Gln,-0.102714046599724,0.179845273949225,4
urn:mavedb:00000096-b-1#8728,,,p.Val253Glu,-0.0379512482205406,0.153051495705227,4
urn:mavedb:00000096-b-1#8729,,,p.Val253Gly,0.0886014714665079,0.302534869560836,8
urn:mavedb:00000096-b-1#8730,,,p.Val253His,0.0620621153455309,0.2818326256913089,4
urn:mavedb:00000096-b-1#8731,,,p.Val253Ile,0.8880612158454341,0.112238132718573,4
urn:mavedb:00000096-b-1#8732,,,p.Val253Leu,0.7757782964832529,0.122234979710611,8
urn:mavedb:00000096-b-1#8733,,,p.Val253Lys,0.373904818777299,0.0950615190989327,4
urn:mavedb:00000096-b-1#8734,,,p.Val253Met,1.02276560897383,0.0570710094347076,4
urn:mavedb:00000096-b-1#8735,,,p.Val253Phe,-0.0045142594125308,0.780529062917697,4
urn:mavedb:00000096-b-1#8736,,,p.Val253Pro,-0.1453270951069019,0.2128891848617919,8
urn:mavedb:00000096-b-1#8737,,,p.Val253Ser,0.174372142333024,0.346570111864073,12
urn:mavedb:00000096-b-1#8738,,,p.Val253Ter,-0.0338192771501211,0.609439642454803,4
urn:mavedb:00000096-b-1#8739,,,p.Val253Thr,0.548357326220147,0.248737163499617,8
urn:mavedb:00000096-b-1#8740,,,p.Val253Trp,0.262597368026688,0.0961481771431934,4
urn:mavedb:00000096-b-1#8741,,,p.Val253Tyr,-0.103714681279105,0.2045567775057339,4
urn:mavedb:00000096-b-1#8742,,,p.Val277=,1.06018157302212,0.120968971400279,8
urn:mavedb:00000096-b-1#8743,,,p.Val277Ala,0.8255938185613879,0.503123279093562,8
urn:mavedb:00000096-b-1#8744,,,p.Val277Arg,0.42980771252216,0.140425829107906,12
urn:mavedb:00000096-b-1#8745,,,p.Val277Asn,0.862576491934975,0.7857714748216121,4
urn:mavedb:00000096-b-1#8746,,,p.Val277Gln,0.8608296572558292,0.191644524152638,4
urn:mavedb:00000096-b-1#8747,,,p.Val277Glu,0.4029470061958139,0.2500297248013789,4
urn:mavedb:00000096-b-1#8748,,,p.Val277Gly,0.5230368870930829,0.144213273987295,8
urn:mavedb:00000096-b-1#8749,,,p.Val277His,0.6092529290930789,0.292243804799356,4
urn:mavedb:00000096-b-1#8750,,,p.Val277Ile,0.918740796805294,0.278981987259583,4
urn:mavedb:00000096-b-1#8751,,,p.Val277Leu,1.1547559839359098,0.120925902866869,12
urn:mavedb:00000096-b-1#8752,,,p.Val277Lys,-0.0851163178731633,0.2522296958988519,4
urn:mavedb:00000096-b-1#8753,,,p.Val277Met,0.892757330589152,0.179417027147672,4
urn:mavedb:00000096-b-1#8754,,,p.Val277Phe,0.678743679617302,0.390257230656491,4
urn:mavedb:00000096-b-1#8755,,,p.Val277Pro,0.10074596080634,0.283282645515414,8
urn:mavedb:00000096-b-1#8756,,,p.Val277Ser,0.6349920720269039,0.114944832972592,4
urn:mavedb:00000096-b-1#8757,,,p.Val277Ter,-0.2417871415292279,0.406299405498859,4
urn:mavedb:00000096-b-1#8758,,,p.Val277Thr,0.703425026705098,0.467234402124031,8
urn:mavedb:00000096-b-1#8759,,,p.Val277Trp,0.3701472780496579,0.107037326553961,4
urn:mavedb:00000096-b-1#8760,,,p.Val277Tyr,0.8867940698548169,0.5112100149574129,4
urn:mavedb:00000096-b-1#8761,,,p.Val302=,0.7995977972189441,0.0727396222406742,4
urn:mavedb:00000096-b-1#8762,,,p.Val302Ala,0.830773080607673,0.180658461857381,8
urn:mavedb:00000096-b-1#8763,,,p.Val302Arg,0.343366374376368,0.208353927649605,8
urn:mavedb:00000096-b-1#8764,,,p.Val302Asn,0.0486592768261257,0.281235083615883,4
urn:mavedb:00000096-b-1#8765,,,p.Val302Cys,0.941640654789295,0.0491297424714206,4
urn:mavedb:00000096-b-1#8766,,,p.Val302Gln,-0.614192828581297,0.343777818829634,4
urn:mavedb:00000096-b-1#8767,,,p.Val302Glu,0.108320425368038,0.116771016915297,4
urn:mavedb:00000096-b-1#8768,,,p.Val302Gly,0.249718128102201,0.22715970809367,8
urn:mavedb:00000096-b-1#8769,,,p.Val302His,-0.211997975601811,0.279035986659121,4
urn:mavedb:00000096-b-1#8770,,,p.Val302Ile,1.3210218547403898,0.104658018447418,4
urn:mavedb:00000096-b-1#8771,,,p.Val302Leu,0.8456469036147509,0.439113540846976,12
urn:mavedb:00000096-b-1#8772,,,p.Val302Met,0.3620440333581189,0.164467029320261,4
urn:mavedb:00000096-b-1#8773,,,p.Val302Pro,-0.1085897210110539,0.4405221988508579,8
urn:mavedb:00000096-b-1#8774,,,p.Val302Ser,0.7297153312995508,0.250941904643539,12
urn:mavedb:00000096-b-1#8775,,,p.Val302Ter,0.276520361042987,0.0892628241993778,4
urn:mavedb:00000096-b-1#8776,,,p.Val302Thr,0.7672402147640319,0.188109594582869,8
urn:mavedb:00000096-b-1#8777,,,p.Val302Trp,-0.314940155554095,0.394185491914755,4
urn:mavedb:00000096-b-1#8778,,,p.Val302Tyr,-0.6410322761496551,0.32487886585185,4
urn:mavedb:00000096-b-1#8779,,,p.Val305=,0.9923103445313348,0.0438906102407232,4
urn:mavedb:00000096-b-1#8780,,,p.Val305Ala,0.7751181482461821,0.138297355962718,8
urn:mavedb:00000096-b-1#8781,,,p.Val305Arg,0.30289730995659,0.260840071725586,12
urn:mavedb:00000096-b-1#8782,,,p.Val305Asn,0.134164592453126,0.252630591940146,4
urn:mavedb:00000096-b-1#8783,,,p.Val305Asp,-0.3654207492286639,1.08168781933616,4
urn:mavedb:00000096-b-1#8784,,,p.Val305Cys,0.7334348423281429,0.11410528544716,4
urn:mavedb:00000096-b-1#8785,,,p.Val305Gln,0.257912513583845,0.281057487080757,4
urn:mavedb:00000096-b-1#8786,,,p.Val305Glu,-0.0814338479239725,0.1153746092579319,4
urn:mavedb:00000096-b-1#8787,,,p.Val305Gly,0.0419368237894874,0.121297706004941,8
urn:mavedb:00000096-b-1#8788,,,p.Val305His,-0.0998809007651091,0.252717807706754,4
urn:mavedb:00000096-b-1#8789,,,p.Val305Ile,1.14120461803354,0.511160566537054,4
urn:mavedb:00000096-b-1#8790,,,p.Val305Leu,0.927695813917687,0.156335003833556,12
urn:mavedb:00000096-b-1#8791,,,p.Val305Lys,0.164530927356258,0.399850819961269,4
urn:mavedb:00000096-b-1#8792,,,p.Val305Met,0.813933008988511,0.0749960686245158,4
urn:mavedb:00000096-b-1#8793,,,p.Val305Pro,0.1460512198356759,0.334094041832721,4
urn:mavedb:00000096-b-1#8794,,,p.Val305Ser,0.527913033764266,0.256086585254731,12
urn:mavedb:00000096-b-1#8795,,,p.Val305Ter,-0.0689354041665446,0.258532757992982,4
urn:mavedb:00000096-b-1#8796,,,p.Val305Thr,0.8028946549848409,0.209986601327665,8
urn:mavedb:00000096-b-1#8797,,,p.Val305Trp,-0.1215228787495329,0.218825172495034,4
urn:mavedb:00000096-b-1#8798,,,p.Val305Tyr,0.233976831145265,0.125134282101165,4
urn:mavedb:00000096-b-1#8799,,,p.Val310=,1.0076280612715,0.3932909552886869,8
urn:mavedb:00000096-b-1#8800,,,p.Val310Ala,1.16171204742705,0.271513811487543,8
urn:mavedb:00000096-b-1#8801,,,p.Val310Arg,0.36746865046028,0.391366719456915,12
urn:mavedb:00000096-b-1#8802,,,p.Val310Asn,0.8364080216186529,0.585725728181044,4
urn:mavedb:00000096-b-1#8803,,,p.Val310Cys,0.571921786847249,0.0755944722218056,4
urn:mavedb:00000096-b-1#8804,,,p.Val310Gln,0.92290757282231,0.373859619514743,4
urn:mavedb:00000096-b-1#8805,,,p.Val310Glu,0.0901596842586321,0.178445880965952,4
urn:mavedb:00000096-b-1#8806,,,p.Val310Gly,0.459049610905627,0.166543827395254,8
urn:mavedb:00000096-b-1#8807,,,p.Val310His,0.999483330125442,0.362049722375844,4
urn:mavedb:00000096-b-1#8808,,,p.Val310Ile,0.80949391570412,0.1897174872014899,4
urn:mavedb:00000096-b-1#8809,,,p.Val310Leu,0.644933659713781,0.255364819423443,12
urn:mavedb:00000096-b-1#8810,,,p.Val310Lys,0.5394940853683851,0.650620537677812,4
urn:mavedb:00000096-b-1#8811,,,p.Val310Met,0.839666380842887,0.0783049351879699,4
urn:mavedb:00000096-b-1#8812,,,p.Val310Phe,0.5593539470025021,0.492269379884568,4
urn:mavedb:00000096-b-1#8813,,,p.Val310Pro,0.265375026886831,0.413963467482586,8
urn:mavedb:00000096-b-1#8814,,,p.Val310Ser,0.7764495439600541,0.3064685885730089,12
urn:mavedb:00000096-b-1#8815,,,p.Val310Ter,0.0827029262783764,0.6514670788280981,4
urn:mavedb:00000096-b-1#8816,,,p.Val310Thr,0.801306448471319,0.288366712721915,8
urn:mavedb:00000096-b-1#8817,,,p.Val310Trp,0.426977126260121,0.0788087487962688,4
urn:mavedb:00000096-b-1#8818,,,p.Val310Tyr,0.977839580016424,0.5930595003837429,4
urn:mavedb:00000096-b-1#8819,,,p.Val33=,0.8991356498822659,0.0898413241105368,4
urn:mavedb:00000096-b-1#8820,,,p.Val335=,1.10737567613016,0.0811462320955743,4
urn:mavedb:00000096-b-1#8821,,,p.Val335Ala,0.7088065138914399,0.2452525175221259,8
urn:mavedb:00000096-b-1#8822,,,p.Val335Arg,-0.0658722273261191,0.40601691134727,12
urn:mavedb:00000096-b-1#8823,,,p.Val335Asn,0.1920980544487749,0.2493547248889999,4
urn:mavedb:00000096-b-1#8824,,,p.Val335Cys,0.87892064269661,0.0962368449919446,4
urn:mavedb:00000096-b-1#8825,,,p.Val335Gln,0.6714242205108979,0.230552295959946,4
urn:mavedb:00000096-b-1#8826,,,p.Val335Glu,0.0184518073993601,0.403062132411717,4
urn:mavedb:00000096-b-1#8827,,,p.Val335Gly,0.31547642241446,0.232548437388939,8
urn:mavedb:00000096-b-1#8828,,,p.Val335His,0.344177251718794,0.346004669103024,4
urn:mavedb:00000096-b-1#8829,,,p.Val335Ile,0.83888304155379,0.317743739758872,4
urn:mavedb:00000096-b-1#8830,,,p.Val335Leu,0.833396512003175,0.158010948690543,12
urn:mavedb:00000096-b-1#8831,,,p.Val335Met,0.914875369077808,0.265137036711896,4
urn:mavedb:00000096-b-1#8832,,,p.Val335Phe,0.4247797971381239,0.6896830758097691,4
urn:mavedb:00000096-b-1#8833,,,p.Val335Pro,0.546551483857033,0.516534677400471,8
urn:mavedb:00000096-b-1#8834,,,p.Val335Ser,0.393605009918496,0.2705794161077839,12
urn:mavedb:00000096-b-1#8835,,,p.Val335Ter,-0.148032257800316,0.29162147401878,4
urn:mavedb:00000096-b-1#8836,,,p.Val335Thr,0.683100959541828,0.1093730084750559,8
urn:mavedb:00000096-b-1#8837,,,p.Val335Trp,0.332249223704567,0.111298558699038,4
urn:mavedb:00000096-b-1#8838,,,p.Val335Tyr,0.254064152293244,0.314443662511056,4
urn:mavedb:00000096-b-1#8839,,,p.Val338=,0.7672214899506659,0.2316621545169839,8
urn:mavedb:00000096-b-1#8840,,,p.Val338Ala,0.703881266656284,0.126786251476996,8
urn:mavedb:00000096-b-1#8841,,,p.Val338Arg,0.109737061610826,0.236770223031962,12
urn:mavedb:00000096-b-1#8842,,,p.Val338Asn,-0.0432097961847177,0.1905083385483589,4
urn:mavedb:00000096-b-1#8843,,,p.Val338Asp,-0.0068487219894336,0.8653771409165649,4
urn:mavedb:00000096-b-1#8844,,,p.Val338Gln,-0.0485402629168709,0.0982361454616043,4
urn:mavedb:00000096-b-1#8845,,,p.Val338Glu,-0.192449528248734,0.144791405835744,4
urn:mavedb:00000096-b-1#8846,,,p.Val338Gly,0.514409250616823,0.0557118494565971,8
urn:mavedb:00000096-b-1#8847,,,p.Val338His,0.0807904793337079,0.1022134118255519,4
urn:mavedb:00000096-b-1#8848,,,p.Val338Ile,0.7709146991613058,0.606804481114015,4
urn:mavedb:00000096-b-1#8849,,,p.Val338Leu,0.54872186075692,0.0885240498170926,12
urn:mavedb:00000096-b-1#8850,,,p.Val338Lys,-0.187802957409786,0.111859446436252,4
urn:mavedb:00000096-b-1#8851,,,p.Val338Met,0.664976628437901,0.4054596944383529,4
urn:mavedb:00000096-b-1#8852,,,p.Val338Phe,0.532970186953328,0.121175128526173,4
urn:mavedb:00000096-b-1#8853,,,p.Val338Pro,0.210900312397,0.345797004837491,8
urn:mavedb:00000096-b-1#8854,,,p.Val338Ser,0.70156897942002,0.122033785232393,12
urn:mavedb:00000096-b-1#8855,,,p.Val338Ter,-0.0206325388671074,0.0754527097645149,4
urn:mavedb:00000096-b-1#8856,,,p.Val338Thr,0.4714328251763829,0.16350733628521,8
urn:mavedb:00000096-b-1#8857,,,p.Val338Trp,0.3549667163937849,0.0589884254372968,4
urn:mavedb:00000096-b-1#8858,,,p.Val338Tyr,0.244997661042161,0.1113189405091169,4
urn:mavedb:00000096-b-1#8859,,,p.Val33Ala,0.8002033661742709,0.11399161928357,8
urn:mavedb:00000096-b-1#8860,,,p.Val33Arg,-0.3468896263857119,0.6431770091797441,12
urn:mavedb:00000096-b-1#8861,,,p.Val33Asn,-0.461074086671305,0.312554771700062,4
urn:mavedb:00000096-b-1#8862,,,p.Val33Cys,0.866348390653874,0.236950939256431,4
urn:mavedb:00000096-b-1#8863,,,p.Val33Gln,0.353875170161147,0.1505045215127579,4
urn:mavedb:00000096-b-1#8864,,,p.Val33Glu,0.0806269616454221,0.1531679242214249,4
urn:mavedb:00000096-b-1#8865,,,p.Val33Gly,0.0299600519262087,0.202384901327238,8
urn:mavedb:00000096-b-1#8866,,,p.Val33His,0.6262314894345121,0.0901016539330979,4
urn:mavedb:00000096-b-1#8867,,,p.Val33Ile,0.99101934212028,0.198030318916219,4
urn:mavedb:00000096-b-1#8868,,,p.Val33Leu,0.7701435249537819,0.403577468774882,12
urn:mavedb:00000096-b-1#8869,,,p.Val33Lys,-0.505233173971764,0.4927078958858839,4
urn:mavedb:00000096-b-1#8870,,,p.Val33Met,0.365821740059272,0.273616170919454,4
urn:mavedb:00000096-b-1#8871,,,p.Val33Phe,0.654544518192439,0.135205993696299,4
urn:mavedb:00000096-b-1#8872,,,p.Val33Pro,0.4456435183298879,0.261767401435748,8
urn:mavedb:00000096-b-1#8873,,,p.Val33Ser,0.116178580460924,0.2554381114189989,12
urn:mavedb:00000096-b-1#8874,,,p.Val33Ter,-0.438159911250352,0.225494390320728,4
urn:mavedb:00000096-b-1#8875,,,p.Val33Thr,0.950138713822033,0.242897065579691,8
urn:mavedb:00000096-b-1#8876,,,p.Val33Trp,0.420481595731919,0.2755972886390039,4
urn:mavedb:00000096-b-1#8877,,,p.Val33Tyr,-0.240984944139267,0.193170004201081,4
urn:mavedb:00000096-b-1#8878,,,p.Val367=,1.20319914742354,0.203705261598599,8
urn:mavedb:00000096-b-1#8879,,,p.Val367Ala,1.10565177838399,0.272566645668795,8
urn:mavedb:00000096-b-1#8880,,,p.Val367Arg,-0.0676624459484542,0.3143127018755789,12
urn:mavedb:00000096-b-1#8881,,,p.Val367Asn,-0.98349635633583,0.324773901897185,4
urn:mavedb:00000096-b-1#8882,,,p.Val367Asp,0.325044094791649,0.952010826748432,4
urn:mavedb:00000096-b-1#8883,,,p.Val367Cys,0.7879405722373309,0.043932935420953,4
urn:mavedb:00000096-b-1#8884,,,p.Val367Gln,-0.104887643760967,0.15818963487562,4
urn:mavedb:00000096-b-1#8885,,,p.Val367Glu,-0.0425620765452814,0.260515619401237,4
urn:mavedb:00000096-b-1#8886,,,p.Val367Gly,-0.005726496463957,0.3611953841548621,8
urn:mavedb:00000096-b-1#8887,,,p.Val367Ile,0.614463305438434,0.427639662109733,4
urn:mavedb:00000096-b-1#8888,,,p.Val367Leu,0.9023469570167192,0.0960181324381038,12
urn:mavedb:00000096-b-1#8889,,,p.Val367Lys,-0.175191884707045,0.6232103335186661,4
urn:mavedb:00000096-b-1#8890,,,p.Val367Met,0.448034562816167,0.704130482556922,4
urn:mavedb:00000096-b-1#8891,,,p.Val367Phe,0.179895442671717,0.692263643650599,4
urn:mavedb:00000096-b-1#8892,,,p.Val367Pro,-0.0848976123905863,0.613176061563284,8
urn:mavedb:00000096-b-1#8893,,,p.Val367Ser,0.199166799420816,0.325575508629552,12
urn:mavedb:00000096-b-1#8894,,,p.Val367Ter,0.0136284847373715,0.251201350045529,4
urn:mavedb:00000096-b-1#8895,,,p.Val367Thr,0.885476686446857,0.121969701400623,8
urn:mavedb:00000096-b-1#8896,,,p.Val367Trp,0.138784486428091,0.223305300671192,4
urn:mavedb:00000096-b-1#8897,,,p.Val367Tyr,0.378073435868036,0.0706711484577185,4
urn:mavedb:00000096-b-1#8898,,,p.Val374=,1.1158317984076,0.0611348168606341,4
urn:mavedb:00000096-b-1#8899,,,p.Val374Ala,0.848417755175779,0.306684816270609,8
urn:mavedb:00000096-b-1#8900,,,p.Val374Arg,-0.198375915079415,0.286970284943788,12
urn:mavedb:00000096-b-1#8901,,,p.Val374Asn,0.0510000343597205,0.1239251071148019,4
urn:mavedb:00000096-b-1#8902,,,p.Val374Cys,0.774748761234078,0.208649307485654,4
urn:mavedb:00000096-b-1#8903,,,p.Val374Gln,0.154191020581715,0.4947254957332599,4
urn:mavedb:00000096-b-1#8904,,,p.Val374Glu,0.211061364027775,0.156434082343447,4
urn:mavedb:00000096-b-1#8905,,,p.Val374Gly,0.11093659869901,0.319146811427044,8
urn:mavedb:00000096-b-1#8906,,,p.Val374His,0.315002172894971,0.161265647717629,4
urn:mavedb:00000096-b-1#8907,,,p.Val374Ile,0.988943359233201,0.0673114420625537,4
urn:mavedb:00000096-b-1#8908,,,p.Val374Leu,0.7190739557183059,0.198839918160231,12
urn:mavedb:00000096-b-1#8909,,,p.Val374Lys,-0.125176491872713,0.619857486461683,4
urn:mavedb:00000096-b-1#8910,,,p.Val374Met,0.513368844287573,0.501588292438653,4
urn:mavedb:00000096-b-1#8911,,,p.Val374Pro,-0.2018865725072889,0.494680929873284,8
urn:mavedb:00000096-b-1#8912,,,p.Val374Ser,-0.12721986054188,0.199138221286181,12
urn:mavedb:00000096-b-1#8913,,,p.Val374Ter,-0.287621731115824,0.342284938713542,4
urn:mavedb:00000096-b-1#8914,,,p.Val374Thr,0.553883651472238,0.260769774556949,8
urn:mavedb:00000096-b-1#8915,,,p.Val374Trp,0.242660750097781,0.4318418023784139,4
urn:mavedb:00000096-b-1#8916,,,p.Val374Tyr,0.188046027502262,0.0783632308173829,4
urn:mavedb:00000096-b-1#8917,,,p.Val389=,0.9634393134120228,0.251952865323587,8
urn:mavedb:00000096-b-1#8918,,,p.Val389Ala,0.7619060736049341,0.165294745094223,8
urn:mavedb:00000096-b-1#8919,,,p.Val389Arg,0.0268200207654988,0.260539715048551,12
urn:mavedb:00000096-b-1#8920,,,p.Val389Asn,-0.410365956915426,0.151869580799463,4
urn:mavedb:00000096-b-1#8921,,,p.Val389Cys,0.7460627102653891,0.161673320844398,4
urn:mavedb:00000096-b-1#8922,,,p.Val389Gln,-0.0184644915577898,0.343161172751085,4
urn:mavedb:00000096-b-1#8923,,,p.Val389Glu,-0.0273149383004285,0.301140776215709,4
urn:mavedb:00000096-b-1#8924,,,p.Val389Gly,0.0216598743541107,0.4111726933316889,8
urn:mavedb:00000096-b-1#8925,,,p.Val389His,-0.272813046319336,0.143043486945,4
urn:mavedb:00000096-b-1#8926,,,p.Val389Ile,0.9698299276354828,0.0845095726345272,4
urn:mavedb:00000096-b-1#8927,,,p.Val389Leu,1.02784552840201,0.0949599259069318,12
urn:mavedb:00000096-b-1#8928,,,p.Val389Lys,-0.0500659709147675,0.123203776524888,4
urn:mavedb:00000096-b-1#8929,,,p.Val389Met,0.902362423883604,0.604463885089676,4
urn:mavedb:00000096-b-1#8930,,,p.Val389Phe,-0.041354554544178,0.8489826097396409,4
urn:mavedb:00000096-b-1#8931,,,p.Val389Pro,0.0082974876222062,0.3753953187982379,8
urn:mavedb:00000096-b-1#8932,,,p.Val389Ser,-0.359139264562627,0.56111889829153,12
urn:mavedb:00000096-b-1#8933,,,p.Val389Ter,-0.542429041294954,0.557020696518335,4
urn:mavedb:00000096-b-1#8934,,,p.Val389Thr,0.642320949518876,0.193394789307873,8
urn:mavedb:00000096-b-1#8935,,,p.Val389Trp,0.0481229085304055,0.0973568396402076,4
urn:mavedb:00000096-b-1#8936,,,p.Val389Tyr,0.651996038568704,0.6297295457765021,4
urn:mavedb:00000096-b-1#8937,,,p.Val401=,0.6827512377670311,0.298972844678025,8
urn:mavedb:00000096-b-1#8938,,,p.Val401Ala,1.06729442789896,0.29255216652897,8
urn:mavedb:00000096-b-1#8939,,,p.Val401Arg,0.699459800138923,0.178690003481326,12
urn:mavedb:00000096-b-1#8940,,,p.Val401Asn,0.750507651281806,0.7280332022972099,4
urn:mavedb:00000096-b-1#8941,,,p.Val401Asp,0.895488074410453,0.7652058754980409,4
urn:mavedb:00000096-b-1#8942,,,p.Val401Cys,0.8979746402164301,0.171619830434649,4
urn:mavedb:00000096-b-1#8943,,,p.Val401Gln,0.654046687476213,0.610307421627271,4
urn:mavedb:00000096-b-1#8944,,,p.Val401Glu,1.2587502075048602,0.1115321765024709,4
urn:mavedb:00000096-b-1#8945,,,p.Val401Gly,0.988708458284504,0.0774956908415123,8
urn:mavedb:00000096-b-1#8946,,,p.Val401His,1.16334395728447,0.204570647636743,4
urn:mavedb:00000096-b-1#8947,,,p.Val401Ile,1.07629346735082,0.103487393601672,4
urn:mavedb:00000096-b-1#8948,,,p.Val401Leu,0.758398877162874,0.27001224174536,12
urn:mavedb:00000096-b-1#8949,,,p.Val401Lys,1.12783022113273,0.153274643737186,4
urn:mavedb:00000096-b-1#8950,,,p.Val401Met,1.02193001236568,0.224063815244402,4
urn:mavedb:00000096-b-1#8951,,,p.Val401Phe,0.8913620149638359,0.0836827090152255,4
urn:mavedb:00000096-b-1#8952,,,p.Val401Pro,0.8258304135260269,0.772920560433917,8
urn:mavedb:00000096-b-1#8953,,,p.Val401Ser,0.376975095881085,0.3940501221326249,12
urn:mavedb:00000096-b-1#8954,,,p.Val401Ter,-0.016527254431589,0.110089297388488,4
urn:mavedb:00000096-b-1#8955,,,p.Val401Thr,0.929701822232734,0.78281280483634,4
urn:mavedb:00000096-b-1#8956,,,p.Val401Trp,0.9049787613070148,0.115250242307884,4
urn:mavedb:00000096-b-1#8957,,,p.Val401Tyr,0.8975321939587271,0.105022124212419,4
urn:mavedb:00000096-b-1#8958,,,p.Val406=,1.02875710110876,0.249049313667112,8
urn:mavedb:00000096-b-1#8959,,,p.Val406Ala,0.636712241093726,0.203477182618501,8
urn:mavedb:00000096-b-1#8960,,,p.Val406Arg,-0.0922326305858615,0.498589400924416,12
urn:mavedb:00000096-b-1#8961,,,p.Val406Asn,-0.404278046403107,0.288458481914106,4
urn:mavedb:00000096-b-1#8962,,,p.Val406Asp,0.195916033398362,0.8702992413157541,4
urn:mavedb:00000096-b-1#8963,,,p.Val406Cys,0.7194804025771421,0.127370887558269,4
urn:mavedb:00000096-b-1#8964,,,p.Val406Gln,0.0691249821903662,0.4761970237252539,4
urn:mavedb:00000096-b-1#8965,,,p.Val406Glu,-0.409357488798605,0.156094512617584,4
urn:mavedb:00000096-b-1#8966,,,p.Val406Gly,0.162172411888031,0.541222761119298,8
urn:mavedb:00000096-b-1#8967,,,p.Val406His,-0.306036741781662,0.20621188810305,4
urn:mavedb:00000096-b-1#8968,,,p.Val406Ile,1.08384511460223,0.1520085276120919,4
urn:mavedb:00000096-b-1#8969,,,p.Val406Leu,0.3612879308977539,0.720615183510092,12
urn:mavedb:00000096-b-1#8970,,,p.Val406Lys,0.1482570548003789,0.5633697021819661,4
urn:mavedb:00000096-b-1#8971,,,p.Val406Met,0.0753832368958153,0.7249238914305779,4
urn:mavedb:00000096-b-1#8972,,,p.Val406Pro,-0.0595253155027864,0.2757447454239939,8
urn:mavedb:00000096-b-1#8973,,,p.Val406Ser,-0.0583103357259996,0.2614241170163869,12
urn:mavedb:00000096-b-1#8974,,,p.Val406Ter,0.211881589755398,0.4107300904683039,4
urn:mavedb:00000096-b-1#8975,,,p.Val406Thr,0.221172296987274,0.284972628120387,8
urn:mavedb:00000096-b-1#8976,,,p.Val406Trp,-0.188882001795812,0.134016836833563,4
urn:mavedb:00000096-b-1#8977,,,p.Val406Tyr,0.023539631817015,0.2241932820933839,4
urn:mavedb:00000096-b-1#8978,,,p.Val408=,0.9596238796719008,0.201644936448522,8
urn:mavedb:00000096-b-1#8979,,,p.Val408Ala,0.9153934518745728,0.105025188835754,8
urn:mavedb:00000096-b-1#8980,,,p.Val408Arg,-0.264844906691258,0.2436342167067189,12
urn:mavedb:00000096-b-1#8981,,,p.Val408Asn,0.4596737785511899,0.5918204245567521,4
urn:mavedb:00000096-b-1#8982,,,p.Val408Asp,0.557517108030989,0.677129994939951,4
urn:mavedb:00000096-b-1#8983,,,p.Val408Cys,0.977956307489447,0.0860171884229199,4
urn:mavedb:00000096-b-1#8984,,,p.Val408Gln,-9.35736759584749e-06,0.73822140676614,4
urn:mavedb:00000096-b-1#8985,,,p.Val408Glu,0.7928643210616758,0.0683056700756649,4
urn:mavedb:00000096-b-1#8986,,,p.Val408Gly,0.835728044203271,0.1315330241818,8
urn:mavedb:00000096-b-1#8987,,,p.Val408His,0.112208701116573,0.1289059523205309,4
urn:mavedb:00000096-b-1#8988,,,p.Val408Ile,1.04090229285658,0.115175931246685,4
urn:mavedb:00000096-b-1#8989,,,p.Val408Leu,0.7890915655265149,0.121000408085187,8
urn:mavedb:00000096-b-1#8990,,,p.Val408Lys,-0.300042308020192,0.185121778352975,4
urn:mavedb:00000096-b-1#8991,,,p.Val408Met,0.8366530404953479,0.100465639056163,4
urn:mavedb:00000096-b-1#8992,,,p.Val408Phe,0.6239133006635269,0.160738398671222,4
urn:mavedb:00000096-b-1#8993,,,p.Val408Pro,-0.397484936449344,0.372158484080211,8
urn:mavedb:00000096-b-1#8994,,,p.Val408Ser,0.846228705160834,0.204220110285438,12
urn:mavedb:00000096-b-1#8995,,,p.Val408Ter,-0.0178559365862472,0.110076447263818,4
urn:mavedb:00000096-b-1#8996,,,p.Val408Thr,0.86323929047896,0.1108531806298819,8
urn:mavedb:00000096-b-1#8997,,,p.Val408Trp,0.3377440933572,0.3187055086890039,4
urn:mavedb:00000096-b-1#8998,,,p.Val408Tyr,0.285466879655932,0.0839881839674845,4
urn:mavedb:00000096-b-1#8999,,,p.Val412=,0.999684819462814,0.0397735106358204,4
urn:mavedb:00000096-b-1#9000,,,p.Val412Ala,0.77104914086836,0.219955748894163,8
urn:mavedb:00000096-b-1#9001,,,p.Val412Arg,0.7494209947862859,0.28583676983131,12
urn:mavedb:00000096-b-1#9002,,,p.Val412Asn,0.0555609607266142,0.1996292740917069,4
urn:mavedb:00000096-b-1#9003,,,p.Val412Cys,0.7388128100948979,0.3304315845714839,4
urn:mavedb:00000096-b-1#9004,,,p.Val412Gln,0.7770080725851279,0.186642362348512,4
urn:mavedb:00000096-b-1#9005,,,p.Val412Glu,0.0664304456806797,0.2358967503123049,4
urn:mavedb:00000096-b-1#9006,,,p.Val412Gly,0.654050933177246,0.11318573353033,8
urn:mavedb:00000096-b-1#9007,,,p.Val412His,0.332918925715154,0.517634354266446,4
urn:mavedb:00000096-b-1#9008,,,p.Val412Ile,0.7511931067078701,0.3011140318018739,4
urn:mavedb:00000096-b-1#9009,,,p.Val412Leu,0.979577221866629,0.143129250802055,8
urn:mavedb:00000096-b-1#9010,,,p.Val412Lys,0.405481939051792,0.490545832430712,4
urn:mavedb:00000096-b-1#9011,,,p.Val412Phe,0.8443980002262079,0.074309006775324,4
urn:mavedb:00000096-b-1#9012,,,p.Val412Pro,0.419671395967722,0.401137168313581,8
urn:mavedb:00000096-b-1#9013,,,p.Val412Ser,0.846615861934717,0.12575233685352,12
urn:mavedb:00000096-b-1#9014,,,p.Val412Ter,-0.040738962578381,0.3339326626076339,4
urn:mavedb:00000096-b-1#9015,,,p.Val412Thr,1.1779503256926,0.453187531547029,8
urn:mavedb:00000096-b-1#9016,,,p.Val412Tyr,0.6876545675592322,0.0811563346499265,4
urn:mavedb:00000096-b-1#9017,,,p.Val427=,0.97131933927059,0.262880124509823,12
urn:mavedb:00000096-b-1#9018,,,p.Val427Ala,0.968260883704984,0.219108712288236,8
urn:mavedb:00000096-b-1#9019,,,p.Val427Arg,-0.242721250719494,0.2691338927914889,12
urn:mavedb:00000096-b-1#9020,,,p.Val427Asn,0.110523515763768,0.1213134932895319,4
urn:mavedb:00000096-b-1#9021,,,p.Val427Cys,0.6420961141942889,0.0616839637748358,4
urn:mavedb:00000096-b-1#9022,,,p.Val427Gln,0.44958930297587,0.8151306013434609,4
urn:mavedb:00000096-b-1#9023,,,p.Val427Glu,-0.16579834448259,0.12249968108229,4
urn:mavedb:00000096-b-1#9024,,,p.Val427Gly,0.0756373634844615,0.12286434021299,8
urn:mavedb:00000096-b-1#9025,,,p.Val427His,0.28696710742976,0.50455369497665,4
urn:mavedb:00000096-b-1#9026,,,p.Val427Ile,1.28991081652774,0.277879891200493,4
urn:mavedb:00000096-b-1#9027,,,p.Val427Leu,0.923339254122824,0.1082680919792959,12
urn:mavedb:00000096-b-1#9028,,,p.Val427Lys,-0.3374408145276489,0.197401075403636,4
urn:mavedb:00000096-b-1#9029,,,p.Val427Met,0.8256503824493392,0.0570689678646508,4
urn:mavedb:00000096-b-1#9030,,,p.Val427Phe,0.967823195930794,0.0965685961780663,4
urn:mavedb:00000096-b-1#9031,,,p.Val427Pro,0.221314754765832,0.603201095880012,8
urn:mavedb:00000096-b-1#9032,,,p.Val427Ser,0.945007319273581,0.232577070665237,8
urn:mavedb:00000096-b-1#9033,,,p.Val427Ter,-0.254582460348932,0.140150159865808,4
urn:mavedb:00000096-b-1#9034,,,p.Val427Thr,0.9485477935298822,0.4282552738196599,8
urn:mavedb:00000096-b-1#9035,,,p.Val427Trp,-0.222659552827609,0.306633894731891,4
urn:mavedb:00000096-b-1#9036,,,p.Val427Tyr,-0.246323564717703,0.213110726196055,4
urn:mavedb:00000096-b-1#9037,,,p.Val452=,1.0740793658718,0.0673795287642354,8
urn:mavedb:00000096-b-1#9038,,,p.Val452Ala,0.895893766097323,0.0807325022629482,8
urn:mavedb:00000096-b-1#9039,,,p.Val452Arg,0.598363577715709,0.111520376715545,12
urn:mavedb:00000096-b-1#9040,,,p.Val452Asn,0.448025570113959,0.119407786305483,4
urn:mavedb:00000096-b-1#9041,,,p.Val452Asp,0.55483715606161,0.0751222883199281,4
urn:mavedb:00000096-b-1#9042,,,p.Val452Gln,0.906749684408479,0.0902634559147228,4
urn:mavedb:00000096-b-1#9043,,,p.Val452Glu,0.433546830784785,0.152607891626286,4
urn:mavedb:00000096-b-1#9044,,,p.Val452Gly,0.843114918311795,0.0677849622474765,8
urn:mavedb:00000096-b-1#9045,,,p.Val452His,0.8873779224352579,0.332387246835039,4
urn:mavedb:00000096-b-1#9046,,,p.Val452Ile,1.12078930119303,0.0744935408844324,4
urn:mavedb:00000096-b-1#9047,,,p.Val452Leu,0.947728799865284,0.118098780665765,12
urn:mavedb:00000096-b-1#9048,,,p.Val452Lys,0.6254666856021229,0.461218361427506,4
urn:mavedb:00000096-b-1#9049,,,p.Val452Met,0.8391677644876279,0.3366629375736369,4
urn:mavedb:00000096-b-1#9050,,,p.Val452Phe,0.9883901792576112,0.0353103580859311,4
urn:mavedb:00000096-b-1#9051,,,p.Val452Pro,0.319085135558367,0.405330145649136,8
urn:mavedb:00000096-b-1#9052,,,p.Val452Ser,0.4147406908591189,0.134605835358843,12
urn:mavedb:00000096-b-1#9053,,,p.Val452Ter,0.6572863823252351,0.0708221480958132,4
urn:mavedb:00000096-b-1#9054,,,p.Val452Thr,1.02617839529107,0.3029218326306799,8
urn:mavedb:00000096-b-1#9055,,,p.Val452Trp,1.02366517527151,0.0428731962193416,4
urn:mavedb:00000096-b-1#9056,,,p.Val452Tyr,1.2123608481247,0.0590380556963646,4
urn:mavedb:00000096-b-1#9057,,,p.Val455=,1.03396382192891,0.2433560927865079,8
urn:mavedb:00000096-b-1#9058,,,p.Val455Ala,1.03820167544665,0.114492526357899,8
urn:mavedb:00000096-b-1#9059,,,p.Val455Arg,0.7720532688448679,0.0989035910985842,4
urn:mavedb:00000096-b-1#9060,,,p.Val455Asn,0.753620630688984,0.338304720609426,4
urn:mavedb:00000096-b-1#9061,,,p.Val455Asp,0.614176931085529,0.911567244248294,4
urn:mavedb:00000096-b-1#9062,,,p.Val455Cys,0.9730488061638392,0.189729796605875,4
urn:mavedb:00000096-b-1#9063,,,p.Val455Gln,1.10566547834901,0.498334945702527,4
urn:mavedb:00000096-b-1#9064,,,p.Val455Glu,0.7488241212966509,0.0762361009368239,4
urn:mavedb:00000096-b-1#9065,,,p.Val455Gly,0.915024173474354,0.108323203554675,8
urn:mavedb:00000096-b-1#9066,,,p.Val455His,0.390731320572221,0.12524247979427,4
urn:mavedb:00000096-b-1#9067,,,p.Val455Ile,1.0357613450698,0.0973573517119871,4
urn:mavedb:00000096-b-1#9068,,,p.Val455Leu,1.17308366654082,0.143975597275729,8
urn:mavedb:00000096-b-1#9069,,,p.Val455Lys,0.8194285956369209,0.1134832004555809,4
urn:mavedb:00000096-b-1#9070,,,p.Val455Met,1.4214319546655,0.25770219272195,4
urn:mavedb:00000096-b-1#9071,,,p.Val455Phe,0.634672379377408,0.150483323312323,4
urn:mavedb:00000096-b-1#9072,,,p.Val455Pro,0.546710346579124,0.408613877886568,8
urn:mavedb:00000096-b-1#9073,,,p.Val455Ser,0.9942988036492572,0.1889872594244289,12
urn:mavedb:00000096-b-1#9074,,,p.Val455Ter,0.205081190509932,0.17519939455892,4
urn:mavedb:00000096-b-1#9075,,,p.Val455Thr,0.9038724810512628,0.553250396490634,8
urn:mavedb:00000096-b-1#9076,,,p.Val455Trp,1.25666769114808,0.0431424995853416,4
urn:mavedb:00000096-b-1#9077,,,p.Val455Tyr,0.761692308236759,0.0719825128063089,4
urn:mavedb:00000096-b-1#9078,,,p.Val55=,1.15961199228119,0.260977817707366,8
urn:mavedb:00000096-b-1#9079,,,p.Val55Ala,0.266277186300264,0.6912962208676271,8
urn:mavedb:00000096-b-1#9080,,,p.Val55Arg,0.142906813328787,0.253710448423054,12
urn:mavedb:00000096-b-1#9081,,,p.Val55Asn,0.0853024622149769,0.6994678767305811,4
urn:mavedb:00000096-b-1#9082,,,p.Val55Cys,0.980048270757415,0.1609782719029389,4
urn:mavedb:00000096-b-1#9083,,,p.Val55Gln,-0.201835289762481,0.184155466137564,4
urn:mavedb:00000096-b-1#9084,,,p.Val55Glu,0.0221266161724793,0.114467670887089,4
urn:mavedb:00000096-b-1#9085,,,p.Val55Gly,0.107863223170137,0.1511600791605949,8
urn:mavedb:00000096-b-1#9086,,,p.Val55His,-0.176120843013413,0.22450858978557,4
urn:mavedb:00000096-b-1#9087,,,p.Val55Ile,0.5968644990181271,1.05224763715181,4
urn:mavedb:00000096-b-1#9088,,,p.Val55Leu,0.863252152441667,0.14494492861687,12
urn:mavedb:00000096-b-1#9089,,,p.Val55Lys,-0.1240897221216349,0.177771897300178,4
urn:mavedb:00000096-b-1#9090,,,p.Val55Met,1.10001275868672,0.0645269826740744,4
urn:mavedb:00000096-b-1#9091,,,p.Val55Phe,0.4696145088785439,0.938416354180276,4
urn:mavedb:00000096-b-1#9092,,,p.Val55Pro,0.18764021092537,0.477204734153519,8
urn:mavedb:00000096-b-1#9093,,,p.Val55Ser,-0.1228319594785749,0.340604009168301,12
urn:mavedb:00000096-b-1#9094,,,p.Val55Ter,0.0755773907737003,0.2028530306251939,4
urn:mavedb:00000096-b-1#9095,,,p.Val55Thr,0.6955318792659311,0.150944540077104,8
urn:mavedb:00000096-b-1#9096,,,p.Val55Trp,0.191119053064248,0.091886319742618,4
urn:mavedb:00000096-b-1#9097,,,p.Val55Tyr,0.1199358472727449,0.173957922683922,4
urn:mavedb:00000096-b-1#9098,,,p.Val62=,1.24698443686779,0.302755708455383,8
urn:mavedb:00000096-b-1#9099,,,p.Val62Ala,0.580884280898231,0.300503288619357,4
urn:mavedb:00000096-b-1#9100,,,p.Val62Arg,0.315976677137351,0.441543688531652,12
urn:mavedb:00000096-b-1#9101,,,p.Val62Asn,0.303472347920038,0.860473472129136,4
urn:mavedb:00000096-b-1#9102,,,p.Val62Cys,1.04953073277549,0.0781565540876556,4
urn:mavedb:00000096-b-1#9103,,,p.Val62Gln,0.0810925622310239,0.381971864677335,4
urn:mavedb:00000096-b-1#9104,,,p.Val62Glu,0.4732422705374671,0.474883284890752,4
urn:mavedb:00000096-b-1#9105,,,p.Val62Gly,0.418252525503437,0.6247255287496569,8
urn:mavedb:00000096-b-1#9106,,,p.Val62His,0.970299228193869,0.126405938075015,4
urn:mavedb:00000096-b-1#9107,,,p.Val62Ile,0.767053461396317,0.91800463922936,4
urn:mavedb:00000096-b-1#9108,,,p.Val62Leu,0.676285406513509,0.4088249865123679,12
urn:mavedb:00000096-b-1#9109,,,p.Val62Lys,-0.103141355995511,0.2000134358690139,4
urn:mavedb:00000096-b-1#9110,,,p.Val62Met,0.495070977357841,0.4426425334498689,4
urn:mavedb:00000096-b-1#9111,,,p.Val62Phe,0.8055024228612259,0.321353998137168,4
urn:mavedb:00000096-b-1#9112,,,p.Val62Pro,0.291592305484972,0.698010848707803,4
urn:mavedb:00000096-b-1#9113,,,p.Val62Ser,0.255256429030332,0.30732850550185,12
urn:mavedb:00000096-b-1#9114,,,p.Val62Ter,0.254103671166731,0.4559039771402249,4
urn:mavedb:00000096-b-1#9115,,,p.Val62Thr,0.201375729064156,0.147868509252503,4
urn:mavedb:00000096-b-1#9116,,,p.Val62Trp,0.762713596218025,0.1633101288136869,4
urn:mavedb:00000096-b-1#9117,,,p.Val62Tyr,0.655942954462381,0.0845381078212546,4
urn:mavedb:00000096-b-1#9118,,,p.Val71=,0.938738048676198,0.141933424698825,4
urn:mavedb:00000096-b-1#9119,,,p.Val71Ala,0.994632142911522,0.525821830957662,8
urn:mavedb:00000096-b-1#9120,,,p.Val71Arg,0.873877810179134,0.291025818057354,12
urn:mavedb:00000096-b-1#9121,,,p.Val71Asn,1.20151182271277,0.5197772146874651,4
urn:mavedb:00000096-b-1#9122,,,p.Val71Asp,0.151337180219971,1.01576935959921,4
urn:mavedb:00000096-b-1#9123,,,p.Val71Cys,1.09088092088529,0.0938471793116224,4
urn:mavedb:00000096-b-1#9124,,,p.Val71Gln,1.54675227134909,0.251080665036145,4
urn:mavedb:00000096-b-1#9125,,,p.Val71Glu,0.956969537216253,0.480073667476723,4
urn:mavedb:00000096-b-1#9126,,,p.Val71Gly,0.852098715988486,0.087038076995211,8
urn:mavedb:00000096-b-1#9127,,,p.Val71His,0.3999389002176229,0.1324439442240479,4
urn:mavedb:00000096-b-1#9128,,,p.Val71Ile,0.748050772934148,0.269931151359786,4
urn:mavedb:00000096-b-1#9129,,,p.Val71Leu,0.7460460498354471,0.202841327688945,12
urn:mavedb:00000096-b-1#9130,,,p.Val71Lys,0.594648871574928,0.423258569134026,4
urn:mavedb:00000096-b-1#9131,,,p.Val71Met,1.15311238464777,0.0718093186974624,4
urn:mavedb:00000096-b-1#9132,,,p.Val71Phe,0.6585431219161539,0.386708424610606,4
urn:mavedb:00000096-b-1#9133,,,p.Val71Pro,0.49505095551415,0.364646594589446,8
urn:mavedb:00000096-b-1#9134,,,p.Val71Ser,0.775068792675924,0.2600930795221789,12
urn:mavedb:00000096-b-1#9135,,,p.Val71Ter,-0.214923043044624,0.1793011709617619,4
urn:mavedb:00000096-b-1#9136,,,p.Val71Thr,0.854536536792223,0.330639224556004,8
urn:mavedb:00000096-b-1#9137,,,p.Val71Trp,0.3645433633308699,0.7635344506620391,4
urn:mavedb:00000096-b-1#9138,,,p.Val71Tyr,0.436273289884323,0.1773100041305489,4
urn:mavedb:00000096-b-1#9139,,,p.Val86=,1.07202351583931,0.137331871145006,8
urn:mavedb:00000096-b-1#9140,,,p.Val86Ala,0.799137309495056,0.144284523602825,8
urn:mavedb:00000096-b-1#9141,,,p.Val86Arg,0.329237052533227,0.273154610574831,12
urn:mavedb:00000096-b-1#9142,,,p.Val86Asn,0.8015207469063671,0.159267590321619,4
urn:mavedb:00000096-b-1#9143,,,p.Val86Asp,0.471938562437435,0.79413555753775,4
urn:mavedb:00000096-b-1#9144,,,p.Val86Cys,0.8469941674033541,0.0518205089922777,4
urn:mavedb:00000096-b-1#9145,,,p.Val86Gln,0.682786915103739,0.922303592254428,4
urn:mavedb:00000096-b-1#9146,,,p.Val86Glu,0.644188822905844,0.146403033948708,4
urn:mavedb:00000096-b-1#9147,,,p.Val86Gly,0.695658445072546,0.207243406191745,8
urn:mavedb:00000096-b-1#9148,,,p.Val86His,-0.0885292051052529,0.3870919206281029,4
urn:mavedb:00000096-b-1#9149,,,p.Val86Ile,0.578372067750781,0.3576888305300479,4
urn:mavedb:00000096-b-1#9150,,,p.Val86Leu,0.8698337629581009,0.155878957323155,12
urn:mavedb:00000096-b-1#9151,,,p.Val86Lys,0.662298842790327,0.4527733410307179,4
urn:mavedb:00000096-b-1#9152,,,p.Val86Met,0.7193894169857299,0.4130865381151229,4
urn:mavedb:00000096-b-1#9153,,,p.Val86Phe,0.7064873517910799,0.135278049714579,4
urn:mavedb:00000096-b-1#9154,,,p.Val86Pro,0.5446526199949591,0.339819221982609,8
urn:mavedb:00000096-b-1#9155,,,p.Val86Ser,0.8386532936434251,0.4448051360569939,12
urn:mavedb:00000096-b-1#9156,,,p.Val86Ter,-0.111904438639078,0.124314926219388,4
urn:mavedb:00000096-b-1#9157,,,p.Val86Thr,0.7810445508425771,0.246512344513453,8
urn:mavedb:00000096-b-1#9158,,,p.Val86Trp,0.4782607082169989,0.136247819635576,4
urn:mavedb:00000096-b-1#9159,,,p.Val86Tyr,0.7395111207186991,0.0690351711317421,4
urn:mavedb:00000096-b-1#9160,,,p.Val89=,0.963765022552518,0.2215900631257289,8
urn:mavedb:00000096-b-1#9161,,,p.Val89Ala,0.8237261085468071,0.164578578223837,8
urn:mavedb:00000096-b-1#9162,,,p.Val89Arg,0.224214632003222,0.369926750371846,12
urn:mavedb:00000096-b-1#9163,,,p.Val89Asn,0.7538576908427851,0.240355616207119,4
urn:mavedb:00000096-b-1#9164,,,p.Val89Asp,0.314973937667501,0.8561910854360841,4
urn:mavedb:00000096-b-1#9165,,,p.Val89Cys,0.633708705971852,0.0614335419745462,4
urn:mavedb:00000096-b-1#9166,,,p.Val89Gln,0.4150897678600789,0.552249983582773,4
urn:mavedb:00000096-b-1#9167,,,p.Val89Glu,0.177272540972972,0.327116179873393,4
urn:mavedb:00000096-b-1#9168,,,p.Val89Gly,0.4308819112131789,0.114903288428815,8
urn:mavedb:00000096-b-1#9169,,,p.Val89His,0.689431787971434,0.846394481675193,4
urn:mavedb:00000096-b-1#9170,,,p.Val89Ile,1.11530561605452,0.140801697737487,4
urn:mavedb:00000096-b-1#9171,,,p.Val89Leu,0.8021778937610731,0.164375935436951,12
urn:mavedb:00000096-b-1#9172,,,p.Val89Lys,0.381219638918468,0.357424590370439,4
urn:mavedb:00000096-b-1#9173,,,p.Val89Met,0.6689830717867961,0.5160153655953029,4
urn:mavedb:00000096-b-1#9174,,,p.Val89Phe,0.7728259172272449,0.1171137631777009,4
urn:mavedb:00000096-b-1#9175,,,p.Val89Pro,0.217097205419396,0.350055508584169,8
urn:mavedb:00000096-b-1#9176,,,p.Val89Ser,0.6204377945841489,0.194296412582853,12
urn:mavedb:00000096-b-1#9177,,,p.Val89Ter,0.1750883449321069,0.093524156460835,4
urn:mavedb:00000096-b-1#9178,,,p.Val89Thr,0.807243704208937,0.1275429620112519,8
urn:mavedb:00000096-b-1#9179,,,p.Val89Trp,0.486890782399513,0.111175963376953,4
urn:mavedb:00000096-b-1#9180,,,p.Val89Tyr,0.5301401263990321,0.1457669679283089,4
urn:mavedb:00000096-b-1#9181,,,p.Val91=,1.00787699057281,0.161198701625705,8
urn:mavedb:00000096-b-1#9182,,,p.Val91Ala,0.919386291260325,0.119656930117863,8
urn:mavedb:00000096-b-1#9183,,,p.Val91Arg,0.5205317648758679,0.256492876048962,12
urn:mavedb:00000096-b-1#9184,,,p.Val91Asn,0.6976656800071309,0.618145399119591,4
urn:mavedb:00000096-b-1#9185,,,p.Val91Asp,0.542707951397959,0.1917533252171389,4
urn:mavedb:00000096-b-1#9186,,,p.Val91Cys,1.19093596793845,0.0856726468513237,4
urn:mavedb:00000096-b-1#9187,,,p.Val91Gln,0.7458980929019581,0.0705971712812305,4
urn:mavedb:00000096-b-1#9188,,,p.Val91Glu,0.7430009481522509,0.0680358206519782,4
urn:mavedb:00000096-b-1#9189,,,p.Val91Gly,0.780188578994191,0.21161872200104,8
urn:mavedb:00000096-b-1#9190,,,p.Val91His,0.79183784401959,0.4363138954938069,4
urn:mavedb:00000096-b-1#9191,,,p.Val91Ile,0.981098528418403,0.0794726357654979,4
urn:mavedb:00000096-b-1#9192,,,p.Val91Leu,0.9954707663759308,0.0956653814634114,12
urn:mavedb:00000096-b-1#9193,,,p.Val91Lys,0.5181868366371389,0.372888927896924,4
urn:mavedb:00000096-b-1#9194,,,p.Val91Met,0.976518417587525,0.0868277403060871,4
urn:mavedb:00000096-b-1#9195,,,p.Val91Phe,0.962833231793168,0.148895545797134,4
urn:mavedb:00000096-b-1#9196,,,p.Val91Pro,0.455537071007394,0.365564215621394,8
urn:mavedb:00000096-b-1#9197,,,p.Val91Ser,0.998844923294708,0.129331525299208,12
urn:mavedb:00000096-b-1#9198,,,p.Val91Ter,-0.258970800461109,0.111723075063416,4
urn:mavedb:00000096-b-1#9199,,,p.Val91Thr,0.969246734717741,0.230108467583381,8
urn:mavedb:00000096-b-1#9200,,,p.Val91Trp,0.517430010571355,0.1164548943396709,4
urn:mavedb:00000096-b-1#9201,,,p.Val91Tyr,0.626107555974141,0.1264675442693359,4
